ISO-10303-21;
HEADER;
/* Generated by software containing ST-Developer
 * from STEP Tools, Inc. (www.steptools.com) 
 */

FILE_DESCRIPTION(
/* description */ (''),
/* implementation_level */ '2;1');

FILE_NAME(
/* name */ 'Assembly.step',
/* time_stamp */ '2026-02-06T22:39:19+05:30',
/* author */ (''),
/* organization */ (''),
/* preprocessor_version */ 'ST-DEVELOPER v20.1',
/* originating_system */ 'Autodesk Translation Framework v14.24.0.0',
/* authorisation */ '');

FILE_SCHEMA (('AUTOMOTIVE_DESIGN { 1 0 10303 214 3 1 1 }'));
ENDSEC;

DATA;
#10=MECHANICAL_DESIGN_GEOMETRIC_PRESENTATION_REPRESENTATION('',(#7551,#7552,
#7553,#7554,#7555,#7556,#7557,#7558,#7559,#7560,#7561,#7562,#7563,#7564,
#7565,#7566,#7567,#7568,#7569,#7570,#7571,#7572,#7573,#7574,#7575,#7576,
#7577,#7578,#7579,#7580,#7581,#7582,#7583,#7584,#7585,#7586,#7587,#7588,
#7589,#7590,#7591,#7592,#7593,#7594,#7595,#7596,#7597,#7598,#7599,#7600,
#7601,#7602,#7603,#7604,#7605,#7606,#7607,#7608,#7609,#7610,#7611,#7612,
#7613,#7614,#7615,#7616,#7617,#7618,#7619,#7620,#7621,#7622,#7623,#7624,
#7625,#7626,#7627,#7628,#7629,#7630,#7631,#7632,#7633,#7634,#7635,#7636,
#7637,#7638,#7639,#7640,#7641,#7642,#7643,#7644,#7645,#7646,#7647,#7648,
#7649,#7650,#7651,#7652,#7653,#7654,#7655,#7656,#7657,#7658,#7659,#7660,
#7661,#7662,#7663,#7664,#7665,#7666,#7667,#7668,#7669,#7670,#7671,#7672,
#7673,#7674,#7675,#7676,#7677,#7678,#7679,#7680,#7681,#7682,#7683,#7684,
#7685,#7686,#7687,#7688,#7689,#7690,#7691,#7692,#7693,#7694,#7695,#7696,
#7697,#7698,#7699,#7700,#7701,#7702,#7703,#7704,#7705,#7706,#7707,#7708,
#7709,#7710,#7711,#7712,#7713,#7714,#7715,#7716,#7717,#7718,#7719,#7720,
#7721,#7722,#7723,#7724,#7725,#7726,#7727,#7728,#7729,#7730,#7731,#7732,
#7733,#7734,#7735,#7736,#7737,#7738,#7739,#7740,#7741,#7742,#7743,#7744,
#7745,#7746,#7747,#7748,#7749,#7750,#7751,#7752,#7753,#7754,#7755,#7756,
#7757,#7758,#7759,#7760,#7761,#7762,#7763,#7764,#7765,#7766,#7767,#7768,
#7769,#7770,#7771,#7772,#7773,#7774,#7775,#7776,#7777,#7778,#7779,#7780,
#7781,#7782,#7783,#7784,#7785,#7786,#7787,#7788,#7789,#7790,#7791,#7792,
#7793,#7794,#7795,#7796,#7797,#7798,#7799,#7800,#7801,#7802,#7803,#7804,
#7805,#7806,#7807,#7808,#7809,#7810,#7811,#7812,#7813,#7814,#7815,#7816,
#7817,#7818,#7819,#7820,#7821,#7822,#7823,#7824,#7825,#7826,#7827,#7828,
#7829,#7830,#7831,#7832,#7833,#7834,#7835,#7836,#7837,#7838,#7839,#7840,
#7841,#7842,#7843,#7844,#7845,#7846,#7847,#7848,#7849,#7850,#7851,#7852,
#7853,#7854,#7855,#7856,#7857,#7858,#7859,#7860,#7861,#7862,#7863,#7864,
#7865,#7866,#7867,#7868,#7869),#13912);
#11=ITEM_DEFINED_TRANSFORMATION($,$,#8479,#8974);
#12=ITEM_DEFINED_TRANSFORMATION($,$,#8529,#8975);
#13=ITEM_DEFINED_TRANSFORMATION($,$,#8575,#8976);
#14=ITEM_DEFINED_TRANSFORMATION($,$,#8878,#8977);
#15=ITEM_DEFINED_TRANSFORMATION($,$,#8605,#8978);
#16=ITEM_DEFINED_TRANSFORMATION($,$,#8943,#8979);
#17=ITEM_DEFINED_TRANSFORMATION($,$,#8864,#8980);
#18=ITEM_DEFINED_TRANSFORMATION($,$,#8878,#8981);
#19=ITEM_DEFINED_TRANSFORMATION($,$,#8878,#8982);
#20=ITEM_DEFINED_TRANSFORMATION($,$,#8878,#8983);
#21=ITEM_DEFINED_TRANSFORMATION($,$,#8943,#8984);
#22=ITEM_DEFINED_TRANSFORMATION($,$,#8478,#9017);
#23=ITEM_DEFINED_TRANSFORMATION($,$,#8985,#9018);
#24=ITEM_DEFINED_TRANSFORMATION($,$,#9178,#9179);
#25=ITEM_DEFINED_TRANSFORMATION($,$,#9021,#9180);
#26=ITEM_DEFINED_TRANSFORMATION($,$,#9177,#9181);
#27=ITEM_DEFINED_TRANSFORMATION($,$,#9178,#9182);
#28=ITEM_DEFINED_TRANSFORMATION($,$,#9178,#9183);
#29=ITEM_DEFINED_TRANSFORMATION($,$,#9178,#9184);
#30=ITEM_DEFINED_TRANSFORMATION($,$,#9178,#9185);
#31=ITEM_DEFINED_TRANSFORMATION($,$,#9178,#9186);
#32=ITEM_DEFINED_TRANSFORMATION($,$,#9178,#9187);
#33=ITEM_DEFINED_TRANSFORMATION($,$,#9178,#9188);
#34=ITEM_DEFINED_TRANSFORMATION($,$,#9178,#9189);
#35=ITEM_DEFINED_TRANSFORMATION($,$,#9020,#9210);
#36=ITEM_DEFINED_TRANSFORMATION($,$,#8477,#9237);
#37=ITEM_DEFINED_TRANSFORMATION($,$,#9019,#9238);
#38=ITEM_DEFINED_TRANSFORMATION($,$,#9211,#9239);
#39=ITEM_DEFINED_TRANSFORMATION($,$,#9220,#9240);
#40=(
REPRESENTATION_RELATIONSHIP($,$,#13984,#13983)
REPRESENTATION_RELATIONSHIP_WITH_TRANSFORMATION(#11)
SHAPE_REPRESENTATION_RELATIONSHIP()
);
#41=(
REPRESENTATION_RELATIONSHIP($,$,#13985,#13983)
REPRESENTATION_RELATIONSHIP_WITH_TRANSFORMATION(#12)
SHAPE_REPRESENTATION_RELATIONSHIP()
);
#42=(
REPRESENTATION_RELATIONSHIP($,$,#13986,#13983)
REPRESENTATION_RELATIONSHIP_WITH_TRANSFORMATION(#13)
SHAPE_REPRESENTATION_RELATIONSHIP()
);
#43=(
REPRESENTATION_RELATIONSHIP($,$,#13989,#13983)
REPRESENTATION_RELATIONSHIP_WITH_TRANSFORMATION(#14)
SHAPE_REPRESENTATION_RELATIONSHIP()
);
#44=(
REPRESENTATION_RELATIONSHIP($,$,#13987,#13983)
REPRESENTATION_RELATIONSHIP_WITH_TRANSFORMATION(#15)
SHAPE_REPRESENTATION_RELATIONSHIP()
);
#45=(
REPRESENTATION_RELATIONSHIP($,$,#13990,#13983)
REPRESENTATION_RELATIONSHIP_WITH_TRANSFORMATION(#16)
SHAPE_REPRESENTATION_RELATIONSHIP()
);
#46=(
REPRESENTATION_RELATIONSHIP($,$,#13988,#13983)
REPRESENTATION_RELATIONSHIP_WITH_TRANSFORMATION(#17)
SHAPE_REPRESENTATION_RELATIONSHIP()
);
#47=(
REPRESENTATION_RELATIONSHIP($,$,#13989,#13983)
REPRESENTATION_RELATIONSHIP_WITH_TRANSFORMATION(#18)
SHAPE_REPRESENTATION_RELATIONSHIP()
);
#48=(
REPRESENTATION_RELATIONSHIP($,$,#13989,#13983)
REPRESENTATION_RELATIONSHIP_WITH_TRANSFORMATION(#19)
SHAPE_REPRESENTATION_RELATIONSHIP()
);
#49=(
REPRESENTATION_RELATIONSHIP($,$,#13989,#13983)
REPRESENTATION_RELATIONSHIP_WITH_TRANSFORMATION(#20)
SHAPE_REPRESENTATION_RELATIONSHIP()
);
#50=(
REPRESENTATION_RELATIONSHIP($,$,#13990,#13983)
REPRESENTATION_RELATIONSHIP_WITH_TRANSFORMATION(#21)
SHAPE_REPRESENTATION_RELATIONSHIP()
);
#51=(
REPRESENTATION_RELATIONSHIP($,$,#13983,#13982)
REPRESENTATION_RELATIONSHIP_WITH_TRANSFORMATION(#22)
SHAPE_REPRESENTATION_RELATIONSHIP()
);
#52=(
REPRESENTATION_RELATIONSHIP($,$,#13991,#13982)
REPRESENTATION_RELATIONSHIP_WITH_TRANSFORMATION(#23)
SHAPE_REPRESENTATION_RELATIONSHIP()
);
#53=(
REPRESENTATION_RELATIONSHIP($,$,#13996,#13993)
REPRESENTATION_RELATIONSHIP_WITH_TRANSFORMATION(#24)
SHAPE_REPRESENTATION_RELATIONSHIP()
);
#54=(
REPRESENTATION_RELATIONSHIP($,$,#13994,#13993)
REPRESENTATION_RELATIONSHIP_WITH_TRANSFORMATION(#25)
SHAPE_REPRESENTATION_RELATIONSHIP()
);
#55=(
REPRESENTATION_RELATIONSHIP($,$,#13995,#13993)
REPRESENTATION_RELATIONSHIP_WITH_TRANSFORMATION(#26)
SHAPE_REPRESENTATION_RELATIONSHIP()
);
#56=(
REPRESENTATION_RELATIONSHIP($,$,#13996,#13993)
REPRESENTATION_RELATIONSHIP_WITH_TRANSFORMATION(#27)
SHAPE_REPRESENTATION_RELATIONSHIP()
);
#57=(
REPRESENTATION_RELATIONSHIP($,$,#13996,#13993)
REPRESENTATION_RELATIONSHIP_WITH_TRANSFORMATION(#28)
SHAPE_REPRESENTATION_RELATIONSHIP()
);
#58=(
REPRESENTATION_RELATIONSHIP($,$,#13996,#13993)
REPRESENTATION_RELATIONSHIP_WITH_TRANSFORMATION(#29)
SHAPE_REPRESENTATION_RELATIONSHIP()
);
#59=(
REPRESENTATION_RELATIONSHIP($,$,#13996,#13993)
REPRESENTATION_RELATIONSHIP_WITH_TRANSFORMATION(#30)
SHAPE_REPRESENTATION_RELATIONSHIP()
);
#60=(
REPRESENTATION_RELATIONSHIP($,$,#13996,#13993)
REPRESENTATION_RELATIONSHIP_WITH_TRANSFORMATION(#31)
SHAPE_REPRESENTATION_RELATIONSHIP()
);
#61=(
REPRESENTATION_RELATIONSHIP($,$,#13996,#13993)
REPRESENTATION_RELATIONSHIP_WITH_TRANSFORMATION(#32)
SHAPE_REPRESENTATION_RELATIONSHIP()
);
#62=(
REPRESENTATION_RELATIONSHIP($,$,#13996,#13993)
REPRESENTATION_RELATIONSHIP_WITH_TRANSFORMATION(#33)
SHAPE_REPRESENTATION_RELATIONSHIP()
);
#63=(
REPRESENTATION_RELATIONSHIP($,$,#13996,#13993)
REPRESENTATION_RELATIONSHIP_WITH_TRANSFORMATION(#34)
SHAPE_REPRESENTATION_RELATIONSHIP()
);
#64=(
REPRESENTATION_RELATIONSHIP($,$,#13993,#13992)
REPRESENTATION_RELATIONSHIP_WITH_TRANSFORMATION(#35)
SHAPE_REPRESENTATION_RELATIONSHIP()
);
#65=(
REPRESENTATION_RELATIONSHIP($,$,#13982,#13981)
REPRESENTATION_RELATIONSHIP_WITH_TRANSFORMATION(#36)
SHAPE_REPRESENTATION_RELATIONSHIP()
);
#66=(
REPRESENTATION_RELATIONSHIP($,$,#13992,#13981)
REPRESENTATION_RELATIONSHIP_WITH_TRANSFORMATION(#37)
SHAPE_REPRESENTATION_RELATIONSHIP()
);
#67=(
REPRESENTATION_RELATIONSHIP($,$,#13997,#13981)
REPRESENTATION_RELATIONSHIP_WITH_TRANSFORMATION(#38)
SHAPE_REPRESENTATION_RELATIONSHIP()
);
#68=(
REPRESENTATION_RELATIONSHIP($,$,#13998,#13981)
REPRESENTATION_RELATIONSHIP_WITH_TRANSFORMATION(#39)
SHAPE_REPRESENTATION_RELATIONSHIP()
);
#69=CONTEXT_DEPENDENT_SHAPE_REPRESENTATION(#40,#13944);
#70=CONTEXT_DEPENDENT_SHAPE_REPRESENTATION(#41,#13945);
#71=CONTEXT_DEPENDENT_SHAPE_REPRESENTATION(#42,#13946);
#72=CONTEXT_DEPENDENT_SHAPE_REPRESENTATION(#43,#13947);
#73=CONTEXT_DEPENDENT_SHAPE_REPRESENTATION(#44,#13948);
#74=CONTEXT_DEPENDENT_SHAPE_REPRESENTATION(#45,#13949);
#75=CONTEXT_DEPENDENT_SHAPE_REPRESENTATION(#46,#13950);
#76=CONTEXT_DEPENDENT_SHAPE_REPRESENTATION(#47,#13951);
#77=CONTEXT_DEPENDENT_SHAPE_REPRESENTATION(#48,#13952);
#78=CONTEXT_DEPENDENT_SHAPE_REPRESENTATION(#49,#13953);
#79=CONTEXT_DEPENDENT_SHAPE_REPRESENTATION(#50,#13954);
#80=CONTEXT_DEPENDENT_SHAPE_REPRESENTATION(#51,#13956);
#81=CONTEXT_DEPENDENT_SHAPE_REPRESENTATION(#52,#13957);
#82=CONTEXT_DEPENDENT_SHAPE_REPRESENTATION(#53,#13963);
#83=CONTEXT_DEPENDENT_SHAPE_REPRESENTATION(#54,#13964);
#84=CONTEXT_DEPENDENT_SHAPE_REPRESENTATION(#55,#13965);
#85=CONTEXT_DEPENDENT_SHAPE_REPRESENTATION(#56,#13966);
#86=CONTEXT_DEPENDENT_SHAPE_REPRESENTATION(#57,#13967);
#87=CONTEXT_DEPENDENT_SHAPE_REPRESENTATION(#58,#13968);
#88=CONTEXT_DEPENDENT_SHAPE_REPRESENTATION(#59,#13969);
#89=CONTEXT_DEPENDENT_SHAPE_REPRESENTATION(#60,#13970);
#90=CONTEXT_DEPENDENT_SHAPE_REPRESENTATION(#61,#13971);
#91=CONTEXT_DEPENDENT_SHAPE_REPRESENTATION(#62,#13972);
#92=CONTEXT_DEPENDENT_SHAPE_REPRESENTATION(#63,#13973);
#93=CONTEXT_DEPENDENT_SHAPE_REPRESENTATION(#64,#13974);
#94=CONTEXT_DEPENDENT_SHAPE_REPRESENTATION(#65,#13977);
#95=CONTEXT_DEPENDENT_SHAPE_REPRESENTATION(#66,#13978);
#96=CONTEXT_DEPENDENT_SHAPE_REPRESENTATION(#67,#13979);
#97=CONTEXT_DEPENDENT_SHAPE_REPRESENTATION(#68,#13980);
#98=NEXT_ASSEMBLY_USAGE_OCCURRENCE('Middle part:1','Middle part:1',
'Middle part:1',#14002,#14003,'Middle part:1');
#99=NEXT_ASSEMBLY_USAGE_OCCURRENCE('Bottom plate:1','Bottom plate:1',
'Bottom plate:1',#14002,#14004,'Bottom plate:1');
#100=NEXT_ASSEMBLY_USAGE_OCCURRENCE('Top plate:1','Top plate:1',
'Top plate:1',#14002,#14005,'Top plate:1');
#101=NEXT_ASSEMBLY_USAGE_OCCURRENCE('Philips M3X30:1','Philips M3X30:1',
'Philips M3X30:1',#14002,#14008,'Philips M3X30:1');
#102=NEXT_ASSEMBLY_USAGE_OCCURRENCE('JST-S6B-PH-K-S:1',
'JST-S6B-PH-K-S:1','JST-S6B-PH-K-S:1',#14002,#14006,'JST-S6B-PH-K-S:1');
#103=NEXT_ASSEMBLY_USAGE_OCCURRENCE('Bearing:1','Bearing:1','Bearing:1',
#14002,#14009,'Bearing:1');
#104=NEXT_ASSEMBLY_USAGE_OCCURRENCE('Stepper shaft:1','Stepper shaft:1',
'Stepper shaft:1',#14002,#14007,'Stepper shaft:1');
#105=NEXT_ASSEMBLY_USAGE_OCCURRENCE('Philips M3X30:2','Philips M3X30:2',
'Philips M3X30:2',#14002,#14008,'Philips M3X30:2');
#106=NEXT_ASSEMBLY_USAGE_OCCURRENCE('Philips M3X30:3','Philips M3X30:3',
'Philips M3X30:3',#14002,#14008,'Philips M3X30:3');
#107=NEXT_ASSEMBLY_USAGE_OCCURRENCE('Philips M3X30:4','Philips M3X30:4',
'Philips M3X30:4',#14002,#14008,'Philips M3X30:4');
#108=NEXT_ASSEMBLY_USAGE_OCCURRENCE('Bearing:2','Bearing:2','Bearing:2',
#14002,#14009,'Bearing:2');
#109=NEXT_ASSEMBLY_USAGE_OCCURRENCE('NEMA v6:1','NEMA v6:1','NEMA v6:1',
#14001,#14002,'NEMA v6:1');
#110=NEXT_ASSEMBLY_USAGE_OCCURRENCE('Base/MotorMount v12:1',
'Base/MotorMount v12:1','Base/MotorMount v12:1',#14001,#14010,
'Base/MotorMount v12:1');
#111=NEXT_ASSEMBLY_USAGE_OCCURRENCE('SKF_6002_ball1:1',
'SKF_6002_ball1:1','SKF_6002_ball1:1',#14012,#14015,'SKF_6002_ball1:1');
#112=NEXT_ASSEMBLY_USAGE_OCCURRENCE('SKF_6002_or:1','SKF_6002_or:1',
'SKF_6002_or:1',#14012,#14013,'SKF_6002_or:1');
#113=NEXT_ASSEMBLY_USAGE_OCCURRENCE('SKF_6002_ir:1','SKF_6002_ir:1',
'SKF_6002_ir:1',#14012,#14014,'SKF_6002_ir:1');
#114=NEXT_ASSEMBLY_USAGE_OCCURRENCE('SKF_6002_ball1:2',
'SKF_6002_ball1:2','SKF_6002_ball1:2',#14012,#14015,'SKF_6002_ball1:2');
#115=NEXT_ASSEMBLY_USAGE_OCCURRENCE('SKF_6002_ball1:3',
'SKF_6002_ball1:3','SKF_6002_ball1:3',#14012,#14015,'SKF_6002_ball1:3');
#116=NEXT_ASSEMBLY_USAGE_OCCURRENCE('SKF_6002_ball1:4',
'SKF_6002_ball1:4','SKF_6002_ball1:4',#14012,#14015,'SKF_6002_ball1:4');
#117=NEXT_ASSEMBLY_USAGE_OCCURRENCE('SKF_6002_ball1:5',
'SKF_6002_ball1:5','SKF_6002_ball1:5',#14012,#14015,'SKF_6002_ball1:5');
#118=NEXT_ASSEMBLY_USAGE_OCCURRENCE('SKF_6002_ball1:6',
'SKF_6002_ball1:6','SKF_6002_ball1:6',#14012,#14015,'SKF_6002_ball1:6');
#119=NEXT_ASSEMBLY_USAGE_OCCURRENCE('SKF_6002_ball1:7',
'SKF_6002_ball1:7','SKF_6002_ball1:7',#14012,#14015,'SKF_6002_ball1:7');
#120=NEXT_ASSEMBLY_USAGE_OCCURRENCE('SKF_6002_ball1:8',
'SKF_6002_ball1:8','SKF_6002_ball1:8',#14012,#14015,'SKF_6002_ball1:8');
#121=NEXT_ASSEMBLY_USAGE_OCCURRENCE('SKF_6002_ball1:9',
'SKF_6002_ball1:9','SKF_6002_ball1:9',#14012,#14015,'SKF_6002_ball1:9');
#122=NEXT_ASSEMBLY_USAGE_OCCURRENCE('SKF_6002 v4:1','SKF_6002 v4:1',
'SKF_6002 v4:1',#14011,#14012,'SKF_6002 v4:1');
#123=NEXT_ASSEMBLY_USAGE_OCCURRENCE('base_link v4:1','base_link v4:1',
'base_link v4:1',#14000,#14001,'base_link v4:1');
#124=NEXT_ASSEMBLY_USAGE_OCCURRENCE('BarLink v9:1','BarLink v9:1',
'BarLink v9:1',#14000,#14011,'BarLink v9:1');
#125=NEXT_ASSEMBLY_USAGE_OCCURRENCE('JointRod v4:1','JointRod v4:1',
'JointRod v4:1',#14000,#14016,'JointRod v4:1');
#126=NEXT_ASSEMBLY_USAGE_OCCURRENCE('PendulumRod v6:1',
'PendulumRod v6:1','PendulumRod v6:1',#14000,#14017,'PendulumRod v6:1');
#127=TOROIDAL_SURFACE('',#8908,0.00144674999999992,9.9999999999923E-5);
#128=TOROIDAL_SURFACE('',#8944,0.00420710678118655,0.00025);
#129=TOROIDAL_SURFACE('',#8954,0.00420710678118655,0.00025);
#130=TOROIDAL_SURFACE('',#8957,0.0035,0.0005);
#131=TOROIDAL_SURFACE('',#8960,0.00279289321881345,0.00025);
#132=TOROIDAL_SURFACE('',#8969,0.00279289321881345,0.00025);
#133=TOROIDAL_SURFACE('',#8972,0.0035,0.0005);
#134=TOROIDAL_SURFACE('',#9059,0.01175,0.002381);
#135=TOROIDAL_SURFACE('',#9064,0.01175,0.002381);
#136=TOROIDAL_SURFACE('',#9070,0.01175,0.002381);
#137=TOROIDAL_SURFACE('',#9074,0.01175,0.002381);
#138=TOROIDAL_SURFACE('',#9078,0.01175,0.002381);
#139=TOROIDAL_SURFACE('',#9082,0.01175,0.002381);
#140=TOROIDAL_SURFACE('',#9086,0.01175,0.002381);
#141=TOROIDAL_SURFACE('',#9090,0.01175,0.002381);
#142=TOROIDAL_SURFACE('',#9097,0.0078,0.000300000000000002);
#143=TOROIDAL_SURFACE('',#9102,0.0078,0.000300000000000002);
#144=TOROIDAL_SURFACE('',#9107,0.01015,0.000100000000000003);
#145=TOROIDAL_SURFACE('',#9112,0.01175,0.002381);
#146=TOROIDAL_SURFACE('',#9116,0.01015,0.000100000000000001);
#147=TOROIDAL_SURFACE('',#9121,0.0157,0.000299999999999998);
#148=TOROIDAL_SURFACE('',#9126,0.01345,0.000100000000000003);
#149=TOROIDAL_SURFACE('',#9140,0.01175,0.002381);
#150=TOROIDAL_SURFACE('',#9155,0.01345,9.99999999999991E-5);
#151=TOROIDAL_SURFACE('',#9160,0.0157,0.000299999999999998);
#152=TOROIDAL_SURFACE('',#9162,0.01175,0.002381);
#153=TOROIDAL_SURFACE('',#9164,0.01175,0.002381);
#154=TOROIDAL_SURFACE('',#9167,0.01175,0.002381);
#155=TOROIDAL_SURFACE('',#9169,0.01175,0.002381);
#156=TOROIDAL_SURFACE('',#9171,0.01175,0.002381);
#157=TOROIDAL_SURFACE('',#9173,0.01175,0.002381);
#158=TOROIDAL_SURFACE('',#9175,0.01175,0.002381);
#159=TOROIDAL_SURFACE('',#9176,0.01175,0.002381);
#160=SPHERICAL_SURFACE('',#8879,0.00499999999999912);
#161=SPHERICAL_SURFACE('',#9022,0.002381);
#162=SPHERICAL_SURFACE('',#9026,0.002381);
#163=SPHERICAL_SURFACE('',#9030,0.002381);
#164=SPHERICAL_SURFACE('',#9034,0.002381);
#165=SPHERICAL_SURFACE('',#9038,0.002381);
#166=SPHERICAL_SURFACE('',#9042,0.002381);
#167=SPHERICAL_SURFACE('',#9046,0.002381);
#168=SPHERICAL_SURFACE('',#9051,0.002381);
#169=SPHERICAL_SURFACE('',#9055,0.002381);
#170=CONICAL_SURFACE('',#8876,0.0025,0.785398163397445);
#171=CONICAL_SURFACE('',#8877,0.0022,0.785398163397445);
#172=CONICAL_SURFACE('',#8904,0.0026568974640321,0.0872664625997225);
#173=CONICAL_SURFACE('',#8914,0.00134675,0.168660120237016);
#174=CONICAL_SURFACE('',#8919,0.0015,0.955316618123806);
#175=(
BOUNDED_CURVE()
B_SPLINE_CURVE(2,(#13105,#13106,#13107),.UNSPECIFIED.,.F.,.F.)
B_SPLINE_CURVE_WITH_KNOTS((3,3),(1.52446453106399,1.83661210658499),
 .UNSPECIFIED.)
CURVE()
GEOMETRIC_REPRESENTATION_ITEM()
RATIONAL_B_SPLINE_CURVE((4.48888888888887,4.68266655144667,4.80952380953768))
REPRESENTATION_ITEM('')
);
#176=(
BOUNDED_CURVE()
B_SPLINE_CURVE(2,(#13108,#13109,#13110),.UNSPECIFIED.,.F.,.F.)
B_SPLINE_CURVE_WITH_KNOTS((3,3),(3.02005341617854,3.33220099169953),
 .UNSPECIFIED.)
CURVE()
GEOMETRIC_REPRESENTATION_ITEM()
RATIONAL_B_SPLINE_CURVE((4.80952380953767,4.68266655144666,4.48888888888887))
REPRESENTATION_ITEM('')
);
#177=SHAPE_REPRESENTATION_RELATIONSHIP('SRR','None',#13984,#189);
#178=SHAPE_REPRESENTATION_RELATIONSHIP('SRR','None',#13985,#190);
#179=SHAPE_REPRESENTATION_RELATIONSHIP('SRR','None',#13986,#191);
#180=SHAPE_REPRESENTATION_RELATIONSHIP('SRR','None',#13987,#192);
#181=SHAPE_REPRESENTATION_RELATIONSHIP('SRR','None',#13988,#193);
#182=SHAPE_REPRESENTATION_RELATIONSHIP('SRR','None',#13989,#194);
#183=SHAPE_REPRESENTATION_RELATIONSHIP('SRR','None',#13990,#195);
#184=SHAPE_REPRESENTATION_RELATIONSHIP('SRR','None',#13991,#196);
#185=SHAPE_REPRESENTATION_RELATIONSHIP('SRR','None',#13994,#197);
#186=SHAPE_REPRESENTATION_RELATIONSHIP('SRR','None',#13992,#198);
#187=SHAPE_REPRESENTATION_RELATIONSHIP('SRR','None',#13997,#199);
#188=SHAPE_REPRESENTATION_RELATIONSHIP('SRR','None',#13998,#200);
#189=ADVANCED_BREP_SHAPE_REPRESENTATION('',(#201),#13897);
#190=ADVANCED_BREP_SHAPE_REPRESENTATION('',(#202),#13898);
#191=ADVANCED_BREP_SHAPE_REPRESENTATION('',(#203),#13899);
#192=ADVANCED_BREP_SHAPE_REPRESENTATION('',(#204),#13900);
#193=ADVANCED_BREP_SHAPE_REPRESENTATION('',(#205),#13901);
#194=ADVANCED_BREP_SHAPE_REPRESENTATION('',(#206),#13902);
#195=ADVANCED_BREP_SHAPE_REPRESENTATION('',(#207),#13903);
#196=ADVANCED_BREP_SHAPE_REPRESENTATION('',(#208),#13904);
#197=ADVANCED_BREP_SHAPE_REPRESENTATION('',(#209,#210,#211,#212,#213,#214,
#215,#216,#217,#218,#219),#13907);
#198=ADVANCED_BREP_SHAPE_REPRESENTATION('',(#220,#221),#13905);
#199=ADVANCED_BREP_SHAPE_REPRESENTATION('',(#222),#13910);
#200=ADVANCED_BREP_SHAPE_REPRESENTATION('',(#223,#224),#13911);
#201=MANIFOLD_SOLID_BREP('Body1',#8308);
#202=MANIFOLD_SOLID_BREP('Body1',#8309);
#203=MANIFOLD_SOLID_BREP('Body1',#8310);
#204=MANIFOLD_SOLID_BREP('Body1',#8311);
#205=MANIFOLD_SOLID_BREP('Body1',#8312);
#206=MANIFOLD_SOLID_BREP('Body1',#8313);
#207=MANIFOLD_SOLID_BREP('Body1',#8314);
#208=MANIFOLD_SOLID_BREP('Base',#8315);
#209=MANIFOLD_SOLID_BREP('Body1',#8316);
#210=MANIFOLD_SOLID_BREP('Body1',#8317);
#211=MANIFOLD_SOLID_BREP('Body1',#8318);
#212=MANIFOLD_SOLID_BREP('Body1',#8319);
#213=MANIFOLD_SOLID_BREP('Body1',#8320);
#214=MANIFOLD_SOLID_BREP('Body1',#8321);
#215=MANIFOLD_SOLID_BREP('Body1',#8322);
#216=MANIFOLD_SOLID_BREP('Body1',#8323);
#217=MANIFOLD_SOLID_BREP('Body1',#8324);
#218=MANIFOLD_SOLID_BREP('Body1',#8325);
#219=MANIFOLD_SOLID_BREP('Body1',#8326);
#220=MANIFOLD_SOLID_BREP('B-BarLink',#8327);
#221=MANIFOLD_SOLID_BREP('B-Extension',#8328);
#222=MANIFOLD_SOLID_BREP('Body1',#8329);
#223=MANIFOLD_SOLID_BREP('LinkJoint',#8330);
#224=MANIFOLD_SOLID_BREP('PendulumRod',#8331);
#225=CYLINDRICAL_SURFACE('',#8516,0.0012295);
#226=CYLINDRICAL_SURFACE('',#8517,0.0012295);
#227=CYLINDRICAL_SURFACE('',#8518,0.0012295);
#228=CYLINDRICAL_SURFACE('',#8519,0.0012295);
#229=CYLINDRICAL_SURFACE('',#8520,0.0025);
#230=CYLINDRICAL_SURFACE('',#8521,0.001);
#231=CYLINDRICAL_SURFACE('',#8522,0.001);
#232=CYLINDRICAL_SURFACE('',#8523,0.001);
#233=CYLINDRICAL_SURFACE('',#8524,0.001);
#234=CYLINDRICAL_SURFACE('',#8525,0.001);
#235=CYLINDRICAL_SURFACE('',#8526,0.001);
#236=CYLINDRICAL_SURFACE('',#8527,0.001);
#237=CYLINDRICAL_SURFACE('',#8528,0.001);
#238=CYLINDRICAL_SURFACE('',#8550,0.005);
#239=CYLINDRICAL_SURFACE('',#8555,0.0016);
#240=CYLINDRICAL_SURFACE('',#8559,0.0035);
#241=CYLINDRICAL_SURFACE('',#8560,0.0016);
#242=CYLINDRICAL_SURFACE('',#8564,0.0035);
#243=CYLINDRICAL_SURFACE('',#8565,0.0016);
#244=CYLINDRICAL_SURFACE('',#8569,0.0035);
#245=CYLINDRICAL_SURFACE('',#8570,0.0016);
#246=CYLINDRICAL_SURFACE('',#8574,0.0035);
#247=CYLINDRICAL_SURFACE('',#8596,0.011);
#248=CYLINDRICAL_SURFACE('',#8600,0.005);
#249=CYLINDRICAL_SURFACE('',#8601,0.0012295);
#250=CYLINDRICAL_SURFACE('',#8602,0.0012295);
#251=CYLINDRICAL_SURFACE('',#8603,0.0012295);
#252=CYLINDRICAL_SURFACE('',#8604,0.0012295);
#253=CYLINDRICAL_SURFACE('',#8608,4.99999999999999E-5);
#254=CYLINDRICAL_SURFACE('',#8663,0.000401215887388929);
#255=CYLINDRICAL_SURFACE('',#8667,0.000899302128676748);
#256=CYLINDRICAL_SURFACE('',#8681,0.000401215887388929);
#257=CYLINDRICAL_SURFACE('',#8685,0.000899302128617285);
#258=CYLINDRICAL_SURFACE('',#8699,0.00040121588738905);
#259=CYLINDRICAL_SURFACE('',#8703,0.000899302128711663);
#260=CYLINDRICAL_SURFACE('',#8717,0.000401215887388929);
#261=CYLINDRICAL_SURFACE('',#8721,0.000899302128711775);
#262=CYLINDRICAL_SURFACE('',#8735,0.000401215887388926);
#263=CYLINDRICAL_SURFACE('',#8739,0.000899302128711663);
#264=CYLINDRICAL_SURFACE('',#8776,0.000401215887388929);
#265=CYLINDRICAL_SURFACE('',#8780,0.000899302128364187);
#266=CYLINDRICAL_SURFACE('',#8814,0.000499999999999999);
#267=CYLINDRICAL_SURFACE('',#8820,0.000499999999999999);
#268=CYLINDRICAL_SURFACE('',#8865,0.0025);
#269=CYLINDRICAL_SURFACE('',#8911,0.00134675);
#270=CYLINDRICAL_SURFACE('',#8917,0.0015);
#271=CYLINDRICAL_SURFACE('',#8950,0.005);
#272=CYLINDRICAL_SURFACE('',#8965,0.0025);
#273=CYLINDRICAL_SURFACE('',#8986,0.0012475);
#274=CYLINDRICAL_SURFACE('',#8989,0.0012475);
#275=CYLINDRICAL_SURFACE('',#8992,0.0012475);
#276=CYLINDRICAL_SURFACE('',#8995,0.0012475);
#277=CYLINDRICAL_SURFACE('',#8998,0.011);
#278=CYLINDRICAL_SURFACE('',#9100,0.0075);
#279=CYLINDRICAL_SURFACE('',#9110,0.01025);
#280=CYLINDRICAL_SURFACE('',#9114,0.01025);
#281=CYLINDRICAL_SURFACE('',#9118,0.016);
#282=CYLINDRICAL_SURFACE('',#9129,0.01335);
#283=CYLINDRICAL_SURFACE('',#9144,0.01335);
#284=CYLINDRICAL_SURFACE('',#9193,0.016);
#285=CYLINDRICAL_SURFACE('',#9197,0.02);
#286=CYLINDRICAL_SURFACE('',#9201,0.0025);
#287=CYLINDRICAL_SURFACE('',#9215,0.0055);
#288=CYLINDRICAL_SURFACE('',#9217,0.0075);
#289=CYLINDRICAL_SURFACE('',#9224,0.0075);
#290=CYLINDRICAL_SURFACE('',#9229,0.0125);
#291=CYLINDRICAL_SURFACE('',#9232,0.005);
#292=FACE_BOUND('',#1111,.T.);
#293=FACE_BOUND('',#1112,.T.);
#294=FACE_BOUND('',#1113,.T.);
#295=FACE_BOUND('',#1114,.T.);
#296=FACE_BOUND('',#1115,.T.);
#297=FACE_BOUND('',#1117,.T.);
#298=FACE_BOUND('',#1118,.T.);
#299=FACE_BOUND('',#1119,.T.);
#300=FACE_BOUND('',#1120,.T.);
#301=FACE_BOUND('',#1121,.T.);
#302=FACE_BOUND('',#1144,.T.);
#303=FACE_BOUND('',#1145,.T.);
#304=FACE_BOUND('',#1146,.T.);
#305=FACE_BOUND('',#1147,.T.);
#306=FACE_BOUND('',#1148,.T.);
#307=FACE_BOUND('',#1150,.T.);
#308=FACE_BOUND('',#1151,.T.);
#309=FACE_BOUND('',#1152,.T.);
#310=FACE_BOUND('',#1153,.T.);
#311=FACE_BOUND('',#1154,.T.);
#312=FACE_BOUND('',#1166,.T.);
#313=FACE_BOUND('',#1170,.T.);
#314=FACE_BOUND('',#1174,.T.);
#315=FACE_BOUND('',#1178,.T.);
#316=FACE_BOUND('',#1189,.T.);
#317=FACE_BOUND('',#1190,.T.);
#318=FACE_BOUND('',#1191,.T.);
#319=FACE_BOUND('',#1192,.T.);
#320=FACE_BOUND('',#1193,.T.);
#321=FACE_BOUND('',#1195,.T.);
#322=FACE_BOUND('',#1196,.T.);
#323=FACE_BOUND('',#1197,.T.);
#324=FACE_BOUND('',#1198,.T.);
#325=FACE_BOUND('',#1199,.T.);
#326=FACE_BOUND('',#1202,.T.);
#327=FACE_BOUND('',#1349,.T.);
#328=FACE_BOUND('',#1431,.T.);
#329=FACE_BOUND('',#1433,.T.);
#330=FACE_BOUND('',#1435,.T.);
#331=FACE_BOUND('',#1437,.T.);
#332=FACE_BOUND('',#1439,.T.);
#333=FACE_BOUND('',#1441,.T.);
#334=FACE_BOUND('',#1443,.T.);
#335=FACE_BOUND('',#1444,.T.);
#336=FACE_BOUND('',#1445,.T.);
#337=FACE_BOUND('',#1446,.T.);
#338=FACE_BOUND('',#1447,.T.);
#339=FACE_BOUND('',#1448,.T.);
#340=FACE_BOUND('',#1459,.T.);
#341=FACE_BOUND('',#1489,.T.);
#342=FACE_BOUND('',#1492,.T.);
#343=FACE_BOUND('',#1497,.T.);
#344=FACE_BOUND('',#1500,.T.);
#345=FACE_BOUND('',#1516,.T.);
#346=FACE_BOUND('',#1519,.T.);
#347=FACE_BOUND('',#1520,.T.);
#348=FACE_BOUND('',#1521,.T.);
#349=FACE_BOUND('',#1522,.T.);
#350=FACE_BOUND('',#1523,.T.);
#351=FACE_BOUND('',#1526,.T.);
#352=FACE_BOUND('',#1527,.T.);
#353=FACE_BOUND('',#1528,.T.);
#354=FACE_BOUND('',#1529,.T.);
#355=FACE_BOUND('',#1530,.T.);
#356=FACE_BOUND('',#1532,.T.);
#357=FACE_BOUND('',#1535,.T.);
#358=FACE_BOUND('',#1537,.T.);
#359=FACE_BOUND('',#1539,.T.);
#360=FACE_BOUND('',#1540,.T.);
#361=FACE_BOUND('',#1542,.T.);
#362=FACE_BOUND('',#1543,.T.);
#363=FACE_BOUND('',#1545,.T.);
#364=FACE_BOUND('',#1546,.T.);
#365=FACE_BOUND('',#1548,.T.);
#366=FACE_BOUND('',#1549,.T.);
#367=FACE_BOUND('',#1551,.T.);
#368=FACE_BOUND('',#1552,.T.);
#369=FACE_BOUND('',#1554,.T.);
#370=FACE_BOUND('',#1555,.T.);
#371=FACE_BOUND('',#1557,.T.);
#372=FACE_BOUND('',#1559,.T.);
#373=FACE_BOUND('',#1560,.T.);
#374=FACE_BOUND('',#1562,.T.);
#375=FACE_BOUND('',#1563,.T.);
#376=FACE_BOUND('',#1573,.T.);
#377=FACE_BOUND('',#1578,.T.);
#378=FACE_BOUND('',#1587,.T.);
#379=FACE_BOUND('',#1594,.T.);
#380=FACE_BOUND('',#1605,.T.);
#381=FACE_BOUND('',#1612,.T.);
#382=FACE_BOUND('',#1616,.T.);
#383=FACE_BOUND('',#1619,.T.);
#384=FACE_BOUND('',#1623,.T.);
#385=FACE_BOUND('',#1627,.T.);
#386=FACE_BOUND('',#1629,.T.);
#387=FACE_BOUND('',#1636,.T.);
#388=CIRCLE('',#8485,0.001);
#389=CIRCLE('',#8486,0.001);
#390=CIRCLE('',#8487,0.001);
#391=CIRCLE('',#8488,0.001);
#392=CIRCLE('',#8489,0.001);
#393=CIRCLE('',#8490,0.001);
#394=CIRCLE('',#8491,0.001);
#395=CIRCLE('',#8492,0.001);
#396=CIRCLE('',#8493,0.0025);
#397=CIRCLE('',#8494,0.0012295);
#398=CIRCLE('',#8495,0.0012295);
#399=CIRCLE('',#8496,0.0012295);
#400=CIRCLE('',#8497,0.0012295);
#401=CIRCLE('',#8499,0.001);
#402=CIRCLE('',#8500,0.001);
#403=CIRCLE('',#8501,0.001);
#404=CIRCLE('',#8502,0.001);
#405=CIRCLE('',#8503,0.001);
#406=CIRCLE('',#8504,0.001);
#407=CIRCLE('',#8505,0.001);
#408=CIRCLE('',#8506,0.001);
#409=CIRCLE('',#8507,0.0025);
#410=CIRCLE('',#8508,0.0012295);
#411=CIRCLE('',#8509,0.0012295);
#412=CIRCLE('',#8510,0.0012295);
#413=CIRCLE('',#8511,0.0012295);
#414=CIRCLE('',#8535,0.0035);
#415=CIRCLE('',#8536,0.0035);
#416=CIRCLE('',#8537,0.0035);
#417=CIRCLE('',#8538,0.0035);
#418=CIRCLE('',#8539,0.005);
#419=CIRCLE('',#8541,0.0016);
#420=CIRCLE('',#8542,0.0016);
#421=CIRCLE('',#8543,0.0016);
#422=CIRCLE('',#8544,0.0016);
#423=CIRCLE('',#8545,0.005);
#424=CIRCLE('',#8556,0.0016);
#425=CIRCLE('',#8558,0.0035);
#426=CIRCLE('',#8561,0.0016);
#427=CIRCLE('',#8563,0.0035);
#428=CIRCLE('',#8566,0.0016);
#429=CIRCLE('',#8568,0.0035);
#430=CIRCLE('',#8571,0.0016);
#431=CIRCLE('',#8573,0.0035);
#432=CIRCLE('',#8585,0.0012295);
#433=CIRCLE('',#8586,0.0012295);
#434=CIRCLE('',#8587,0.0012295);
#435=CIRCLE('',#8588,0.0012295);
#436=CIRCLE('',#8589,0.011);
#437=CIRCLE('',#8591,0.0012295);
#438=CIRCLE('',#8592,0.0012295);
#439=CIRCLE('',#8593,0.0012295);
#440=CIRCLE('',#8594,0.0012295);
#441=CIRCLE('',#8595,0.005);
#442=CIRCLE('',#8597,0.011);
#443=CIRCLE('',#8599,0.005);
#444=CIRCLE('',#8607,4.99999999999999E-5);
#445=CIRCLE('',#8609,4.99999999999999E-5);
#446=CIRCLE('',#8661,0.000401215887388929);
#447=CIRCLE('',#8662,0.000899302128676748);
#448=CIRCLE('',#8664,0.000401215887388929);
#449=CIRCLE('',#8666,0.000899302128676748);
#450=CIRCLE('',#8679,0.000401215887388929);
#451=CIRCLE('',#8680,0.000899302128617284);
#452=CIRCLE('',#8682,0.000401215887388929);
#453=CIRCLE('',#8684,0.000899302128617284);
#454=CIRCLE('',#8697,0.00040121588738905);
#455=CIRCLE('',#8698,0.000899302128711663);
#456=CIRCLE('',#8700,0.00040121588738905);
#457=CIRCLE('',#8702,0.000899302128711663);
#458=CIRCLE('',#8715,0.000401215887388929);
#459=CIRCLE('',#8716,0.000899302128711775);
#460=CIRCLE('',#8718,0.000401215887388929);
#461=CIRCLE('',#8720,0.000899302128711775);
#462=CIRCLE('',#8733,0.000401215887388926);
#463=CIRCLE('',#8734,0.000899302128711663);
#464=CIRCLE('',#8736,0.000401215887388926);
#465=CIRCLE('',#8738,0.000899302128711663);
#466=CIRCLE('',#8774,0.000401215887388929);
#467=CIRCLE('',#8775,0.000899302128364187);
#468=CIRCLE('',#8777,0.000401215887388929);
#469=CIRCLE('',#8779,0.000899302128364187);
#470=CIRCLE('',#8815,0.000499999999999999);
#471=CIRCLE('',#8816,0.000499999999999999);
#472=CIRCLE('',#8821,0.000499999999999999);
#473=CIRCLE('',#8822,0.000499999999999999);
#474=CIRCLE('',#8866,0.0025);
#475=CIRCLE('',#8867,0.0025);
#476=CIRCLE('',#8868,0.0025);
#477=CIRCLE('',#8869,0.0025);
#478=CIRCLE('',#8871,0.0022);
#479=CIRCLE('',#8873,0.0022);
#480=CIRCLE('',#8880,0.00497711653518165);
#481=CIRCLE('',#8881,0.00499409942101016);
#482=CIRCLE('',#8882,0.00476969600708381);
#483=CIRCLE('',#8883,0.00499409942101014);
#484=CIRCLE('',#8884,0.00497711653518161);
#485=CIRCLE('',#8885,0.00497711653518162);
#486=CIRCLE('',#8886,0.00499409942101015);
#487=CIRCLE('',#8887,0.00476969600708373);
#488=CIRCLE('',#8888,0.00499409942101015);
#489=CIRCLE('',#8889,0.00497711653518162);
#490=CIRCLE('',#8890,0.00497711653518161);
#491=CIRCLE('',#8891,0.00499409942101014);
#492=CIRCLE('',#8892,0.00476969600708381);
#493=CIRCLE('',#8893,0.00499409942101016);
#494=CIRCLE('',#8894,0.00497711653518165);
#495=CIRCLE('',#8895,0.00497711653518164);
#496=CIRCLE('',#8896,0.00499409942101015);
#497=CIRCLE('',#8897,0.00476969600708389);
#498=CIRCLE('',#8898,0.00499999999999912);
#499=CIRCLE('',#8899,0.0026568974640321);
#500=CIRCLE('',#8900,0.0026568974640321);
#501=CIRCLE('',#8901,0.00476969600708389);
#502=CIRCLE('',#8902,0.00499409942101015);
#503=CIRCLE('',#8903,0.00497711653518164);
#504=CIRCLE('',#8905,0.0028);
#505=CIRCLE('',#8907,0.00144675);
#506=CIRCLE('',#8909,9.9999999999923E-5);
#507=CIRCLE('',#8910,0.00134675);
#508=CIRCLE('',#8912,0.00134675);
#509=CIRCLE('',#8913,0.00134675);
#510=CIRCLE('',#8915,0.0015);
#511=CIRCLE('',#8916,0.0015);
#512=CIRCLE('',#8918,0.0015);
#513=CIRCLE('',#8920,0.0011935);
#514=CIRCLE('',#8945,0.00397140452079103);
#515=CIRCLE('',#8946,0.00025);
#516=CIRCLE('',#8947,0.00420710678118655);
#517=CIRCLE('',#8949,0.005);
#518=CIRCLE('',#8951,0.005);
#519=CIRCLE('',#8953,0.00420710678118655);
#520=CIRCLE('',#8955,0.00025);
#521=CIRCLE('',#8956,0.00397140452079103);
#522=CIRCLE('',#8958,0.0005);
#523=CIRCLE('',#8959,0.00302859547920897);
#524=CIRCLE('',#8961,0.00025);
#525=CIRCLE('',#8962,0.00279289321881345);
#526=CIRCLE('',#8964,0.0025);
#527=CIRCLE('',#8966,0.0025);
#528=CIRCLE('',#8968,0.00279289321881345);
#529=CIRCLE('',#8970,0.00025);
#530=CIRCLE('',#8971,0.00302859547920897);
#531=CIRCLE('',#8973,0.0005);
#532=CIRCLE('',#8987,0.0012475);
#533=CIRCLE('',#8988,0.0012475);
#534=CIRCLE('',#8990,0.0012475);
#535=CIRCLE('',#8991,0.0012475);
#536=CIRCLE('',#8993,0.0012475);
#537=CIRCLE('',#8994,0.0012475);
#538=CIRCLE('',#8996,0.0012475);
#539=CIRCLE('',#8997,0.0012475);
#540=CIRCLE('',#8999,0.011);
#541=CIRCLE('',#9000,0.011);
#542=CIRCLE('',#9023,0.002381);
#543=CIRCLE('',#9024,0.002381);
#544=CIRCLE('',#9025,0.002381);
#545=CIRCLE('',#9027,0.002381);
#546=CIRCLE('',#9028,0.002381);
#547=CIRCLE('',#9029,0.002381);
#548=CIRCLE('',#9031,0.002381);
#549=CIRCLE('',#9032,0.002381);
#550=CIRCLE('',#9033,0.002381);
#551=CIRCLE('',#9035,0.002381);
#552=CIRCLE('',#9036,0.002381);
#553=CIRCLE('',#9037,0.002381);
#554=CIRCLE('',#9039,0.002381);
#555=CIRCLE('',#9040,0.002381);
#556=CIRCLE('',#9041,0.002381);
#557=CIRCLE('',#9043,0.002381);
#558=CIRCLE('',#9044,0.002381);
#559=CIRCLE('',#9045,0.002381);
#560=CIRCLE('',#9047,0.002381);
#561=CIRCLE('',#9048,0.002381);
#562=CIRCLE('',#9049,0.002381);
#563=CIRCLE('',#9050,0.002381);
#564=CIRCLE('',#9052,0.002381);
#565=CIRCLE('',#9053,0.002381);
#566=CIRCLE('',#9054,0.002381);
#567=CIRCLE('',#9056,0.002381);
#568=CIRCLE('',#9057,0.002381);
#569=CIRCLE('',#9058,0.002381);
#570=CIRCLE('',#9060,0.002381);
#571=CIRCLE('',#9061,0.01025);
#572=CIRCLE('',#9062,0.002381);
#573=CIRCLE('',#9063,0.01025);
#574=CIRCLE('',#9065,0.01025);
#575=CIRCLE('',#9066,0.01025);
#576=CIRCLE('',#9067,0.002381);
#577=CIRCLE('',#9068,0.01025);
#578=CIRCLE('',#9069,0.01025);
#579=CIRCLE('',#9071,0.002381);
#580=CIRCLE('',#9072,0.01025);
#581=CIRCLE('',#9073,0.01025);
#582=CIRCLE('',#9075,0.002381);
#583=CIRCLE('',#9076,0.01025);
#584=CIRCLE('',#9077,0.01025);
#585=CIRCLE('',#9079,0.002381);
#586=CIRCLE('',#9080,0.01025);
#587=CIRCLE('',#9081,0.01025);
#588=CIRCLE('',#9083,0.002381);
#589=CIRCLE('',#9084,0.01025);
#590=CIRCLE('',#9085,0.01025);
#591=CIRCLE('',#9087,0.002381);
#592=CIRCLE('',#9088,0.01025);
#593=CIRCLE('',#9089,0.01025);
#594=CIRCLE('',#9091,0.002381);
#595=CIRCLE('',#9092,0.01025);
#596=CIRCLE('',#9093,0.01025);
#597=CIRCLE('',#9095,0.01015);
#598=CIRCLE('',#9096,0.0078);
#599=CIRCLE('',#9098,0.000300000000000002);
#600=CIRCLE('',#9099,0.0075);
#601=CIRCLE('',#9101,0.0075);
#602=CIRCLE('',#9103,0.000300000000000002);
#603=CIRCLE('',#9104,0.0078);
#604=CIRCLE('',#9106,0.01015);
#605=CIRCLE('',#9108,0.000100000000000003);
#606=CIRCLE('',#9109,0.01025);
#607=CIRCLE('',#9111,0.01025);
#608=CIRCLE('',#9113,0.01025);
#609=CIRCLE('',#9115,0.01025);
#610=CIRCLE('',#9117,0.000100000000000001);
#611=CIRCLE('',#9119,0.016);
#612=CIRCLE('',#9120,0.016);
#613=CIRCLE('',#9122,0.0157);
#614=CIRCLE('',#9123,0.000299999999999998);
#615=CIRCLE('',#9125,0.01345);
#616=CIRCLE('',#9127,0.01335);
#617=CIRCLE('',#9128,0.000100000000000003);
#618=CIRCLE('',#9130,0.01335);
#619=CIRCLE('',#9131,0.01335);
#620=CIRCLE('',#9132,0.01335);
#621=CIRCLE('',#9133,0.01335);
#622=CIRCLE('',#9134,0.01335);
#623=CIRCLE('',#9135,0.01335);
#624=CIRCLE('',#9136,0.01335);
#625=CIRCLE('',#9137,0.01335);
#626=CIRCLE('',#9138,0.01335);
#627=CIRCLE('',#9139,0.01335);
#628=CIRCLE('',#9141,0.002381);
#629=CIRCLE('',#9142,0.01335);
#630=CIRCLE('',#9143,0.002381);
#631=CIRCLE('',#9145,0.01335);
#632=CIRCLE('',#9146,0.01335);
#633=CIRCLE('',#9147,0.01335);
#634=CIRCLE('',#9148,0.01335);
#635=CIRCLE('',#9149,0.01335);
#636=CIRCLE('',#9150,0.01335);
#637=CIRCLE('',#9151,0.01335);
#638=CIRCLE('',#9152,0.01335);
#639=CIRCLE('',#9153,0.01335);
#640=CIRCLE('',#9154,0.01335);
#641=CIRCLE('',#9156,0.01345);
#642=CIRCLE('',#9157,9.99999999999991E-5);
#643=CIRCLE('',#9159,0.0157);
#644=CIRCLE('',#9161,0.000299999999999998);
#645=CIRCLE('',#9163,0.002381);
#646=CIRCLE('',#9165,0.002381);
#647=CIRCLE('',#9166,0.002381);
#648=CIRCLE('',#9168,0.002381);
#649=CIRCLE('',#9170,0.002381);
#650=CIRCLE('',#9172,0.002381);
#651=CIRCLE('',#9174,0.002381);
#652=CIRCLE('',#9191,0.02);
#653=CIRCLE('',#9192,0.016);
#654=CIRCLE('',#9194,0.016);
#655=CIRCLE('',#9198,0.02);
#656=CIRCLE('',#9202,0.0025);
#657=CIRCLE('',#9203,0.0025);
#658=CIRCLE('',#9213,0.0075);
#659=CIRCLE('',#9214,0.0055);
#660=CIRCLE('',#9216,0.0055);
#661=CIRCLE('',#9218,0.0075);
#662=CIRCLE('',#9222,0.0125);
#663=CIRCLE('',#9223,0.0075);
#664=CIRCLE('',#9225,0.0075);
#665=CIRCLE('',#9230,0.0125);
#666=CIRCLE('',#9233,0.005);
#667=CIRCLE('',#9234,0.005);
#668=FACE_OUTER_BOUND('',#1106,.T.);
#669=FACE_OUTER_BOUND('',#1107,.T.);
#670=FACE_OUTER_BOUND('',#1108,.T.);
#671=FACE_OUTER_BOUND('',#1109,.T.);
#672=FACE_OUTER_BOUND('',#1110,.T.);
#673=FACE_OUTER_BOUND('',#1116,.T.);
#674=FACE_OUTER_BOUND('',#1122,.T.);
#675=FACE_OUTER_BOUND('',#1123,.T.);
#676=FACE_OUTER_BOUND('',#1124,.T.);
#677=FACE_OUTER_BOUND('',#1125,.T.);
#678=FACE_OUTER_BOUND('',#1126,.T.);
#679=FACE_OUTER_BOUND('',#1127,.T.);
#680=FACE_OUTER_BOUND('',#1128,.T.);
#681=FACE_OUTER_BOUND('',#1129,.T.);
#682=FACE_OUTER_BOUND('',#1130,.T.);
#683=FACE_OUTER_BOUND('',#1131,.T.);
#684=FACE_OUTER_BOUND('',#1132,.T.);
#685=FACE_OUTER_BOUND('',#1133,.T.);
#686=FACE_OUTER_BOUND('',#1134,.T.);
#687=FACE_OUTER_BOUND('',#1135,.T.);
#688=FACE_OUTER_BOUND('',#1136,.T.);
#689=FACE_OUTER_BOUND('',#1137,.T.);
#690=FACE_OUTER_BOUND('',#1138,.T.);
#691=FACE_OUTER_BOUND('',#1139,.T.);
#692=FACE_OUTER_BOUND('',#1140,.T.);
#693=FACE_OUTER_BOUND('',#1141,.T.);
#694=FACE_OUTER_BOUND('',#1142,.T.);
#695=FACE_OUTER_BOUND('',#1143,.T.);
#696=FACE_OUTER_BOUND('',#1149,.T.);
#697=FACE_OUTER_BOUND('',#1155,.T.);
#698=FACE_OUTER_BOUND('',#1156,.T.);
#699=FACE_OUTER_BOUND('',#1157,.T.);
#700=FACE_OUTER_BOUND('',#1158,.T.);
#701=FACE_OUTER_BOUND('',#1159,.T.);
#702=FACE_OUTER_BOUND('',#1160,.T.);
#703=FACE_OUTER_BOUND('',#1161,.T.);
#704=FACE_OUTER_BOUND('',#1162,.T.);
#705=FACE_OUTER_BOUND('',#1163,.T.);
#706=FACE_OUTER_BOUND('',#1164,.T.);
#707=FACE_OUTER_BOUND('',#1165,.T.);
#708=FACE_OUTER_BOUND('',#1167,.T.);
#709=FACE_OUTER_BOUND('',#1168,.T.);
#710=FACE_OUTER_BOUND('',#1169,.T.);
#711=FACE_OUTER_BOUND('',#1171,.T.);
#712=FACE_OUTER_BOUND('',#1172,.T.);
#713=FACE_OUTER_BOUND('',#1173,.T.);
#714=FACE_OUTER_BOUND('',#1175,.T.);
#715=FACE_OUTER_BOUND('',#1176,.T.);
#716=FACE_OUTER_BOUND('',#1177,.T.);
#717=FACE_OUTER_BOUND('',#1179,.T.);
#718=FACE_OUTER_BOUND('',#1180,.T.);
#719=FACE_OUTER_BOUND('',#1181,.T.);
#720=FACE_OUTER_BOUND('',#1182,.T.);
#721=FACE_OUTER_BOUND('',#1183,.T.);
#722=FACE_OUTER_BOUND('',#1184,.T.);
#723=FACE_OUTER_BOUND('',#1185,.T.);
#724=FACE_OUTER_BOUND('',#1186,.T.);
#725=FACE_OUTER_BOUND('',#1187,.T.);
#726=FACE_OUTER_BOUND('',#1188,.T.);
#727=FACE_OUTER_BOUND('',#1194,.T.);
#728=FACE_OUTER_BOUND('',#1200,.T.);
#729=FACE_OUTER_BOUND('',#1201,.T.);
#730=FACE_OUTER_BOUND('',#1203,.T.);
#731=FACE_OUTER_BOUND('',#1204,.T.);
#732=FACE_OUTER_BOUND('',#1205,.T.);
#733=FACE_OUTER_BOUND('',#1206,.T.);
#734=FACE_OUTER_BOUND('',#1207,.T.);
#735=FACE_OUTER_BOUND('',#1208,.T.);
#736=FACE_OUTER_BOUND('',#1209,.T.);
#737=FACE_OUTER_BOUND('',#1210,.T.);
#738=FACE_OUTER_BOUND('',#1211,.T.);
#739=FACE_OUTER_BOUND('',#1212,.T.);
#740=FACE_OUTER_BOUND('',#1213,.T.);
#741=FACE_OUTER_BOUND('',#1214,.T.);
#742=FACE_OUTER_BOUND('',#1215,.T.);
#743=FACE_OUTER_BOUND('',#1216,.T.);
#744=FACE_OUTER_BOUND('',#1217,.T.);
#745=FACE_OUTER_BOUND('',#1218,.T.);
#746=FACE_OUTER_BOUND('',#1219,.T.);
#747=FACE_OUTER_BOUND('',#1220,.T.);
#748=FACE_OUTER_BOUND('',#1221,.T.);
#749=FACE_OUTER_BOUND('',#1222,.T.);
#750=FACE_OUTER_BOUND('',#1223,.T.);
#751=FACE_OUTER_BOUND('',#1224,.T.);
#752=FACE_OUTER_BOUND('',#1225,.T.);
#753=FACE_OUTER_BOUND('',#1226,.T.);
#754=FACE_OUTER_BOUND('',#1227,.T.);
#755=FACE_OUTER_BOUND('',#1228,.T.);
#756=FACE_OUTER_BOUND('',#1229,.T.);
#757=FACE_OUTER_BOUND('',#1230,.T.);
#758=FACE_OUTER_BOUND('',#1231,.T.);
#759=FACE_OUTER_BOUND('',#1232,.T.);
#760=FACE_OUTER_BOUND('',#1233,.T.);
#761=FACE_OUTER_BOUND('',#1234,.T.);
#762=FACE_OUTER_BOUND('',#1235,.T.);
#763=FACE_OUTER_BOUND('',#1236,.T.);
#764=FACE_OUTER_BOUND('',#1237,.T.);
#765=FACE_OUTER_BOUND('',#1238,.T.);
#766=FACE_OUTER_BOUND('',#1239,.T.);
#767=FACE_OUTER_BOUND('',#1240,.T.);
#768=FACE_OUTER_BOUND('',#1241,.T.);
#769=FACE_OUTER_BOUND('',#1242,.T.);
#770=FACE_OUTER_BOUND('',#1243,.T.);
#771=FACE_OUTER_BOUND('',#1244,.T.);
#772=FACE_OUTER_BOUND('',#1245,.T.);
#773=FACE_OUTER_BOUND('',#1246,.T.);
#774=FACE_OUTER_BOUND('',#1247,.T.);
#775=FACE_OUTER_BOUND('',#1248,.T.);
#776=FACE_OUTER_BOUND('',#1249,.T.);
#777=FACE_OUTER_BOUND('',#1250,.T.);
#778=FACE_OUTER_BOUND('',#1251,.T.);
#779=FACE_OUTER_BOUND('',#1252,.T.);
#780=FACE_OUTER_BOUND('',#1253,.T.);
#781=FACE_OUTER_BOUND('',#1254,.T.);
#782=FACE_OUTER_BOUND('',#1255,.T.);
#783=FACE_OUTER_BOUND('',#1256,.T.);
#784=FACE_OUTER_BOUND('',#1257,.T.);
#785=FACE_OUTER_BOUND('',#1258,.T.);
#786=FACE_OUTER_BOUND('',#1259,.T.);
#787=FACE_OUTER_BOUND('',#1260,.T.);
#788=FACE_OUTER_BOUND('',#1261,.T.);
#789=FACE_OUTER_BOUND('',#1262,.T.);
#790=FACE_OUTER_BOUND('',#1263,.T.);
#791=FACE_OUTER_BOUND('',#1264,.T.);
#792=FACE_OUTER_BOUND('',#1265,.T.);
#793=FACE_OUTER_BOUND('',#1266,.T.);
#794=FACE_OUTER_BOUND('',#1267,.T.);
#795=FACE_OUTER_BOUND('',#1268,.T.);
#796=FACE_OUTER_BOUND('',#1269,.T.);
#797=FACE_OUTER_BOUND('',#1270,.T.);
#798=FACE_OUTER_BOUND('',#1271,.T.);
#799=FACE_OUTER_BOUND('',#1272,.T.);
#800=FACE_OUTER_BOUND('',#1273,.T.);
#801=FACE_OUTER_BOUND('',#1274,.T.);
#802=FACE_OUTER_BOUND('',#1275,.T.);
#803=FACE_OUTER_BOUND('',#1276,.T.);
#804=FACE_OUTER_BOUND('',#1277,.T.);
#805=FACE_OUTER_BOUND('',#1278,.T.);
#806=FACE_OUTER_BOUND('',#1279,.T.);
#807=FACE_OUTER_BOUND('',#1280,.T.);
#808=FACE_OUTER_BOUND('',#1281,.T.);
#809=FACE_OUTER_BOUND('',#1282,.T.);
#810=FACE_OUTER_BOUND('',#1283,.T.);
#811=FACE_OUTER_BOUND('',#1284,.T.);
#812=FACE_OUTER_BOUND('',#1285,.T.);
#813=FACE_OUTER_BOUND('',#1286,.T.);
#814=FACE_OUTER_BOUND('',#1287,.T.);
#815=FACE_OUTER_BOUND('',#1288,.T.);
#816=FACE_OUTER_BOUND('',#1289,.T.);
#817=FACE_OUTER_BOUND('',#1290,.T.);
#818=FACE_OUTER_BOUND('',#1291,.T.);
#819=FACE_OUTER_BOUND('',#1292,.T.);
#820=FACE_OUTER_BOUND('',#1293,.T.);
#821=FACE_OUTER_BOUND('',#1294,.T.);
#822=FACE_OUTER_BOUND('',#1295,.T.);
#823=FACE_OUTER_BOUND('',#1296,.T.);
#824=FACE_OUTER_BOUND('',#1297,.T.);
#825=FACE_OUTER_BOUND('',#1298,.T.);
#826=FACE_OUTER_BOUND('',#1299,.T.);
#827=FACE_OUTER_BOUND('',#1300,.T.);
#828=FACE_OUTER_BOUND('',#1301,.T.);
#829=FACE_OUTER_BOUND('',#1302,.T.);
#830=FACE_OUTER_BOUND('',#1303,.T.);
#831=FACE_OUTER_BOUND('',#1304,.T.);
#832=FACE_OUTER_BOUND('',#1305,.T.);
#833=FACE_OUTER_BOUND('',#1306,.T.);
#834=FACE_OUTER_BOUND('',#1307,.T.);
#835=FACE_OUTER_BOUND('',#1308,.T.);
#836=FACE_OUTER_BOUND('',#1309,.T.);
#837=FACE_OUTER_BOUND('',#1310,.T.);
#838=FACE_OUTER_BOUND('',#1311,.T.);
#839=FACE_OUTER_BOUND('',#1312,.T.);
#840=FACE_OUTER_BOUND('',#1313,.T.);
#841=FACE_OUTER_BOUND('',#1314,.T.);
#842=FACE_OUTER_BOUND('',#1315,.T.);
#843=FACE_OUTER_BOUND('',#1316,.T.);
#844=FACE_OUTER_BOUND('',#1317,.T.);
#845=FACE_OUTER_BOUND('',#1318,.T.);
#846=FACE_OUTER_BOUND('',#1319,.T.);
#847=FACE_OUTER_BOUND('',#1320,.T.);
#848=FACE_OUTER_BOUND('',#1321,.T.);
#849=FACE_OUTER_BOUND('',#1322,.T.);
#850=FACE_OUTER_BOUND('',#1323,.T.);
#851=FACE_OUTER_BOUND('',#1324,.T.);
#852=FACE_OUTER_BOUND('',#1325,.T.);
#853=FACE_OUTER_BOUND('',#1326,.T.);
#854=FACE_OUTER_BOUND('',#1327,.T.);
#855=FACE_OUTER_BOUND('',#1328,.T.);
#856=FACE_OUTER_BOUND('',#1329,.T.);
#857=FACE_OUTER_BOUND('',#1330,.T.);
#858=FACE_OUTER_BOUND('',#1331,.T.);
#859=FACE_OUTER_BOUND('',#1332,.T.);
#860=FACE_OUTER_BOUND('',#1333,.T.);
#861=FACE_OUTER_BOUND('',#1334,.T.);
#862=FACE_OUTER_BOUND('',#1335,.T.);
#863=FACE_OUTER_BOUND('',#1336,.T.);
#864=FACE_OUTER_BOUND('',#1337,.T.);
#865=FACE_OUTER_BOUND('',#1338,.T.);
#866=FACE_OUTER_BOUND('',#1339,.T.);
#867=FACE_OUTER_BOUND('',#1340,.T.);
#868=FACE_OUTER_BOUND('',#1341,.T.);
#869=FACE_OUTER_BOUND('',#1342,.T.);
#870=FACE_OUTER_BOUND('',#1343,.T.);
#871=FACE_OUTER_BOUND('',#1344,.T.);
#872=FACE_OUTER_BOUND('',#1345,.T.);
#873=FACE_OUTER_BOUND('',#1346,.T.);
#874=FACE_OUTER_BOUND('',#1347,.T.);
#875=FACE_OUTER_BOUND('',#1348,.T.);
#876=FACE_OUTER_BOUND('',#1350,.T.);
#877=FACE_OUTER_BOUND('',#1351,.T.);
#878=FACE_OUTER_BOUND('',#1352,.T.);
#879=FACE_OUTER_BOUND('',#1353,.T.);
#880=FACE_OUTER_BOUND('',#1354,.T.);
#881=FACE_OUTER_BOUND('',#1355,.T.);
#882=FACE_OUTER_BOUND('',#1356,.T.);
#883=FACE_OUTER_BOUND('',#1357,.T.);
#884=FACE_OUTER_BOUND('',#1358,.T.);
#885=FACE_OUTER_BOUND('',#1359,.T.);
#886=FACE_OUTER_BOUND('',#1360,.T.);
#887=FACE_OUTER_BOUND('',#1361,.T.);
#888=FACE_OUTER_BOUND('',#1362,.T.);
#889=FACE_OUTER_BOUND('',#1363,.T.);
#890=FACE_OUTER_BOUND('',#1364,.T.);
#891=FACE_OUTER_BOUND('',#1365,.T.);
#892=FACE_OUTER_BOUND('',#1366,.T.);
#893=FACE_OUTER_BOUND('',#1367,.T.);
#894=FACE_OUTER_BOUND('',#1368,.T.);
#895=FACE_OUTER_BOUND('',#1369,.T.);
#896=FACE_OUTER_BOUND('',#1370,.T.);
#897=FACE_OUTER_BOUND('',#1371,.T.);
#898=FACE_OUTER_BOUND('',#1372,.T.);
#899=FACE_OUTER_BOUND('',#1373,.T.);
#900=FACE_OUTER_BOUND('',#1374,.T.);
#901=FACE_OUTER_BOUND('',#1375,.T.);
#902=FACE_OUTER_BOUND('',#1376,.T.);
#903=FACE_OUTER_BOUND('',#1377,.T.);
#904=FACE_OUTER_BOUND('',#1378,.T.);
#905=FACE_OUTER_BOUND('',#1379,.T.);
#906=FACE_OUTER_BOUND('',#1380,.T.);
#907=FACE_OUTER_BOUND('',#1381,.T.);
#908=FACE_OUTER_BOUND('',#1382,.T.);
#909=FACE_OUTER_BOUND('',#1383,.T.);
#910=FACE_OUTER_BOUND('',#1384,.T.);
#911=FACE_OUTER_BOUND('',#1385,.T.);
#912=FACE_OUTER_BOUND('',#1386,.T.);
#913=FACE_OUTER_BOUND('',#1387,.T.);
#914=FACE_OUTER_BOUND('',#1388,.T.);
#915=FACE_OUTER_BOUND('',#1389,.T.);
#916=FACE_OUTER_BOUND('',#1390,.T.);
#917=FACE_OUTER_BOUND('',#1391,.T.);
#918=FACE_OUTER_BOUND('',#1392,.T.);
#919=FACE_OUTER_BOUND('',#1393,.T.);
#920=FACE_OUTER_BOUND('',#1394,.T.);
#921=FACE_OUTER_BOUND('',#1395,.T.);
#922=FACE_OUTER_BOUND('',#1396,.T.);
#923=FACE_OUTER_BOUND('',#1397,.T.);
#924=FACE_OUTER_BOUND('',#1398,.T.);
#925=FACE_OUTER_BOUND('',#1399,.T.);
#926=FACE_OUTER_BOUND('',#1400,.T.);
#927=FACE_OUTER_BOUND('',#1401,.T.);
#928=FACE_OUTER_BOUND('',#1402,.T.);
#929=FACE_OUTER_BOUND('',#1403,.T.);
#930=FACE_OUTER_BOUND('',#1404,.T.);
#931=FACE_OUTER_BOUND('',#1405,.T.);
#932=FACE_OUTER_BOUND('',#1406,.T.);
#933=FACE_OUTER_BOUND('',#1407,.T.);
#934=FACE_OUTER_BOUND('',#1408,.T.);
#935=FACE_OUTER_BOUND('',#1409,.T.);
#936=FACE_OUTER_BOUND('',#1410,.T.);
#937=FACE_OUTER_BOUND('',#1411,.T.);
#938=FACE_OUTER_BOUND('',#1412,.T.);
#939=FACE_OUTER_BOUND('',#1413,.T.);
#940=FACE_OUTER_BOUND('',#1414,.T.);
#941=FACE_OUTER_BOUND('',#1415,.T.);
#942=FACE_OUTER_BOUND('',#1416,.T.);
#943=FACE_OUTER_BOUND('',#1417,.T.);
#944=FACE_OUTER_BOUND('',#1418,.T.);
#945=FACE_OUTER_BOUND('',#1419,.T.);
#946=FACE_OUTER_BOUND('',#1420,.T.);
#947=FACE_OUTER_BOUND('',#1421,.T.);
#948=FACE_OUTER_BOUND('',#1422,.T.);
#949=FACE_OUTER_BOUND('',#1423,.T.);
#950=FACE_OUTER_BOUND('',#1424,.T.);
#951=FACE_OUTER_BOUND('',#1425,.T.);
#952=FACE_OUTER_BOUND('',#1426,.T.);
#953=FACE_OUTER_BOUND('',#1427,.T.);
#954=FACE_OUTER_BOUND('',#1428,.T.);
#955=FACE_OUTER_BOUND('',#1429,.T.);
#956=FACE_OUTER_BOUND('',#1430,.T.);
#957=FACE_OUTER_BOUND('',#1432,.T.);
#958=FACE_OUTER_BOUND('',#1434,.T.);
#959=FACE_OUTER_BOUND('',#1436,.T.);
#960=FACE_OUTER_BOUND('',#1438,.T.);
#961=FACE_OUTER_BOUND('',#1440,.T.);
#962=FACE_OUTER_BOUND('',#1442,.T.);
#963=FACE_OUTER_BOUND('',#1449,.T.);
#964=FACE_OUTER_BOUND('',#1450,.T.);
#965=FACE_OUTER_BOUND('',#1451,.T.);
#966=FACE_OUTER_BOUND('',#1452,.T.);
#967=FACE_OUTER_BOUND('',#1453,.T.);
#968=FACE_OUTER_BOUND('',#1454,.T.);
#969=FACE_OUTER_BOUND('',#1455,.T.);
#970=FACE_OUTER_BOUND('',#1456,.T.);
#971=FACE_OUTER_BOUND('',#1457,.T.);
#972=FACE_OUTER_BOUND('',#1458,.T.);
#973=FACE_OUTER_BOUND('',#1460,.T.);
#974=FACE_OUTER_BOUND('',#1461,.T.);
#975=FACE_OUTER_BOUND('',#1462,.T.);
#976=FACE_OUTER_BOUND('',#1463,.T.);
#977=FACE_OUTER_BOUND('',#1464,.T.);
#978=FACE_OUTER_BOUND('',#1465,.T.);
#979=FACE_OUTER_BOUND('',#1466,.T.);
#980=FACE_OUTER_BOUND('',#1467,.T.);
#981=FACE_OUTER_BOUND('',#1468,.T.);
#982=FACE_OUTER_BOUND('',#1469,.T.);
#983=FACE_OUTER_BOUND('',#1470,.T.);
#984=FACE_OUTER_BOUND('',#1471,.T.);
#985=FACE_OUTER_BOUND('',#1472,.T.);
#986=FACE_OUTER_BOUND('',#1473,.T.);
#987=FACE_OUTER_BOUND('',#1474,.T.);
#988=FACE_OUTER_BOUND('',#1475,.T.);
#989=FACE_OUTER_BOUND('',#1476,.T.);
#990=FACE_OUTER_BOUND('',#1477,.T.);
#991=FACE_OUTER_BOUND('',#1478,.T.);
#992=FACE_OUTER_BOUND('',#1479,.T.);
#993=FACE_OUTER_BOUND('',#1480,.T.);
#994=FACE_OUTER_BOUND('',#1481,.T.);
#995=FACE_OUTER_BOUND('',#1482,.T.);
#996=FACE_OUTER_BOUND('',#1483,.T.);
#997=FACE_OUTER_BOUND('',#1484,.T.);
#998=FACE_OUTER_BOUND('',#1485,.T.);
#999=FACE_OUTER_BOUND('',#1486,.T.);
#1000=FACE_OUTER_BOUND('',#1487,.T.);
#1001=FACE_OUTER_BOUND('',#1488,.T.);
#1002=FACE_OUTER_BOUND('',#1490,.T.);
#1003=FACE_OUTER_BOUND('',#1491,.T.);
#1004=FACE_OUTER_BOUND('',#1493,.T.);
#1005=FACE_OUTER_BOUND('',#1494,.T.);
#1006=FACE_OUTER_BOUND('',#1495,.T.);
#1007=FACE_OUTER_BOUND('',#1496,.T.);
#1008=FACE_OUTER_BOUND('',#1498,.T.);
#1009=FACE_OUTER_BOUND('',#1499,.T.);
#1010=FACE_OUTER_BOUND('',#1501,.T.);
#1011=FACE_OUTER_BOUND('',#1502,.T.);
#1012=FACE_OUTER_BOUND('',#1503,.T.);
#1013=FACE_OUTER_BOUND('',#1504,.T.);
#1014=FACE_OUTER_BOUND('',#1505,.T.);
#1015=FACE_OUTER_BOUND('',#1506,.T.);
#1016=FACE_OUTER_BOUND('',#1507,.T.);
#1017=FACE_OUTER_BOUND('',#1508,.T.);
#1018=FACE_OUTER_BOUND('',#1509,.T.);
#1019=FACE_OUTER_BOUND('',#1510,.T.);
#1020=FACE_OUTER_BOUND('',#1511,.T.);
#1021=FACE_OUTER_BOUND('',#1512,.T.);
#1022=FACE_OUTER_BOUND('',#1513,.T.);
#1023=FACE_OUTER_BOUND('',#1514,.T.);
#1024=FACE_OUTER_BOUND('',#1515,.T.);
#1025=FACE_OUTER_BOUND('',#1517,.T.);
#1026=FACE_OUTER_BOUND('',#1518,.T.);
#1027=FACE_OUTER_BOUND('',#1524,.T.);
#1028=FACE_OUTER_BOUND('',#1525,.T.);
#1029=FACE_OUTER_BOUND('',#1531,.T.);
#1030=FACE_OUTER_BOUND('',#1533,.T.);
#1031=FACE_OUTER_BOUND('',#1534,.T.);
#1032=FACE_OUTER_BOUND('',#1536,.T.);
#1033=FACE_OUTER_BOUND('',#1538,.T.);
#1034=FACE_OUTER_BOUND('',#1541,.T.);
#1035=FACE_OUTER_BOUND('',#1544,.T.);
#1036=FACE_OUTER_BOUND('',#1547,.T.);
#1037=FACE_OUTER_BOUND('',#1550,.T.);
#1038=FACE_OUTER_BOUND('',#1553,.T.);
#1039=FACE_OUTER_BOUND('',#1556,.T.);
#1040=FACE_OUTER_BOUND('',#1558,.T.);
#1041=FACE_OUTER_BOUND('',#1561,.T.);
#1042=FACE_OUTER_BOUND('',#1564,.T.);
#1043=FACE_OUTER_BOUND('',#1565,.T.);
#1044=FACE_OUTER_BOUND('',#1566,.T.);
#1045=FACE_OUTER_BOUND('',#1567,.T.);
#1046=FACE_OUTER_BOUND('',#1568,.T.);
#1047=FACE_OUTER_BOUND('',#1569,.T.);
#1048=FACE_OUTER_BOUND('',#1570,.T.);
#1049=FACE_OUTER_BOUND('',#1571,.T.);
#1050=FACE_OUTER_BOUND('',#1572,.T.);
#1051=FACE_OUTER_BOUND('',#1574,.T.);
#1052=FACE_OUTER_BOUND('',#1575,.T.);
#1053=FACE_OUTER_BOUND('',#1576,.T.);
#1054=FACE_OUTER_BOUND('',#1577,.T.);
#1055=FACE_OUTER_BOUND('',#1579,.T.);
#1056=FACE_OUTER_BOUND('',#1580,.T.);
#1057=FACE_OUTER_BOUND('',#1581,.T.);
#1058=FACE_OUTER_BOUND('',#1582,.T.);
#1059=FACE_OUTER_BOUND('',#1583,.T.);
#1060=FACE_OUTER_BOUND('',#1584,.T.);
#1061=FACE_OUTER_BOUND('',#1585,.T.);
#1062=FACE_OUTER_BOUND('',#1586,.T.);
#1063=FACE_OUTER_BOUND('',#1588,.T.);
#1064=FACE_OUTER_BOUND('',#1589,.T.);
#1065=FACE_OUTER_BOUND('',#1590,.T.);
#1066=FACE_OUTER_BOUND('',#1591,.T.);
#1067=FACE_OUTER_BOUND('',#1592,.T.);
#1068=FACE_OUTER_BOUND('',#1593,.T.);
#1069=FACE_OUTER_BOUND('',#1595,.T.);
#1070=FACE_OUTER_BOUND('',#1596,.T.);
#1071=FACE_OUTER_BOUND('',#1597,.T.);
#1072=FACE_OUTER_BOUND('',#1598,.T.);
#1073=FACE_OUTER_BOUND('',#1599,.T.);
#1074=FACE_OUTER_BOUND('',#1600,.T.);
#1075=FACE_OUTER_BOUND('',#1601,.T.);
#1076=FACE_OUTER_BOUND('',#1602,.T.);
#1077=FACE_OUTER_BOUND('',#1603,.T.);
#1078=FACE_OUTER_BOUND('',#1604,.T.);
#1079=FACE_OUTER_BOUND('',#1606,.T.);
#1080=FACE_OUTER_BOUND('',#1607,.T.);
#1081=FACE_OUTER_BOUND('',#1608,.T.);
#1082=FACE_OUTER_BOUND('',#1609,.T.);
#1083=FACE_OUTER_BOUND('',#1610,.T.);
#1084=FACE_OUTER_BOUND('',#1611,.T.);
#1085=FACE_OUTER_BOUND('',#1613,.T.);
#1086=FACE_OUTER_BOUND('',#1614,.T.);
#1087=FACE_OUTER_BOUND('',#1615,.T.);
#1088=FACE_OUTER_BOUND('',#1617,.T.);
#1089=FACE_OUTER_BOUND('',#1618,.T.);
#1090=FACE_OUTER_BOUND('',#1620,.T.);
#1091=FACE_OUTER_BOUND('',#1621,.T.);
#1092=FACE_OUTER_BOUND('',#1622,.T.);
#1093=FACE_OUTER_BOUND('',#1624,.T.);
#1094=FACE_OUTER_BOUND('',#1625,.T.);
#1095=FACE_OUTER_BOUND('',#1626,.T.);
#1096=FACE_OUTER_BOUND('',#1628,.T.);
#1097=FACE_OUTER_BOUND('',#1630,.T.);
#1098=FACE_OUTER_BOUND('',#1631,.T.);
#1099=FACE_OUTER_BOUND('',#1632,.T.);
#1100=FACE_OUTER_BOUND('',#1633,.T.);
#1101=FACE_OUTER_BOUND('',#1634,.T.);
#1102=FACE_OUTER_BOUND('',#1635,.T.);
#1103=FACE_OUTER_BOUND('',#1637,.T.);
#1104=FACE_OUTER_BOUND('',#1638,.T.);
#1105=FACE_OUTER_BOUND('',#1639,.T.);
#1106=EDGE_LOOP('',(#5058,#5059,#5060,#5061));
#1107=EDGE_LOOP('',(#5062,#5063,#5064,#5065));
#1108=EDGE_LOOP('',(#5066,#5067,#5068,#5069));
#1109=EDGE_LOOP('',(#5070,#5071,#5072,#5073));
#1110=EDGE_LOOP('',(#5074,#5075,#5076,#5077,#5078,#5079,#5080,#5081,#5082,
#5083,#5084,#5085,#5086,#5087,#5088,#5089));
#1111=EDGE_LOOP('',(#5090));
#1112=EDGE_LOOP('',(#5091));
#1113=EDGE_LOOP('',(#5092));
#1114=EDGE_LOOP('',(#5093));
#1115=EDGE_LOOP('',(#5094));
#1116=EDGE_LOOP('',(#5095,#5096,#5097,#5098,#5099,#5100,#5101,#5102,#5103,
#5104,#5105,#5106,#5107,#5108,#5109,#5110));
#1117=EDGE_LOOP('',(#5111));
#1118=EDGE_LOOP('',(#5112));
#1119=EDGE_LOOP('',(#5113));
#1120=EDGE_LOOP('',(#5114));
#1121=EDGE_LOOP('',(#5115));
#1122=EDGE_LOOP('',(#5116,#5117,#5118,#5119));
#1123=EDGE_LOOP('',(#5120,#5121,#5122,#5123));
#1124=EDGE_LOOP('',(#5124,#5125,#5126,#5127));
#1125=EDGE_LOOP('',(#5128,#5129,#5130,#5131));
#1126=EDGE_LOOP('',(#5132,#5133,#5134,#5135));
#1127=EDGE_LOOP('',(#5136,#5137,#5138,#5139));
#1128=EDGE_LOOP('',(#5140,#5141,#5142,#5143));
#1129=EDGE_LOOP('',(#5144,#5145,#5146,#5147));
#1130=EDGE_LOOP('',(#5148,#5149,#5150,#5151));
#1131=EDGE_LOOP('',(#5152,#5153,#5154,#5155));
#1132=EDGE_LOOP('',(#5156,#5157,#5158,#5159));
#1133=EDGE_LOOP('',(#5160,#5161,#5162,#5163));
#1134=EDGE_LOOP('',(#5164,#5165,#5166,#5167));
#1135=EDGE_LOOP('',(#5168,#5169,#5170,#5171));
#1136=EDGE_LOOP('',(#5172,#5173,#5174,#5175));
#1137=EDGE_LOOP('',(#5176,#5177,#5178,#5179));
#1138=EDGE_LOOP('',(#5180,#5181,#5182,#5183));
#1139=EDGE_LOOP('',(#5184,#5185,#5186,#5187,#5188,#5189,#5190,#5191));
#1140=EDGE_LOOP('',(#5192,#5193,#5194,#5195));
#1141=EDGE_LOOP('',(#5196,#5197,#5198,#5199));
#1142=EDGE_LOOP('',(#5200,#5201,#5202,#5203));
#1143=EDGE_LOOP('',(#5204,#5205,#5206,#5207,#5208,#5209,#5210,#5211,#5212,
#5213,#5214,#5215));
#1144=EDGE_LOOP('',(#5216));
#1145=EDGE_LOOP('',(#5217));
#1146=EDGE_LOOP('',(#5218));
#1147=EDGE_LOOP('',(#5219));
#1148=EDGE_LOOP('',(#5220));
#1149=EDGE_LOOP('',(#5221,#5222,#5223,#5224,#5225,#5226,#5227,#5228));
#1150=EDGE_LOOP('',(#5229));
#1151=EDGE_LOOP('',(#5230));
#1152=EDGE_LOOP('',(#5231));
#1153=EDGE_LOOP('',(#5232));
#1154=EDGE_LOOP('',(#5233));
#1155=EDGE_LOOP('',(#5234,#5235,#5236,#5237));
#1156=EDGE_LOOP('',(#5238,#5239,#5240,#5241));
#1157=EDGE_LOOP('',(#5242,#5243,#5244,#5245));
#1158=EDGE_LOOP('',(#5246,#5247,#5248,#5249));
#1159=EDGE_LOOP('',(#5250,#5251,#5252,#5253));
#1160=EDGE_LOOP('',(#5254,#5255,#5256,#5257));
#1161=EDGE_LOOP('',(#5258,#5259,#5260,#5261));
#1162=EDGE_LOOP('',(#5262,#5263,#5264,#5265));
#1163=EDGE_LOOP('',(#5266,#5267,#5268,#5269));
#1164=EDGE_LOOP('',(#5270,#5271,#5272,#5273));
#1165=EDGE_LOOP('',(#5274));
#1166=EDGE_LOOP('',(#5275));
#1167=EDGE_LOOP('',(#5276,#5277,#5278,#5279));
#1168=EDGE_LOOP('',(#5280,#5281,#5282,#5283));
#1169=EDGE_LOOP('',(#5284));
#1170=EDGE_LOOP('',(#5285));
#1171=EDGE_LOOP('',(#5286,#5287,#5288,#5289));
#1172=EDGE_LOOP('',(#5290,#5291,#5292,#5293));
#1173=EDGE_LOOP('',(#5294));
#1174=EDGE_LOOP('',(#5295));
#1175=EDGE_LOOP('',(#5296,#5297,#5298,#5299));
#1176=EDGE_LOOP('',(#5300,#5301,#5302,#5303));
#1177=EDGE_LOOP('',(#5304));
#1178=EDGE_LOOP('',(#5305));
#1179=EDGE_LOOP('',(#5306,#5307,#5308,#5309));
#1180=EDGE_LOOP('',(#5310,#5311,#5312,#5313));
#1181=EDGE_LOOP('',(#5314,#5315,#5316,#5317));
#1182=EDGE_LOOP('',(#5318,#5319,#5320,#5321));
#1183=EDGE_LOOP('',(#5322,#5323,#5324,#5325));
#1184=EDGE_LOOP('',(#5326,#5327,#5328,#5329));
#1185=EDGE_LOOP('',(#5330,#5331,#5332,#5333));
#1186=EDGE_LOOP('',(#5334,#5335,#5336,#5337));
#1187=EDGE_LOOP('',(#5338,#5339,#5340,#5341));
#1188=EDGE_LOOP('',(#5342,#5343,#5344,#5345,#5346,#5347,#5348,#5349));
#1189=EDGE_LOOP('',(#5350));
#1190=EDGE_LOOP('',(#5351));
#1191=EDGE_LOOP('',(#5352));
#1192=EDGE_LOOP('',(#5353));
#1193=EDGE_LOOP('',(#5354));
#1194=EDGE_LOOP('',(#5355,#5356,#5357,#5358,#5359,#5360,#5361,#5362));
#1195=EDGE_LOOP('',(#5363));
#1196=EDGE_LOOP('',(#5364));
#1197=EDGE_LOOP('',(#5365));
#1198=EDGE_LOOP('',(#5366));
#1199=EDGE_LOOP('',(#5367));
#1200=EDGE_LOOP('',(#5368,#5369,#5370,#5371));
#1201=EDGE_LOOP('',(#5372));
#1202=EDGE_LOOP('',(#5373));
#1203=EDGE_LOOP('',(#5374,#5375,#5376,#5377));
#1204=EDGE_LOOP('',(#5378,#5379,#5380,#5381));
#1205=EDGE_LOOP('',(#5382,#5383,#5384,#5385));
#1206=EDGE_LOOP('',(#5386,#5387,#5388,#5389));
#1207=EDGE_LOOP('',(#5390,#5391,#5392,#5393));
#1208=EDGE_LOOP('',(#5394));
#1209=EDGE_LOOP('',(#5395,#5396,#5397,#5398));
#1210=EDGE_LOOP('',(#5399,#5400,#5401,#5402));
#1211=EDGE_LOOP('',(#5403,#5404,#5405,#5406));
#1212=EDGE_LOOP('',(#5407,#5408,#5409,#5410));
#1213=EDGE_LOOP('',(#5411,#5412,#5413,#5414));
#1214=EDGE_LOOP('',(#5415,#5416,#5417,#5418));
#1215=EDGE_LOOP('',(#5419,#5420,#5421,#5422));
#1216=EDGE_LOOP('',(#5423,#5424,#5425,#5426));
#1217=EDGE_LOOP('',(#5427,#5428,#5429,#5430));
#1218=EDGE_LOOP('',(#5431,#5432,#5433,#5434));
#1219=EDGE_LOOP('',(#5435,#5436,#5437,#5438));
#1220=EDGE_LOOP('',(#5439,#5440,#5441,#5442));
#1221=EDGE_LOOP('',(#5443,#5444,#5445,#5446));
#1222=EDGE_LOOP('',(#5447,#5448,#5449,#5450));
#1223=EDGE_LOOP('',(#5451,#5452,#5453,#5454));
#1224=EDGE_LOOP('',(#5455,#5456,#5457,#5458));
#1225=EDGE_LOOP('',(#5459,#5460,#5461,#5462));
#1226=EDGE_LOOP('',(#5463,#5464,#5465,#5466));
#1227=EDGE_LOOP('',(#5467,#5468,#5469,#5470));
#1228=EDGE_LOOP('',(#5471,#5472,#5473,#5474));
#1229=EDGE_LOOP('',(#5475,#5476,#5477,#5478));
#1230=EDGE_LOOP('',(#5479,#5480,#5481,#5482));
#1231=EDGE_LOOP('',(#5483,#5484,#5485,#5486));
#1232=EDGE_LOOP('',(#5487,#5488,#5489,#5490));
#1233=EDGE_LOOP('',(#5491,#5492,#5493,#5494));
#1234=EDGE_LOOP('',(#5495,#5496,#5497,#5498));
#1235=EDGE_LOOP('',(#5499,#5500,#5501,#5502));
#1236=EDGE_LOOP('',(#5503,#5504,#5505,#5506));
#1237=EDGE_LOOP('',(#5507,#5508,#5509,#5510));
#1238=EDGE_LOOP('',(#5511,#5512,#5513,#5514));
#1239=EDGE_LOOP('',(#5515,#5516,#5517,#5518));
#1240=EDGE_LOOP('',(#5519,#5520,#5521,#5522));
#1241=EDGE_LOOP('',(#5523,#5524,#5525,#5526));
#1242=EDGE_LOOP('',(#5527,#5528,#5529,#5530));
#1243=EDGE_LOOP('',(#5531,#5532,#5533,#5534));
#1244=EDGE_LOOP('',(#5535,#5536,#5537,#5538));
#1245=EDGE_LOOP('',(#5539,#5540,#5541,#5542));
#1246=EDGE_LOOP('',(#5543,#5544,#5545,#5546));
#1247=EDGE_LOOP('',(#5547,#5548,#5549,#5550));
#1248=EDGE_LOOP('',(#5551,#5552,#5553,#5554));
#1249=EDGE_LOOP('',(#5555,#5556,#5557,#5558));
#1250=EDGE_LOOP('',(#5559,#5560,#5561,#5562));
#1251=EDGE_LOOP('',(#5563,#5564,#5565,#5566));
#1252=EDGE_LOOP('',(#5567,#5568,#5569,#5570));
#1253=EDGE_LOOP('',(#5571,#5572,#5573,#5574));
#1254=EDGE_LOOP('',(#5575,#5576,#5577,#5578));
#1255=EDGE_LOOP('',(#5579,#5580,#5581,#5582));
#1256=EDGE_LOOP('',(#5583,#5584,#5585,#5586));
#1257=EDGE_LOOP('',(#5587,#5588,#5589,#5590));
#1258=EDGE_LOOP('',(#5591,#5592,#5593,#5594));
#1259=EDGE_LOOP('',(#5595,#5596,#5597,#5598));
#1260=EDGE_LOOP('',(#5599,#5600,#5601,#5602));
#1261=EDGE_LOOP('',(#5603,#5604,#5605,#5606));
#1262=EDGE_LOOP('',(#5607,#5608,#5609,#5610));
#1263=EDGE_LOOP('',(#5611,#5612,#5613,#5614));
#1264=EDGE_LOOP('',(#5615,#5616,#5617,#5618));
#1265=EDGE_LOOP('',(#5619,#5620,#5621,#5622));
#1266=EDGE_LOOP('',(#5623,#5624,#5625,#5626));
#1267=EDGE_LOOP('',(#5627,#5628,#5629,#5630));
#1268=EDGE_LOOP('',(#5631,#5632,#5633,#5634));
#1269=EDGE_LOOP('',(#5635,#5636,#5637,#5638));
#1270=EDGE_LOOP('',(#5639,#5640,#5641,#5642));
#1271=EDGE_LOOP('',(#5643,#5644,#5645,#5646));
#1272=EDGE_LOOP('',(#5647,#5648,#5649,#5650));
#1273=EDGE_LOOP('',(#5651,#5652,#5653,#5654));
#1274=EDGE_LOOP('',(#5655,#5656,#5657,#5658));
#1275=EDGE_LOOP('',(#5659,#5660,#5661,#5662));
#1276=EDGE_LOOP('',(#5663,#5664,#5665,#5666));
#1277=EDGE_LOOP('',(#5667,#5668,#5669,#5670));
#1278=EDGE_LOOP('',(#5671,#5672,#5673,#5674));
#1279=EDGE_LOOP('',(#5675,#5676,#5677,#5678));
#1280=EDGE_LOOP('',(#5679,#5680,#5681,#5682));
#1281=EDGE_LOOP('',(#5683,#5684,#5685,#5686));
#1282=EDGE_LOOP('',(#5687,#5688,#5689,#5690));
#1283=EDGE_LOOP('',(#5691,#5692,#5693,#5694));
#1284=EDGE_LOOP('',(#5695,#5696,#5697,#5698));
#1285=EDGE_LOOP('',(#5699,#5700,#5701,#5702));
#1286=EDGE_LOOP('',(#5703,#5704,#5705,#5706));
#1287=EDGE_LOOP('',(#5707,#5708,#5709,#5710));
#1288=EDGE_LOOP('',(#5711,#5712,#5713,#5714));
#1289=EDGE_LOOP('',(#5715,#5716,#5717,#5718));
#1290=EDGE_LOOP('',(#5719,#5720,#5721,#5722));
#1291=EDGE_LOOP('',(#5723,#5724,#5725,#5726));
#1292=EDGE_LOOP('',(#5727,#5728,#5729,#5730));
#1293=EDGE_LOOP('',(#5731,#5732,#5733,#5734));
#1294=EDGE_LOOP('',(#5735,#5736,#5737,#5738));
#1295=EDGE_LOOP('',(#5739,#5740,#5741,#5742));
#1296=EDGE_LOOP('',(#5743,#5744,#5745,#5746));
#1297=EDGE_LOOP('',(#5747,#5748,#5749,#5750));
#1298=EDGE_LOOP('',(#5751,#5752,#5753,#5754));
#1299=EDGE_LOOP('',(#5755,#5756,#5757,#5758));
#1300=EDGE_LOOP('',(#5759,#5760,#5761,#5762));
#1301=EDGE_LOOP('',(#5763,#5764,#5765,#5766));
#1302=EDGE_LOOP('',(#5767,#5768,#5769,#5770));
#1303=EDGE_LOOP('',(#5771,#5772,#5773,#5774));
#1304=EDGE_LOOP('',(#5775,#5776,#5777,#5778));
#1305=EDGE_LOOP('',(#5779,#5780,#5781,#5782));
#1306=EDGE_LOOP('',(#5783,#5784,#5785,#5786));
#1307=EDGE_LOOP('',(#5787,#5788,#5789,#5790));
#1308=EDGE_LOOP('',(#5791,#5792,#5793,#5794));
#1309=EDGE_LOOP('',(#5795,#5796,#5797,#5798));
#1310=EDGE_LOOP('',(#5799,#5800,#5801,#5802));
#1311=EDGE_LOOP('',(#5803,#5804,#5805,#5806));
#1312=EDGE_LOOP('',(#5807,#5808,#5809,#5810));
#1313=EDGE_LOOP('',(#5811,#5812,#5813,#5814));
#1314=EDGE_LOOP('',(#5815,#5816,#5817,#5818));
#1315=EDGE_LOOP('',(#5819,#5820,#5821,#5822));
#1316=EDGE_LOOP('',(#5823,#5824,#5825,#5826));
#1317=EDGE_LOOP('',(#5827,#5828,#5829,#5830));
#1318=EDGE_LOOP('',(#5831,#5832,#5833,#5834));
#1319=EDGE_LOOP('',(#5835,#5836,#5837,#5838));
#1320=EDGE_LOOP('',(#5839,#5840,#5841,#5842));
#1321=EDGE_LOOP('',(#5843,#5844,#5845,#5846));
#1322=EDGE_LOOP('',(#5847,#5848,#5849,#5850));
#1323=EDGE_LOOP('',(#5851,#5852,#5853,#5854));
#1324=EDGE_LOOP('',(#5855,#5856,#5857,#5858));
#1325=EDGE_LOOP('',(#5859,#5860,#5861,#5862));
#1326=EDGE_LOOP('',(#5863,#5864,#5865,#5866));
#1327=EDGE_LOOP('',(#5867,#5868,#5869,#5870));
#1328=EDGE_LOOP('',(#5871,#5872,#5873,#5874));
#1329=EDGE_LOOP('',(#5875,#5876,#5877,#5878));
#1330=EDGE_LOOP('',(#5879,#5880,#5881,#5882));
#1331=EDGE_LOOP('',(#5883,#5884,#5885,#5886));
#1332=EDGE_LOOP('',(#5887,#5888,#5889,#5890));
#1333=EDGE_LOOP('',(#5891,#5892,#5893,#5894));
#1334=EDGE_LOOP('',(#5895,#5896,#5897,#5898));
#1335=EDGE_LOOP('',(#5899,#5900,#5901,#5902));
#1336=EDGE_LOOP('',(#5903,#5904,#5905,#5906));
#1337=EDGE_LOOP('',(#5907,#5908,#5909,#5910));
#1338=EDGE_LOOP('',(#5911,#5912,#5913,#5914));
#1339=EDGE_LOOP('',(#5915,#5916,#5917,#5918));
#1340=EDGE_LOOP('',(#5919,#5920,#5921,#5922));
#1341=EDGE_LOOP('',(#5923,#5924,#5925,#5926));
#1342=EDGE_LOOP('',(#5927,#5928,#5929,#5930));
#1343=EDGE_LOOP('',(#5931,#5932,#5933,#5934));
#1344=EDGE_LOOP('',(#5935,#5936,#5937,#5938));
#1345=EDGE_LOOP('',(#5939,#5940,#5941,#5942));
#1346=EDGE_LOOP('',(#5943,#5944,#5945,#5946));
#1347=EDGE_LOOP('',(#5947,#5948,#5949,#5950));
#1348=EDGE_LOOP('',(#5951,#5952,#5953,#5954));
#1349=EDGE_LOOP('',(#5955));
#1350=EDGE_LOOP('',(#5956,#5957,#5958,#5959));
#1351=EDGE_LOOP('',(#5960,#5961,#5962,#5963));
#1352=EDGE_LOOP('',(#5964,#5965,#5966,#5967));
#1353=EDGE_LOOP('',(#5968,#5969,#5970,#5971));
#1354=EDGE_LOOP('',(#5972,#5973,#5974,#5975));
#1355=EDGE_LOOP('',(#5976,#5977,#5978,#5979));
#1356=EDGE_LOOP('',(#5980,#5981,#5982,#5983));
#1357=EDGE_LOOP('',(#5984,#5985,#5986,#5987));
#1358=EDGE_LOOP('',(#5988,#5989,#5990,#5991));
#1359=EDGE_LOOP('',(#5992,#5993,#5994,#5995));
#1360=EDGE_LOOP('',(#5996,#5997,#5998,#5999));
#1361=EDGE_LOOP('',(#6000,#6001,#6002,#6003));
#1362=EDGE_LOOP('',(#6004,#6005,#6006,#6007));
#1363=EDGE_LOOP('',(#6008,#6009,#6010,#6011));
#1364=EDGE_LOOP('',(#6012,#6013,#6014,#6015));
#1365=EDGE_LOOP('',(#6016,#6017,#6018,#6019));
#1366=EDGE_LOOP('',(#6020,#6021,#6022,#6023));
#1367=EDGE_LOOP('',(#6024,#6025,#6026,#6027));
#1368=EDGE_LOOP('',(#6028,#6029,#6030,#6031));
#1369=EDGE_LOOP('',(#6032,#6033,#6034,#6035));
#1370=EDGE_LOOP('',(#6036,#6037,#6038,#6039,#6040));
#1371=EDGE_LOOP('',(#6041,#6042,#6043,#6044,#6045));
#1372=EDGE_LOOP('',(#6046,#6047,#6048,#6049));
#1373=EDGE_LOOP('',(#6050,#6051,#6052,#6053));
#1374=EDGE_LOOP('',(#6054,#6055,#6056,#6057,#6058));
#1375=EDGE_LOOP('',(#6059,#6060,#6061,#6062,#6063));
#1376=EDGE_LOOP('',(#6064,#6065,#6066,#6067));
#1377=EDGE_LOOP('',(#6068,#6069,#6070,#6071));
#1378=EDGE_LOOP('',(#6072,#6073,#6074,#6075,#6076));
#1379=EDGE_LOOP('',(#6077,#6078,#6079,#6080,#6081));
#1380=EDGE_LOOP('',(#6082,#6083,#6084,#6085));
#1381=EDGE_LOOP('',(#6086,#6087,#6088,#6089));
#1382=EDGE_LOOP('',(#6090,#6091,#6092,#6093,#6094));
#1383=EDGE_LOOP('',(#6095,#6096,#6097,#6098,#6099));
#1384=EDGE_LOOP('',(#6100,#6101,#6102,#6103));
#1385=EDGE_LOOP('',(#6104,#6105,#6106,#6107));
#1386=EDGE_LOOP('',(#6108,#6109,#6110,#6111));
#1387=EDGE_LOOP('',(#6112,#6113,#6114,#6115,#6116));
#1388=EDGE_LOOP('',(#6117,#6118,#6119,#6120,#6121));
#1389=EDGE_LOOP('',(#6122,#6123,#6124,#6125));
#1390=EDGE_LOOP('',(#6126,#6127,#6128,#6129,#6130));
#1391=EDGE_LOOP('',(#6131,#6132,#6133,#6134));
#1392=EDGE_LOOP('',(#6135,#6136,#6137,#6138,#6139));
#1393=EDGE_LOOP('',(#6140,#6141,#6142,#6143,#6144));
#1394=EDGE_LOOP('',(#6145,#6146,#6147,#6148,#6149));
#1395=EDGE_LOOP('',(#6150,#6151,#6152,#6153));
#1396=EDGE_LOOP('',(#6154,#6155,#6156,#6157));
#1397=EDGE_LOOP('',(#6158,#6159,#6160,#6161,#6162));
#1398=EDGE_LOOP('',(#6163,#6164,#6165,#6166,#6167));
#1399=EDGE_LOOP('',(#6168,#6169,#6170,#6171));
#1400=EDGE_LOOP('',(#6172,#6173,#6174,#6175));
#1401=EDGE_LOOP('',(#6176,#6177,#6178,#6179));
#1402=EDGE_LOOP('',(#6180,#6181,#6182,#6183));
#1403=EDGE_LOOP('',(#6184,#6185,#6186,#6187,#6188));
#1404=EDGE_LOOP('',(#6189,#6190,#6191,#6192));
#1405=EDGE_LOOP('',(#6193,#6194,#6195,#6196,#6197));
#1406=EDGE_LOOP('',(#6198,#6199,#6200,#6201));
#1407=EDGE_LOOP('',(#6202,#6203,#6204,#6205));
#1408=EDGE_LOOP('',(#6206,#6207,#6208,#6209,#6210));
#1409=EDGE_LOOP('',(#6211,#6212,#6213,#6214,#6215));
#1410=EDGE_LOOP('',(#6216,#6217,#6218,#6219));
#1411=EDGE_LOOP('',(#6220,#6221,#6222,#6223));
#1412=EDGE_LOOP('',(#6224,#6225,#6226,#6227));
#1413=EDGE_LOOP('',(#6228,#6229,#6230,#6231,#6232,#6233,#6234,#6235,#6236,
#6237));
#1414=EDGE_LOOP('',(#6238,#6239,#6240,#6241,#6242,#6243,#6244,#6245,#6246,
#6247,#6248,#6249,#6250,#6251,#6252,#6253));
#1415=EDGE_LOOP('',(#6254,#6255,#6256,#6257,#6258,#6259,#6260,#6261,#6262,
#6263,#6264,#6265,#6266,#6267,#6268,#6269));
#1416=EDGE_LOOP('',(#6270,#6271,#6272,#6273,#6274,#6275,#6276,#6277,#6278,
#6279));
#1417=EDGE_LOOP('',(#6280,#6281,#6282,#6283,#6284,#6285,#6286,#6287,#6288,
#6289,#6290,#6291,#6292,#6293,#6294,#6295,#6296,#6297,#6298,#6299,#6300,
#6301,#6302,#6303,#6304,#6305,#6306,#6307,#6308,#6309,#6310,#6311));
#1418=EDGE_LOOP('',(#6312,#6313,#6314,#6315));
#1419=EDGE_LOOP('',(#6316,#6317,#6318,#6319));
#1420=EDGE_LOOP('',(#6320,#6321,#6322,#6323,#6324,#6325));
#1421=EDGE_LOOP('',(#6326,#6327,#6328,#6329));
#1422=EDGE_LOOP('',(#6330,#6331,#6332,#6333));
#1423=EDGE_LOOP('',(#6334,#6335,#6336,#6337,#6338,#6339,#6340,#6341,#6342,
#6343));
#1424=EDGE_LOOP('',(#6344,#6345,#6346,#6347,#6348,#6349));
#1425=EDGE_LOOP('',(#6350,#6351,#6352,#6353,#6354,#6355,#6356,#6357));
#1426=EDGE_LOOP('',(#6358,#6359,#6360,#6361,#6362,#6363,#6364,#6365,#6366,
#6367));
#1427=EDGE_LOOP('',(#6368,#6369,#6370,#6371,#6372,#6373,#6374,#6375,#6376,
#6377,#6378,#6379,#6380,#6381,#6382,#6383,#6384,#6385,#6386,#6387,#6388,
#6389,#6390,#6391));
#1428=EDGE_LOOP('',(#6392,#6393,#6394,#6395,#6396,#6397,#6398,#6399,#6400,
#6401,#6402,#6403,#6404,#6405,#6406,#6407,#6408,#6409,#6410,#6411,#6412,
#6413,#6414,#6415));
#1429=EDGE_LOOP('',(#6416,#6417,#6418,#6419,#6420,#6421,#6422,#6423,#6424,
#6425,#6426,#6427,#6428,#6429,#6430,#6431,#6432,#6433,#6434,#6435,#6436,
#6437,#6438,#6439,#6440,#6441,#6442,#6443,#6444,#6445,#6446,#6447,#6448,
#6449,#6450,#6451,#6452,#6453,#6454,#6455));
#1430=EDGE_LOOP('',(#6456,#6457,#6458,#6459));
#1431=EDGE_LOOP('',(#6460,#6461,#6462,#6463));
#1432=EDGE_LOOP('',(#6464,#6465,#6466,#6467));
#1433=EDGE_LOOP('',(#6468,#6469,#6470,#6471));
#1434=EDGE_LOOP('',(#6472,#6473,#6474,#6475));
#1435=EDGE_LOOP('',(#6476,#6477,#6478,#6479));
#1436=EDGE_LOOP('',(#6480,#6481,#6482,#6483));
#1437=EDGE_LOOP('',(#6484,#6485,#6486,#6487));
#1438=EDGE_LOOP('',(#6488,#6489,#6490,#6491));
#1439=EDGE_LOOP('',(#6492,#6493,#6494,#6495));
#1440=EDGE_LOOP('',(#6496,#6497,#6498,#6499));
#1441=EDGE_LOOP('',(#6500,#6501,#6502,#6503));
#1442=EDGE_LOOP('',(#6504,#6505,#6506,#6507,#6508,#6509,#6510,#6511));
#1443=EDGE_LOOP('',(#6512,#6513,#6514,#6515));
#1444=EDGE_LOOP('',(#6516,#6517,#6518,#6519));
#1445=EDGE_LOOP('',(#6520,#6521,#6522,#6523));
#1446=EDGE_LOOP('',(#6524,#6525,#6526,#6527));
#1447=EDGE_LOOP('',(#6528,#6529,#6530,#6531));
#1448=EDGE_LOOP('',(#6532,#6533,#6534,#6535));
#1449=EDGE_LOOP('',(#6536,#6537,#6538,#6539,#6540,#6541,#6542,#6543));
#1450=EDGE_LOOP('',(#6544));
#1451=EDGE_LOOP('',(#6545,#6546));
#1452=EDGE_LOOP('',(#6547,#6548,#6549,#6550,#6551,#6552));
#1453=EDGE_LOOP('',(#6553,#6554));
#1454=EDGE_LOOP('',(#6555,#6556,#6557,#6558,#6559));
#1455=EDGE_LOOP('',(#6560,#6561,#6562,#6563));
#1456=EDGE_LOOP('',(#6564,#6565,#6566,#6567,#6568,#6569,#6570,#6571,#6572,
#6573,#6574,#6575,#6576,#6577,#6578,#6579,#6580,#6581,#6582,#6583,#6584,
#6585,#6586,#6587,#6588));
#1457=EDGE_LOOP('',(#6589,#6590,#6591,#6592,#6593));
#1458=EDGE_LOOP('',(#6594));
#1459=EDGE_LOOP('',(#6595));
#1460=EDGE_LOOP('',(#6596,#6597,#6598,#6599));
#1461=EDGE_LOOP('',(#6600,#6601,#6602,#6603,#6604));
#1462=EDGE_LOOP('',(#6605,#6606,#6607,#6608,#6609,#6610));
#1463=EDGE_LOOP('',(#6611,#6612,#6613,#6614,#6615));
#1464=EDGE_LOOP('',(#6616,#6617,#6618,#6619));
#1465=EDGE_LOOP('',(#6620));
#1466=EDGE_LOOP('',(#6621,#6622,#6623,#6624));
#1467=EDGE_LOOP('',(#6625,#6626,#6627,#6628));
#1468=EDGE_LOOP('',(#6629,#6630,#6631,#6632));
#1469=EDGE_LOOP('',(#6633,#6634,#6635,#6636));
#1470=EDGE_LOOP('',(#6637,#6638,#6639,#6640));
#1471=EDGE_LOOP('',(#6641,#6642,#6643,#6644));
#1472=EDGE_LOOP('',(#6645,#6646,#6647,#6648));
#1473=EDGE_LOOP('',(#6649,#6650,#6651,#6652));
#1474=EDGE_LOOP('',(#6653,#6654,#6655,#6656));
#1475=EDGE_LOOP('',(#6657,#6658,#6659,#6660));
#1476=EDGE_LOOP('',(#6661,#6662,#6663,#6664));
#1477=EDGE_LOOP('',(#6665,#6666,#6667,#6668));
#1478=EDGE_LOOP('',(#6669,#6670,#6671,#6672));
#1479=EDGE_LOOP('',(#6673,#6674,#6675,#6676));
#1480=EDGE_LOOP('',(#6677,#6678,#6679,#6680));
#1481=EDGE_LOOP('',(#6681,#6682,#6683,#6684));
#1482=EDGE_LOOP('',(#6685,#6686,#6687,#6688,#6689));
#1483=EDGE_LOOP('',(#6690,#6691,#6692,#6693));
#1484=EDGE_LOOP('',(#6694,#6695,#6696,#6697));
#1485=EDGE_LOOP('',(#6698,#6699,#6700,#6701));
#1486=EDGE_LOOP('',(#6702,#6703,#6704,#6705,#6706,#6707,#6708,#6709,#6710,
#6711,#6712,#6713,#6714,#6715,#6716,#6717,#6718,#6719,#6720,#6721));
#1487=EDGE_LOOP('',(#6722,#6723,#6724,#6725));
#1488=EDGE_LOOP('',(#6726));
#1489=EDGE_LOOP('',(#6727));
#1490=EDGE_LOOP('',(#6728,#6729,#6730,#6731));
#1491=EDGE_LOOP('',(#6732));
#1492=EDGE_LOOP('',(#6733));
#1493=EDGE_LOOP('',(#6734,#6735,#6736,#6737));
#1494=EDGE_LOOP('',(#6738,#6739,#6740,#6741));
#1495=EDGE_LOOP('',(#6742,#6743,#6744,#6745));
#1496=EDGE_LOOP('',(#6746));
#1497=EDGE_LOOP('',(#6747));
#1498=EDGE_LOOP('',(#6748,#6749,#6750,#6751));
#1499=EDGE_LOOP('',(#6752));
#1500=EDGE_LOOP('',(#6753));
#1501=EDGE_LOOP('',(#6754,#6755,#6756,#6757));
#1502=EDGE_LOOP('',(#6758,#6759,#6760,#6761));
#1503=EDGE_LOOP('',(#6762,#6763,#6764,#6765));
#1504=EDGE_LOOP('',(#6766,#6767,#6768,#6769));
#1505=EDGE_LOOP('',(#6770,#6771,#6772,#6773));
#1506=EDGE_LOOP('',(#6774,#6775,#6776,#6777));
#1507=EDGE_LOOP('',(#6778,#6779,#6780,#6781));
#1508=EDGE_LOOP('',(#6782,#6783,#6784,#6785));
#1509=EDGE_LOOP('',(#6786,#6787,#6788,#6789));
#1510=EDGE_LOOP('',(#6790,#6791,#6792,#6793));
#1511=EDGE_LOOP('',(#6794,#6795,#6796,#6797));
#1512=EDGE_LOOP('',(#6798,#6799,#6800,#6801));
#1513=EDGE_LOOP('',(#6802,#6803,#6804,#6805));
#1514=EDGE_LOOP('',(#6806,#6807,#6808,#6809));
#1515=EDGE_LOOP('',(#6810,#6811,#6812,#6813));
#1516=EDGE_LOOP('',(#6814,#6815,#6816,#6817));
#1517=EDGE_LOOP('',(#6818,#6819,#6820,#6821,#6822,#6823,#6824,#6825,#6826,
#6827,#6828,#6829));
#1518=EDGE_LOOP('',(#6830,#6831,#6832,#6833,#6834,#6835,#6836,#6837,#6838,
#6839,#6840,#6841));
#1519=EDGE_LOOP('',(#6842));
#1520=EDGE_LOOP('',(#6843));
#1521=EDGE_LOOP('',(#6844));
#1522=EDGE_LOOP('',(#6845));
#1523=EDGE_LOOP('',(#6846));
#1524=EDGE_LOOP('',(#6847,#6848,#6849,#6850));
#1525=EDGE_LOOP('',(#6851,#6852,#6853,#6854));
#1526=EDGE_LOOP('',(#6855));
#1527=EDGE_LOOP('',(#6856));
#1528=EDGE_LOOP('',(#6857));
#1529=EDGE_LOOP('',(#6858));
#1530=EDGE_LOOP('',(#6859));
#1531=EDGE_LOOP('',(#6860,#6861,#6862,#6863));
#1532=EDGE_LOOP('',(#6864,#6865,#6866,#6867));
#1533=EDGE_LOOP('',(#6868,#6869,#6870,#6871));
#1534=EDGE_LOOP('',(#6872,#6873,#6874,#6875));
#1535=EDGE_LOOP('',(#6876,#6877,#6878,#6879));
#1536=EDGE_LOOP('',(#6880,#6881,#6882,#6883));
#1537=EDGE_LOOP('',(#6884,#6885,#6886,#6887));
#1538=EDGE_LOOP('',(#6888,#6889));
#1539=EDGE_LOOP('',(#6890,#6891));
#1540=EDGE_LOOP('',(#6892,#6893));
#1541=EDGE_LOOP('',(#6894,#6895));
#1542=EDGE_LOOP('',(#6896,#6897));
#1543=EDGE_LOOP('',(#6898,#6899));
#1544=EDGE_LOOP('',(#6900,#6901));
#1545=EDGE_LOOP('',(#6902,#6903));
#1546=EDGE_LOOP('',(#6904,#6905));
#1547=EDGE_LOOP('',(#6906,#6907));
#1548=EDGE_LOOP('',(#6908,#6909));
#1549=EDGE_LOOP('',(#6910,#6911));
#1550=EDGE_LOOP('',(#6912,#6913));
#1551=EDGE_LOOP('',(#6914,#6915));
#1552=EDGE_LOOP('',(#6916,#6917));
#1553=EDGE_LOOP('',(#6918,#6919));
#1554=EDGE_LOOP('',(#6920,#6921));
#1555=EDGE_LOOP('',(#6922,#6923));
#1556=EDGE_LOOP('',(#6924,#6925,#6926,#6927,#6928,#6929));
#1557=EDGE_LOOP('',(#6930,#6931));
#1558=EDGE_LOOP('',(#6932,#6933));
#1559=EDGE_LOOP('',(#6934,#6935));
#1560=EDGE_LOOP('',(#6936,#6937));
#1561=EDGE_LOOP('',(#6938,#6939));
#1562=EDGE_LOOP('',(#6940,#6941));
#1563=EDGE_LOOP('',(#6942,#6943));
#1564=EDGE_LOOP('',(#6944,#6945,#6946,#6947));
#1565=EDGE_LOOP('',(#6948,#6949,#6950,#6951,#6952,#6953));
#1566=EDGE_LOOP('',(#6954,#6955,#6956,#6957));
#1567=EDGE_LOOP('',(#6958,#6959,#6960,#6961));
#1568=EDGE_LOOP('',(#6962,#6963,#6964,#6965));
#1569=EDGE_LOOP('',(#6966,#6967,#6968,#6969));
#1570=EDGE_LOOP('',(#6970,#6971,#6972,#6973));
#1571=EDGE_LOOP('',(#6974,#6975,#6976,#6977));
#1572=EDGE_LOOP('',(#6978));
#1573=EDGE_LOOP('',(#6979));
#1574=EDGE_LOOP('',(#6980,#6981,#6982,#6983));
#1575=EDGE_LOOP('',(#6984,#6985,#6986,#6987));
#1576=EDGE_LOOP('',(#6988,#6989,#6990,#6991));
#1577=EDGE_LOOP('',(#6992));
#1578=EDGE_LOOP('',(#6993));
#1579=EDGE_LOOP('',(#6994,#6995,#6996,#6997));
#1580=EDGE_LOOP('',(#6998,#6999,#7000,#7001,#7002,#7003,#7004,#7005,#7006,
#7007,#7008,#7009,#7010));
#1581=EDGE_LOOP('',(#7011,#7012,#7013,#7014));
#1582=EDGE_LOOP('',(#7015,#7016,#7017,#7018,#7019,#7020,#7021,#7022,#7023,
#7024,#7025,#7026,#7027));
#1583=EDGE_LOOP('',(#7028,#7029,#7030,#7031));
#1584=EDGE_LOOP('',(#7032,#7033,#7034,#7035));
#1585=EDGE_LOOP('',(#7036,#7037,#7038,#7039));
#1586=EDGE_LOOP('',(#7040));
#1587=EDGE_LOOP('',(#7041));
#1588=EDGE_LOOP('',(#7042,#7043,#7044,#7045));
#1589=EDGE_LOOP('',(#7046,#7047,#7048,#7049,#7050,#7051,#7052,#7053,#7054,
#7055,#7056,#7057,#7058));
#1590=EDGE_LOOP('',(#7059,#7060,#7061,#7062));
#1591=EDGE_LOOP('',(#7063,#7064,#7065,#7066,#7067,#7068,#7069,#7070,#7071,
#7072,#7073,#7074,#7075));
#1592=EDGE_LOOP('',(#7076,#7077,#7078,#7079));
#1593=EDGE_LOOP('',(#7080));
#1594=EDGE_LOOP('',(#7081));
#1595=EDGE_LOOP('',(#7082,#7083,#7084,#7085));
#1596=EDGE_LOOP('',(#7086,#7087,#7088,#7089));
#1597=EDGE_LOOP('',(#7090,#7091,#7092,#7093,#7094,#7095));
#1598=EDGE_LOOP('',(#7096,#7097,#7098,#7099));
#1599=EDGE_LOOP('',(#7100,#7101,#7102,#7103));
#1600=EDGE_LOOP('',(#7104,#7105,#7106,#7107));
#1601=EDGE_LOOP('',(#7108,#7109,#7110,#7111));
#1602=EDGE_LOOP('',(#7112,#7113,#7114,#7115));
#1603=EDGE_LOOP('',(#7116,#7117,#7118,#7119));
#1604=EDGE_LOOP('',(#7120,#7121,#7122,#7123));
#1605=EDGE_LOOP('',(#7124));
#1606=EDGE_LOOP('',(#7125,#7126,#7127,#7128));
#1607=EDGE_LOOP('',(#7129,#7130,#7131,#7132));
#1608=EDGE_LOOP('',(#7133,#7134,#7135,#7136));
#1609=EDGE_LOOP('',(#7137,#7138,#7139,#7140));
#1610=EDGE_LOOP('',(#7141,#7142,#7143,#7144));
#1611=EDGE_LOOP('',(#7145,#7146,#7147,#7148));
#1612=EDGE_LOOP('',(#7149));
#1613=EDGE_LOOP('',(#7150,#7151,#7152,#7153));
#1614=EDGE_LOOP('',(#7154,#7155,#7156,#7157));
#1615=EDGE_LOOP('',(#7158,#7159,#7160,#7161));
#1616=EDGE_LOOP('',(#7162));
#1617=EDGE_LOOP('',(#7163,#7164,#7165,#7166));
#1618=EDGE_LOOP('',(#7167,#7168,#7169,#7170));
#1619=EDGE_LOOP('',(#7171));
#1620=EDGE_LOOP('',(#7172,#7173,#7174,#7175));
#1621=EDGE_LOOP('',(#7176,#7177,#7178,#7179));
#1622=EDGE_LOOP('',(#7180));
#1623=EDGE_LOOP('',(#7181));
#1624=EDGE_LOOP('',(#7182,#7183,#7184,#7185));
#1625=EDGE_LOOP('',(#7186,#7187,#7188,#7189));
#1626=EDGE_LOOP('',(#7190));
#1627=EDGE_LOOP('',(#7191));
#1628=EDGE_LOOP('',(#7192,#7193,#7194,#7195));
#1629=EDGE_LOOP('',(#7196));
#1630=EDGE_LOOP('',(#7197,#7198,#7199,#7200));
#1631=EDGE_LOOP('',(#7201,#7202,#7203,#7204));
#1632=EDGE_LOOP('',(#7205,#7206,#7207,#7208));
#1633=EDGE_LOOP('',(#7209,#7210,#7211,#7212));
#1634=EDGE_LOOP('',(#7213,#7214,#7215,#7216));
#1635=EDGE_LOOP('',(#7217,#7218,#7219,#7220));
#1636=EDGE_LOOP('',(#7221));
#1637=EDGE_LOOP('',(#7222,#7223,#7224,#7225));
#1638=EDGE_LOOP('',(#7226));
#1639=EDGE_LOOP('',(#7227));
#1640=LINE('',#11581,#2443);
#1641=LINE('',#11583,#2444);
#1642=LINE('',#11585,#2445);
#1643=LINE('',#11586,#2446);
#1644=LINE('',#11590,#2447);
#1645=LINE('',#11592,#2448);
#1646=LINE('',#11594,#2449);
#1647=LINE('',#11595,#2450);
#1648=LINE('',#11599,#2451);
#1649=LINE('',#11601,#2452);
#1650=LINE('',#11603,#2453);
#1651=LINE('',#11604,#2454);
#1652=LINE('',#11608,#2455);
#1653=LINE('',#11610,#2456);
#1654=LINE('',#11612,#2457);
#1655=LINE('',#11613,#2458);
#1656=LINE('',#11617,#2459);
#1657=LINE('',#11622,#2460);
#1658=LINE('',#11627,#2461);
#1659=LINE('',#11632,#2462);
#1660=LINE('',#11649,#2463);
#1661=LINE('',#11654,#2464);
#1662=LINE('',#11659,#2465);
#1663=LINE('',#11664,#2466);
#1664=LINE('',#11677,#2467);
#1665=LINE('',#11678,#2468);
#1666=LINE('',#11680,#2469);
#1667=LINE('',#11681,#2470);
#1668=LINE('',#11683,#2471);
#1669=LINE('',#11684,#2472);
#1670=LINE('',#11686,#2473);
#1671=LINE('',#11687,#2474);
#1672=LINE('',#11689,#2475);
#1673=LINE('',#11691,#2476);
#1674=LINE('',#11693,#2477);
#1675=LINE('',#11695,#2478);
#1676=LINE('',#11697,#2479);
#1677=LINE('',#11710,#2480);
#1678=LINE('',#11712,#2481);
#1679=LINE('',#11714,#2482);
#1680=LINE('',#11716,#2483);
#1681=LINE('',#11718,#2484);
#1682=LINE('',#11720,#2485);
#1683=LINE('',#11722,#2486);
#1684=LINE('',#11723,#2487);
#1685=LINE('',#11727,#2488);
#1686=LINE('',#11729,#2489);
#1687=LINE('',#11731,#2490);
#1688=LINE('',#11732,#2491);
#1689=LINE('',#11736,#2492);
#1690=LINE('',#11738,#2493);
#1691=LINE('',#11740,#2494);
#1692=LINE('',#11741,#2495);
#1693=LINE('',#11745,#2496);
#1694=LINE('',#11747,#2497);
#1695=LINE('',#11749,#2498);
#1696=LINE('',#11750,#2499);
#1697=LINE('',#11752,#2500);
#1698=LINE('',#11754,#2501);
#1699=LINE('',#11756,#2502);
#1700=LINE('',#11757,#2503);
#1701=LINE('',#11758,#2504);
#1702=LINE('',#11759,#2505);
#1703=LINE('',#11760,#2506);
#1704=LINE('',#11772,#2507);
#1705=LINE('',#11773,#2508);
#1706=LINE('',#11774,#2509);
#1707=LINE('',#11775,#2510);
#1708=LINE('',#11791,#2511);
#1709=LINE('',#11794,#2512);
#1710=LINE('',#11795,#2513);
#1711=LINE('',#11798,#2514);
#1712=LINE('',#11799,#2515);
#1713=LINE('',#11801,#2516);
#1714=LINE('',#11805,#2517);
#1715=LINE('',#11811,#2518);
#1716=LINE('',#11814,#2519);
#1717=LINE('',#11820,#2520);
#1718=LINE('',#11823,#2521);
#1719=LINE('',#11829,#2522);
#1720=LINE('',#11832,#2523);
#1721=LINE('',#11838,#2524);
#1722=LINE('',#11843,#2525);
#1723=LINE('',#11845,#2526);
#1724=LINE('',#11847,#2527);
#1725=LINE('',#11848,#2528);
#1726=LINE('',#11851,#2529);
#1727=LINE('',#11853,#2530);
#1728=LINE('',#11854,#2531);
#1729=LINE('',#11857,#2532);
#1730=LINE('',#11859,#2533);
#1731=LINE('',#11860,#2534);
#1732=LINE('',#11863,#2535);
#1733=LINE('',#11865,#2536);
#1734=LINE('',#11866,#2537);
#1735=LINE('',#11869,#2538);
#1736=LINE('',#11871,#2539);
#1737=LINE('',#11872,#2540);
#1738=LINE('',#11875,#2541);
#1739=LINE('',#11877,#2542);
#1740=LINE('',#11878,#2543);
#1741=LINE('',#11881,#2544);
#1742=LINE('',#11883,#2545);
#1743=LINE('',#11884,#2546);
#1744=LINE('',#11886,#2547);
#1745=LINE('',#11887,#2548);
#1746=LINE('',#11912,#2549);
#1747=LINE('',#11918,#2550);
#1748=LINE('',#11920,#2551);
#1749=LINE('',#11922,#2552);
#1750=LINE('',#11924,#2553);
#1751=LINE('',#11926,#2554);
#1752=LINE('',#11934,#2555);
#1753=LINE('',#11938,#2556);
#1754=LINE('',#11940,#2557);
#1755=LINE('',#11942,#2558);
#1756=LINE('',#11943,#2559);
#1757=LINE('',#11947,#2560);
#1758=LINE('',#11948,#2561);
#1759=LINE('',#11949,#2562);
#1760=LINE('',#11953,#2563);
#1761=LINE('',#11954,#2564);
#1762=LINE('',#11955,#2565);
#1763=LINE('',#11957,#2566);
#1764=LINE('',#11958,#2567);
#1765=LINE('',#11962,#2568);
#1766=LINE('',#11964,#2569);
#1767=LINE('',#11966,#2570);
#1768=LINE('',#11967,#2571);
#1769=LINE('',#11971,#2572);
#1770=LINE('',#11972,#2573);
#1771=LINE('',#11973,#2574);
#1772=LINE('',#11977,#2575);
#1773=LINE('',#11978,#2576);
#1774=LINE('',#11979,#2577);
#1775=LINE('',#11981,#2578);
#1776=LINE('',#11982,#2579);
#1777=LINE('',#11986,#2580);
#1778=LINE('',#11988,#2581);
#1779=LINE('',#11990,#2582);
#1780=LINE('',#11991,#2583);
#1781=LINE('',#11995,#2584);
#1782=LINE('',#11996,#2585);
#1783=LINE('',#11997,#2586);
#1784=LINE('',#12001,#2587);
#1785=LINE('',#12002,#2588);
#1786=LINE('',#12003,#2589);
#1787=LINE('',#12005,#2590);
#1788=LINE('',#12006,#2591);
#1789=LINE('',#12010,#2592);
#1790=LINE('',#12012,#2593);
#1791=LINE('',#12014,#2594);
#1792=LINE('',#12015,#2595);
#1793=LINE('',#12019,#2596);
#1794=LINE('',#12020,#2597);
#1795=LINE('',#12021,#2598);
#1796=LINE('',#12025,#2599);
#1797=LINE('',#12026,#2600);
#1798=LINE('',#12027,#2601);
#1799=LINE('',#12029,#2602);
#1800=LINE('',#12030,#2603);
#1801=LINE('',#12034,#2604);
#1802=LINE('',#12036,#2605);
#1803=LINE('',#12038,#2606);
#1804=LINE('',#12039,#2607);
#1805=LINE('',#12043,#2608);
#1806=LINE('',#12044,#2609);
#1807=LINE('',#12045,#2610);
#1808=LINE('',#12049,#2611);
#1809=LINE('',#12050,#2612);
#1810=LINE('',#12051,#2613);
#1811=LINE('',#12053,#2614);
#1812=LINE('',#12054,#2615);
#1813=LINE('',#12058,#2616);
#1814=LINE('',#12060,#2617);
#1815=LINE('',#12062,#2618);
#1816=LINE('',#12063,#2619);
#1817=LINE('',#12067,#2620);
#1818=LINE('',#12068,#2621);
#1819=LINE('',#12069,#2622);
#1820=LINE('',#12073,#2623);
#1821=LINE('',#12074,#2624);
#1822=LINE('',#12075,#2625);
#1823=LINE('',#12077,#2626);
#1824=LINE('',#12078,#2627);
#1825=LINE('',#12082,#2628);
#1826=LINE('',#12084,#2629);
#1827=LINE('',#12086,#2630);
#1828=LINE('',#12087,#2631);
#1829=LINE('',#12091,#2632);
#1830=LINE('',#12092,#2633);
#1831=LINE('',#12093,#2634);
#1832=LINE('',#12097,#2635);
#1833=LINE('',#12098,#2636);
#1834=LINE('',#12099,#2637);
#1835=LINE('',#12101,#2638);
#1836=LINE('',#12102,#2639);
#1837=LINE('',#12106,#2640);
#1838=LINE('',#12108,#2641);
#1839=LINE('',#12110,#2642);
#1840=LINE('',#12111,#2643);
#1841=LINE('',#12115,#2644);
#1842=LINE('',#12116,#2645);
#1843=LINE('',#12117,#2646);
#1844=LINE('',#12121,#2647);
#1845=LINE('',#12122,#2648);
#1846=LINE('',#12123,#2649);
#1847=LINE('',#12125,#2650);
#1848=LINE('',#12126,#2651);
#1849=LINE('',#12130,#2652);
#1850=LINE('',#12132,#2653);
#1851=LINE('',#12134,#2654);
#1852=LINE('',#12135,#2655);
#1853=LINE('',#12139,#2656);
#1854=LINE('',#12140,#2657);
#1855=LINE('',#12141,#2658);
#1856=LINE('',#12145,#2659);
#1857=LINE('',#12146,#2660);
#1858=LINE('',#12147,#2661);
#1859=LINE('',#12149,#2662);
#1860=LINE('',#12150,#2663);
#1861=LINE('',#12154,#2664);
#1862=LINE('',#12156,#2665);
#1863=LINE('',#12158,#2666);
#1864=LINE('',#12159,#2667);
#1865=LINE('',#12163,#2668);
#1866=LINE('',#12164,#2669);
#1867=LINE('',#12165,#2670);
#1868=LINE('',#12169,#2671);
#1869=LINE('',#12170,#2672);
#1870=LINE('',#12171,#2673);
#1871=LINE('',#12173,#2674);
#1872=LINE('',#12174,#2675);
#1873=LINE('',#12178,#2676);
#1874=LINE('',#12180,#2677);
#1875=LINE('',#12181,#2678);
#1876=LINE('',#12184,#2679);
#1877=LINE('',#12185,#2680);
#1878=LINE('',#12188,#2681);
#1879=LINE('',#12189,#2682);
#1880=LINE('',#12191,#2683);
#1881=LINE('',#12195,#2684);
#1882=LINE('',#12197,#2685);
#1883=LINE('',#12198,#2686);
#1884=LINE('',#12201,#2687);
#1885=LINE('',#12202,#2688);
#1886=LINE('',#12205,#2689);
#1887=LINE('',#12206,#2690);
#1888=LINE('',#12208,#2691);
#1889=LINE('',#12212,#2692);
#1890=LINE('',#12217,#2693);
#1891=LINE('',#12221,#2694);
#1892=LINE('',#12224,#2695);
#1893=LINE('',#12228,#2696);
#1894=LINE('',#12230,#2697);
#1895=LINE('',#12231,#2698);
#1896=LINE('',#12234,#2699);
#1897=LINE('',#12235,#2700);
#1898=LINE('',#12238,#2701);
#1899=LINE('',#12239,#2702);
#1900=LINE('',#12241,#2703);
#1901=LINE('',#12245,#2704);
#1902=LINE('',#12247,#2705);
#1903=LINE('',#12248,#2706);
#1904=LINE('',#12251,#2707);
#1905=LINE('',#12252,#2708);
#1906=LINE('',#12255,#2709);
#1907=LINE('',#12256,#2710);
#1908=LINE('',#12258,#2711);
#1909=LINE('',#12262,#2712);
#1910=LINE('',#12267,#2713);
#1911=LINE('',#12271,#2714);
#1912=LINE('',#12274,#2715);
#1913=LINE('',#12278,#2716);
#1914=LINE('',#12280,#2717);
#1915=LINE('',#12281,#2718);
#1916=LINE('',#12284,#2719);
#1917=LINE('',#12285,#2720);
#1918=LINE('',#12288,#2721);
#1919=LINE('',#12289,#2722);
#1920=LINE('',#12291,#2723);
#1921=LINE('',#12295,#2724);
#1922=LINE('',#12297,#2725);
#1923=LINE('',#12298,#2726);
#1924=LINE('',#12301,#2727);
#1925=LINE('',#12302,#2728);
#1926=LINE('',#12305,#2729);
#1927=LINE('',#12306,#2730);
#1928=LINE('',#12308,#2731);
#1929=LINE('',#12312,#2732);
#1930=LINE('',#12317,#2733);
#1931=LINE('',#12321,#2734);
#1932=LINE('',#12324,#2735);
#1933=LINE('',#12328,#2736);
#1934=LINE('',#12330,#2737);
#1935=LINE('',#12331,#2738);
#1936=LINE('',#12334,#2739);
#1937=LINE('',#12335,#2740);
#1938=LINE('',#12338,#2741);
#1939=LINE('',#12339,#2742);
#1940=LINE('',#12341,#2743);
#1941=LINE('',#12345,#2744);
#1942=LINE('',#12347,#2745);
#1943=LINE('',#12348,#2746);
#1944=LINE('',#12351,#2747);
#1945=LINE('',#12352,#2748);
#1946=LINE('',#12355,#2749);
#1947=LINE('',#12356,#2750);
#1948=LINE('',#12358,#2751);
#1949=LINE('',#12362,#2752);
#1950=LINE('',#12367,#2753);
#1951=LINE('',#12371,#2754);
#1952=LINE('',#12374,#2755);
#1953=LINE('',#12378,#2756);
#1954=LINE('',#12380,#2757);
#1955=LINE('',#12381,#2758);
#1956=LINE('',#12384,#2759);
#1957=LINE('',#12385,#2760);
#1958=LINE('',#12388,#2761);
#1959=LINE('',#12389,#2762);
#1960=LINE('',#12391,#2763);
#1961=LINE('',#12395,#2764);
#1962=LINE('',#12397,#2765);
#1963=LINE('',#12398,#2766);
#1964=LINE('',#12401,#2767);
#1965=LINE('',#12402,#2768);
#1966=LINE('',#12405,#2769);
#1967=LINE('',#12406,#2770);
#1968=LINE('',#12408,#2771);
#1969=LINE('',#12412,#2772);
#1970=LINE('',#12417,#2773);
#1971=LINE('',#12421,#2774);
#1972=LINE('',#12424,#2775);
#1973=LINE('',#12428,#2776);
#1974=LINE('',#12430,#2777);
#1975=LINE('',#12432,#2778);
#1976=LINE('',#12433,#2779);
#1977=LINE('',#12437,#2780);
#1978=LINE('',#12439,#2781);
#1979=LINE('',#12441,#2782);
#1980=LINE('',#12442,#2783);
#1981=LINE('',#12444,#2784);
#1982=LINE('',#12445,#2785);
#1983=LINE('',#12449,#2786);
#1984=LINE('',#12451,#2787);
#1985=LINE('',#12453,#2788);
#1986=LINE('',#12454,#2789);
#1987=LINE('',#12458,#2790);
#1988=LINE('',#12460,#2791);
#1989=LINE('',#12462,#2792);
#1990=LINE('',#12463,#2793);
#1991=LINE('',#12465,#2794);
#1992=LINE('',#12466,#2795);
#1993=LINE('',#12470,#2796);
#1994=LINE('',#12472,#2797);
#1995=LINE('',#12474,#2798);
#1996=LINE('',#12475,#2799);
#1997=LINE('',#12479,#2800);
#1998=LINE('',#12481,#2801);
#1999=LINE('',#12483,#2802);
#2000=LINE('',#12484,#2803);
#2001=LINE('',#12486,#2804);
#2002=LINE('',#12487,#2805);
#2003=LINE('',#12491,#2806);
#2004=LINE('',#12493,#2807);
#2005=LINE('',#12495,#2808);
#2006=LINE('',#12496,#2809);
#2007=LINE('',#12500,#2810);
#2008=LINE('',#12502,#2811);
#2009=LINE('',#12504,#2812);
#2010=LINE('',#12505,#2813);
#2011=LINE('',#12507,#2814);
#2012=LINE('',#12508,#2815);
#2013=LINE('',#12512,#2816);
#2014=LINE('',#12514,#2817);
#2015=LINE('',#12516,#2818);
#2016=LINE('',#12517,#2819);
#2017=LINE('',#12521,#2820);
#2018=LINE('',#12523,#2821);
#2019=LINE('',#12525,#2822);
#2020=LINE('',#12526,#2823);
#2021=LINE('',#12528,#2824);
#2022=LINE('',#12529,#2825);
#2023=LINE('',#12533,#2826);
#2024=LINE('',#12535,#2827);
#2025=LINE('',#12537,#2828);
#2026=LINE('',#12538,#2829);
#2027=LINE('',#12542,#2830);
#2028=LINE('',#12543,#2831);
#2029=LINE('',#12544,#2832);
#2030=LINE('',#12548,#2833);
#2031=LINE('',#12549,#2834);
#2032=LINE('',#12550,#2835);
#2033=LINE('',#12552,#2836);
#2034=LINE('',#12553,#2837);
#2035=LINE('',#12557,#2838);
#2036=LINE('',#12559,#2839);
#2037=LINE('',#12561,#2840);
#2038=LINE('',#12562,#2841);
#2039=LINE('',#12566,#2842);
#2040=LINE('',#12567,#2843);
#2041=LINE('',#12568,#2844);
#2042=LINE('',#12572,#2845);
#2043=LINE('',#12573,#2846);
#2044=LINE('',#12574,#2847);
#2045=LINE('',#12576,#2848);
#2046=LINE('',#12577,#2849);
#2047=LINE('',#12581,#2850);
#2048=LINE('',#12583,#2851);
#2049=LINE('',#12584,#2852);
#2050=LINE('',#12587,#2853);
#2051=LINE('',#12588,#2854);
#2052=LINE('',#12591,#2855);
#2053=LINE('',#12592,#2856);
#2054=LINE('',#12594,#2857);
#2055=LINE('',#12598,#2858);
#2056=LINE('',#12600,#2859);
#2057=LINE('',#12601,#2860);
#2058=LINE('',#12604,#2861);
#2059=LINE('',#12605,#2862);
#2060=LINE('',#12608,#2863);
#2061=LINE('',#12609,#2864);
#2062=LINE('',#12611,#2865);
#2063=LINE('',#12615,#2866);
#2064=LINE('',#12620,#2867);
#2065=LINE('',#12624,#2868);
#2066=LINE('',#12627,#2869);
#2067=LINE('',#12631,#2870);
#2068=LINE('',#12633,#2871);
#2069=LINE('',#12635,#2872);
#2070=LINE('',#12636,#2873);
#2071=LINE('',#12640,#2874);
#2072=LINE('',#12641,#2875);
#2073=LINE('',#12642,#2876);
#2074=LINE('',#12645,#2877);
#2075=LINE('',#12646,#2878);
#2076=LINE('',#12650,#2879);
#2077=LINE('',#12652,#2880);
#2078=LINE('',#12654,#2881);
#2079=LINE('',#12655,#2882);
#2080=LINE('',#12659,#2883);
#2081=LINE('',#12660,#2884);
#2082=LINE('',#12661,#2885);
#2083=LINE('',#12664,#2886);
#2084=LINE('',#12665,#2887);
#2085=LINE('',#12669,#2888);
#2086=LINE('',#12671,#2889);
#2087=LINE('',#12673,#2890);
#2088=LINE('',#12674,#2891);
#2089=LINE('',#12678,#2892);
#2090=LINE('',#12680,#2893);
#2091=LINE('',#12682,#2894);
#2092=LINE('',#12683,#2895);
#2093=LINE('',#12687,#2896);
#2094=LINE('',#12689,#2897);
#2095=LINE('',#12691,#2898);
#2096=LINE('',#12692,#2899);
#2097=LINE('',#12696,#2900);
#2098=LINE('',#12698,#2901);
#2099=LINE('',#12700,#2902);
#2100=LINE('',#12701,#2903);
#2101=LINE('',#12704,#2904);
#2102=LINE('',#12706,#2905);
#2103=LINE('',#12707,#2906);
#2104=LINE('',#12710,#2907);
#2105=LINE('',#12712,#2908);
#2106=LINE('',#12713,#2909);
#2107=LINE('',#12716,#2910);
#2108=LINE('',#12717,#2911);
#2109=LINE('',#12720,#2912);
#2110=LINE('',#12721,#2913);
#2111=LINE('',#12724,#2914);
#2112=LINE('',#12726,#2915);
#2113=LINE('',#12727,#2916);
#2114=LINE('',#12730,#2917);
#2115=LINE('',#12732,#2918);
#2116=LINE('',#12733,#2919);
#2117=LINE('',#12736,#2920);
#2118=LINE('',#12737,#2921);
#2119=LINE('',#12740,#2922);
#2120=LINE('',#12741,#2923);
#2121=LINE('',#12744,#2924);
#2122=LINE('',#12746,#2925);
#2123=LINE('',#12747,#2926);
#2124=LINE('',#12750,#2927);
#2125=LINE('',#12752,#2928);
#2126=LINE('',#12753,#2929);
#2127=LINE('',#12756,#2930);
#2128=LINE('',#12757,#2931);
#2129=LINE('',#12760,#2932);
#2130=LINE('',#12761,#2933);
#2131=LINE('',#12764,#2934);
#2132=LINE('',#12766,#2935);
#2133=LINE('',#12767,#2936);
#2134=LINE('',#12770,#2937);
#2135=LINE('',#12772,#2938);
#2136=LINE('',#12773,#2939);
#2137=LINE('',#12776,#2940);
#2138=LINE('',#12777,#2941);
#2139=LINE('',#12780,#2942);
#2140=LINE('',#12781,#2943);
#2141=LINE('',#12785,#2944);
#2142=LINE('',#12787,#2945);
#2143=LINE('',#12789,#2946);
#2144=LINE('',#12790,#2947);
#2145=LINE('',#12793,#2948);
#2146=LINE('',#12795,#2949);
#2147=LINE('',#12796,#2950);
#2148=LINE('',#12799,#2951);
#2149=LINE('',#12801,#2952);
#2150=LINE('',#12802,#2953);
#2151=LINE('',#12805,#2954);
#2152=LINE('',#12806,#2955);
#2153=LINE('',#12809,#2956);
#2154=LINE('',#12810,#2957);
#2155=LINE('',#12814,#2958);
#2156=LINE('',#12816,#2959);
#2157=LINE('',#12818,#2960);
#2158=LINE('',#12819,#2961);
#2159=LINE('',#12823,#2962);
#2160=LINE('',#12825,#2963);
#2161=LINE('',#12827,#2964);
#2162=LINE('',#12829,#2965);
#2163=LINE('',#12830,#2966);
#2164=LINE('',#12835,#2967);
#2165=LINE('',#12839,#2968);
#2166=LINE('',#12841,#2969);
#2167=LINE('',#12843,#2970);
#2168=LINE('',#12844,#2971);
#2169=LINE('',#12848,#2972);
#2170=LINE('',#12850,#2973);
#2171=LINE('',#12852,#2974);
#2172=LINE('',#12854,#2975);
#2173=LINE('',#12855,#2976);
#2174=LINE('',#12859,#2977);
#2175=LINE('',#12861,#2978);
#2176=LINE('',#12863,#2979);
#2177=LINE('',#12865,#2980);
#2178=LINE('',#12866,#2981);
#2179=LINE('',#12873,#2982);
#2180=LINE('',#12875,#2983);
#2181=LINE('',#12877,#2984);
#2182=LINE('',#12878,#2985);
#2183=LINE('',#12881,#2986);
#2184=LINE('',#12883,#2987);
#2185=LINE('',#12885,#2988);
#2186=LINE('',#12886,#2989);
#2187=LINE('',#12889,#2990);
#2188=LINE('',#12891,#2991);
#2189=LINE('',#12893,#2992);
#2190=LINE('',#12894,#2993);
#2191=LINE('',#12898,#2994);
#2192=LINE('',#12900,#2995);
#2193=LINE('',#12902,#2996);
#2194=LINE('',#12903,#2997);
#2195=LINE('',#12907,#2998);
#2196=LINE('',#12909,#2999);
#2197=LINE('',#12911,#3000);
#2198=LINE('',#12912,#3001);
#2199=LINE('',#12914,#3002);
#2200=LINE('',#12915,#3003);
#2201=LINE('',#12919,#3004);
#2202=LINE('',#12921,#3005);
#2203=LINE('',#12923,#3006);
#2204=LINE('',#12924,#3007);
#2205=LINE('',#12927,#3008);
#2206=LINE('',#12929,#3009);
#2207=LINE('',#12931,#3010);
#2208=LINE('',#12932,#3011);
#2209=LINE('',#12935,#3012);
#2210=LINE('',#12937,#3013);
#2211=LINE('',#12938,#3014);
#2212=LINE('',#12940,#3015);
#2213=LINE('',#12942,#3016);
#2214=LINE('',#12943,#3017);
#2215=LINE('',#12947,#3018);
#2216=LINE('',#12949,#3019);
#2217=LINE('',#12951,#3020);
#2218=LINE('',#12952,#3021);
#2219=LINE('',#12956,#3022);
#2220=LINE('',#12958,#3023);
#2221=LINE('',#12960,#3024);
#2222=LINE('',#12961,#3025);
#2223=LINE('',#12963,#3026);
#2224=LINE('',#12965,#3027);
#2225=LINE('',#12966,#3028);
#2226=LINE('',#12968,#3029);
#2227=LINE('',#12970,#3030);
#2228=LINE('',#12971,#3031);
#2229=LINE('',#12974,#3032);
#2230=LINE('',#12976,#3033);
#2231=LINE('',#12977,#3034);
#2232=LINE('',#12980,#3035);
#2233=LINE('',#12982,#3036);
#2234=LINE('',#12983,#3037);
#2235=LINE('',#12987,#3038);
#2236=LINE('',#12988,#3039);
#2237=LINE('',#12989,#3040);
#2238=LINE('',#12992,#3041);
#2239=LINE('',#12994,#3042);
#2240=LINE('',#12995,#3043);
#2241=LINE('',#12997,#3044);
#2242=LINE('',#12998,#3045);
#2243=LINE('',#13000,#3046);
#2244=LINE('',#13002,#3047);
#2245=LINE('',#13003,#3048);
#2246=LINE('',#13004,#3049);
#2247=LINE('',#13005,#3050);
#2248=LINE('',#13008,#3051);
#2249=LINE('',#13010,#3052);
#2250=LINE('',#13011,#3053);
#2251=LINE('',#13012,#3054);
#2252=LINE('',#13014,#3055);
#2253=LINE('',#13016,#3056);
#2254=LINE('',#13017,#3057);
#2255=LINE('',#13019,#3058);
#2256=LINE('',#13021,#3059);
#2257=LINE('',#13022,#3060);
#2258=LINE('',#13023,#3061);
#2259=LINE('',#13025,#3062);
#2260=LINE('',#13026,#3063);
#2261=LINE('',#13027,#3064);
#2262=LINE('',#13028,#3065);
#2263=LINE('',#13029,#3066);
#2264=LINE('',#13031,#3067);
#2265=LINE('',#13032,#3068);
#2266=LINE('',#13033,#3069);
#2267=LINE('',#13034,#3070);
#2268=LINE('',#13035,#3071);
#2269=LINE('',#13036,#3072);
#2270=LINE('',#13037,#3073);
#2271=LINE('',#13038,#3074);
#2272=LINE('',#13039,#3075);
#2273=LINE('',#13040,#3076);
#2274=LINE('',#13043,#3077);
#2275=LINE('',#13044,#3078);
#2276=LINE('',#13046,#3079);
#2277=LINE('',#13049,#3080);
#2278=LINE('',#13050,#3081);
#2279=LINE('',#13052,#3082);
#2280=LINE('',#13053,#3083);
#2281=LINE('',#13056,#3084);
#2282=LINE('',#13057,#3085);
#2283=LINE('',#13058,#3086);
#2284=LINE('',#13060,#3087);
#2285=LINE('',#13062,#3088);
#2286=LINE('',#13064,#3089);
#2287=LINE('',#13066,#3090);
#2288=LINE('',#13067,#3091);
#2289=LINE('',#13068,#3092);
#2290=LINE('',#13069,#3093);
#2291=LINE('',#13070,#3094);
#2292=LINE('',#13071,#3095);
#2293=LINE('',#13085,#3096);
#2294=LINE('',#13089,#3097);
#2295=LINE('',#13094,#3098);
#2296=LINE('',#13102,#3099);
#2297=LINE('',#13111,#3100);
#2298=LINE('',#13115,#3101);
#2299=LINE('',#13168,#3102);
#2300=LINE('',#13178,#3103);
#2301=LINE('',#13187,#3104);
#2302=LINE('',#13190,#3105);
#2303=LINE('',#13194,#3106);
#2304=LINE('',#13199,#3107);
#2305=LINE('',#13201,#3108);
#2306=LINE('',#13202,#3109);
#2307=LINE('',#13205,#3110);
#2308=LINE('',#13206,#3111);
#2309=LINE('',#13209,#3112);
#2310=LINE('',#13210,#3113);
#2311=LINE('',#13213,#3114);
#2312=LINE('',#13214,#3115);
#2313=LINE('',#13217,#3116);
#2314=LINE('',#13218,#3117);
#2315=LINE('',#13221,#3118);
#2316=LINE('',#13222,#3119);
#2317=LINE('',#13225,#3120);
#2318=LINE('',#13226,#3121);
#2319=LINE('',#13229,#3122);
#2320=LINE('',#13230,#3123);
#2321=LINE('',#13233,#3124);
#2322=LINE('',#13234,#3125);
#2323=LINE('',#13237,#3126);
#2324=LINE('',#13238,#3127);
#2325=LINE('',#13241,#3128);
#2326=LINE('',#13242,#3129);
#2327=LINE('',#13245,#3130);
#2328=LINE('',#13246,#3131);
#2329=LINE('',#13249,#3132);
#2330=LINE('',#13250,#3133);
#2331=LINE('',#13253,#3134);
#2332=LINE('',#13254,#3135);
#2333=LINE('',#13257,#3136);
#2334=LINE('',#13258,#3137);
#2335=LINE('',#13261,#3138);
#2336=LINE('',#13262,#3139);
#2337=LINE('',#13265,#3140);
#2338=LINE('',#13266,#3141);
#2339=LINE('',#13269,#3142);
#2340=LINE('',#13270,#3143);
#2341=LINE('',#13273,#3144);
#2342=LINE('',#13274,#3145);
#2343=LINE('',#13276,#3146);
#2344=LINE('',#13290,#3147);
#2345=LINE('',#13312,#3148);
#2346=LINE('',#13339,#3149);
#2347=LINE('',#13345,#3150);
#2348=LINE('',#13351,#3151);
#2349=LINE('',#13357,#3152);
#2350=LINE('',#13363,#3153);
#2351=LINE('',#13368,#3154);
#2352=LINE('',#13370,#3155);
#2353=LINE('',#13372,#3156);
#2354=LINE('',#13373,#3157);
#2355=LINE('',#13377,#3158);
#2356=LINE('',#13379,#3159);
#2357=LINE('',#13381,#3160);
#2358=LINE('',#13382,#3161);
#2359=LINE('',#13386,#3162);
#2360=LINE('',#13388,#3163);
#2361=LINE('',#13390,#3164);
#2362=LINE('',#13391,#3165);
#2363=LINE('',#13395,#3166);
#2364=LINE('',#13397,#3167);
#2365=LINE('',#13399,#3168);
#2366=LINE('',#13400,#3169);
#2367=LINE('',#13403,#3170);
#2368=LINE('',#13405,#3171);
#2369=LINE('',#13406,#3172);
#2370=LINE('',#13409,#3173);
#2371=LINE('',#13411,#3174);
#2372=LINE('',#13412,#3175);
#2373=LINE('',#13415,#3176);
#2374=LINE('',#13417,#3177);
#2375=LINE('',#13418,#3178);
#2376=LINE('',#13422,#3179);
#2377=LINE('',#13424,#3180);
#2378=LINE('',#13426,#3181);
#2379=LINE('',#13427,#3182);
#2380=LINE('',#13428,#3183);
#2381=LINE('',#13429,#3184);
#2382=LINE('',#13432,#3185);
#2383=LINE('',#13433,#3186);
#2384=LINE('',#13434,#3187);
#2385=LINE('',#13435,#3188);
#2386=LINE('',#13438,#3189);
#2387=LINE('',#13439,#3190);
#2388=LINE('',#13440,#3191);
#2389=LINE('',#13441,#3192);
#2390=LINE('',#13443,#3193);
#2391=LINE('',#13446,#3194);
#2392=LINE('',#13448,#3195);
#2393=LINE('',#13449,#3196);
#2394=LINE('',#13452,#3197);
#2395=LINE('',#13453,#3198);
#2396=LINE('',#13456,#3199);
#2397=LINE('',#13457,#3200);
#2398=LINE('',#13459,#3201);
#2399=LINE('',#13623,#3202);
#2400=LINE('',#13637,#3203);
#2401=LINE('',#13643,#3204);
#2402=LINE('',#13651,#3205);
#2403=LINE('',#13672,#3206);
#2404=LINE('',#13696,#3207);
#2405=LINE('',#13753,#3208);
#2406=LINE('',#13755,#3209);
#2407=LINE('',#13757,#3210);
#2408=LINE('',#13764,#3211);
#2409=LINE('',#13767,#3212);
#2410=LINE('',#13769,#3213);
#2411=LINE('',#13770,#3214);
#2412=LINE('',#13773,#3215);
#2413=LINE('',#13774,#3216);
#2414=LINE('',#13778,#3217);
#2415=LINE('',#13780,#3218);
#2416=LINE('',#13786,#3219);
#2417=LINE('',#13791,#3220);
#2418=LINE('',#13793,#3221);
#2419=LINE('',#13795,#3222);
#2420=LINE('',#13796,#3223);
#2421=LINE('',#13799,#3224);
#2422=LINE('',#13801,#3225);
#2423=LINE('',#13802,#3226);
#2424=LINE('',#13805,#3227);
#2425=LINE('',#13807,#3228);
#2426=LINE('',#13808,#3229);
#2427=LINE('',#13810,#3230);
#2428=LINE('',#13811,#3231);
#2429=LINE('',#13824,#3232);
#2430=LINE('',#13828,#3233);
#2431=LINE('',#13836,#3234);
#2432=LINE('',#13838,#3235);
#2433=LINE('',#13839,#3236);
#2434=LINE('',#13845,#3237);
#2435=LINE('',#13848,#3238);
#2436=LINE('',#13850,#3239);
#2437=LINE('',#13851,#3240);
#2438=LINE('',#13854,#3241);
#2439=LINE('',#13855,#3242);
#2440=LINE('',#13858,#3243);
#2441=LINE('',#13859,#3244);
#2442=LINE('',#13867,#3245);
#2443=VECTOR('',#9251,1.);
#2444=VECTOR('',#9252,1.);
#2445=VECTOR('',#9253,1.);
#2446=VECTOR('',#9254,1.);
#2447=VECTOR('',#9257,1.);
#2448=VECTOR('',#9258,1.);
#2449=VECTOR('',#9259,1.);
#2450=VECTOR('',#9260,1.);
#2451=VECTOR('',#9263,1.);
#2452=VECTOR('',#9264,1.);
#2453=VECTOR('',#9265,1.);
#2454=VECTOR('',#9266,1.);
#2455=VECTOR('',#9269,1.);
#2456=VECTOR('',#9270,1.);
#2457=VECTOR('',#9271,1.);
#2458=VECTOR('',#9272,1.);
#2459=VECTOR('',#9275,1.);
#2460=VECTOR('',#9280,1.);
#2461=VECTOR('',#9285,1.);
#2462=VECTOR('',#9290,1.);
#2463=VECTOR('',#9309,1.);
#2464=VECTOR('',#9314,1.);
#2465=VECTOR('',#9319,1.);
#2466=VECTOR('',#9324,1.);
#2467=VECTOR('',#9339,1.);
#2468=VECTOR('',#9340,1.);
#2469=VECTOR('',#9343,1.);
#2470=VECTOR('',#9344,1.);
#2471=VECTOR('',#9347,1.);
#2472=VECTOR('',#9348,1.);
#2473=VECTOR('',#9351,1.);
#2474=VECTOR('',#9352,1.);
#2475=VECTOR('',#9355,0.0012295);
#2476=VECTOR('',#9358,0.0012295);
#2477=VECTOR('',#9361,0.0012295);
#2478=VECTOR('',#9364,0.0012295);
#2479=VECTOR('',#9367,0.0025);
#2480=VECTOR('',#9388,1.);
#2481=VECTOR('',#9389,1.);
#2482=VECTOR('',#9390,1.);
#2483=VECTOR('',#9391,1.);
#2484=VECTOR('',#9392,1.);
#2485=VECTOR('',#9393,1.);
#2486=VECTOR('',#9394,1.);
#2487=VECTOR('',#9395,1.);
#2488=VECTOR('',#9398,1.);
#2489=VECTOR('',#9399,1.);
#2490=VECTOR('',#9400,1.);
#2491=VECTOR('',#9401,1.);
#2492=VECTOR('',#9404,1.);
#2493=VECTOR('',#9405,1.);
#2494=VECTOR('',#9406,1.);
#2495=VECTOR('',#9407,1.);
#2496=VECTOR('',#9410,1.);
#2497=VECTOR('',#9411,1.);
#2498=VECTOR('',#9412,1.);
#2499=VECTOR('',#9413,1.);
#2500=VECTOR('',#9416,1.);
#2501=VECTOR('',#9417,1.);
#2502=VECTOR('',#9418,1.);
#2503=VECTOR('',#9419,1.);
#2504=VECTOR('',#9420,1.);
#2505=VECTOR('',#9421,1.);
#2506=VECTOR('',#9422,1.);
#2507=VECTOR('',#9435,1.);
#2508=VECTOR('',#9436,1.);
#2509=VECTOR('',#9437,1.);
#2510=VECTOR('',#9438,1.);
#2511=VECTOR('',#9459,0.005);
#2512=VECTOR('',#9462,1.);
#2513=VECTOR('',#9463,1.);
#2514=VECTOR('',#9466,1.);
#2515=VECTOR('',#9467,1.);
#2516=VECTOR('',#9470,1.);
#2517=VECTOR('',#9475,0.0016);
#2518=VECTOR('',#9484,0.0035);
#2519=VECTOR('',#9487,0.0016);
#2520=VECTOR('',#9496,0.0035);
#2521=VECTOR('',#9499,0.0016);
#2522=VECTOR('',#9508,0.0035);
#2523=VECTOR('',#9511,0.0016);
#2524=VECTOR('',#9520,0.0035);
#2525=VECTOR('',#9525,1.);
#2526=VECTOR('',#9526,1.);
#2527=VECTOR('',#9527,1.);
#2528=VECTOR('',#9528,1.);
#2529=VECTOR('',#9531,1.);
#2530=VECTOR('',#9532,1.);
#2531=VECTOR('',#9533,1.);
#2532=VECTOR('',#9536,1.);
#2533=VECTOR('',#9537,1.);
#2534=VECTOR('',#9538,1.);
#2535=VECTOR('',#9541,1.);
#2536=VECTOR('',#9542,1.);
#2537=VECTOR('',#9543,1.);
#2538=VECTOR('',#9546,1.);
#2539=VECTOR('',#9547,1.);
#2540=VECTOR('',#9548,1.);
#2541=VECTOR('',#9551,1.);
#2542=VECTOR('',#9552,1.);
#2543=VECTOR('',#9553,1.);
#2544=VECTOR('',#9556,1.);
#2545=VECTOR('',#9557,1.);
#2546=VECTOR('',#9558,1.);
#2547=VECTOR('',#9561,1.);
#2548=VECTOR('',#9562,1.);
#2549=VECTOR('',#9589,0.011);
#2550=VECTOR('',#9598,0.005);
#2551=VECTOR('',#9601,0.0012295);
#2552=VECTOR('',#9604,0.0012295);
#2553=VECTOR('',#9607,0.0012295);
#2554=VECTOR('',#9610,0.0012295);
#2555=VECTOR('',#9621,4.99999999999999E-5);
#2556=VECTOR('',#9624,1.);
#2557=VECTOR('',#9625,1.);
#2558=VECTOR('',#9626,1.);
#2559=VECTOR('',#9627,1.);
#2560=VECTOR('',#9630,1.);
#2561=VECTOR('',#9631,1.);
#2562=VECTOR('',#9632,1.);
#2563=VECTOR('',#9635,1.);
#2564=VECTOR('',#9636,1.);
#2565=VECTOR('',#9637,1.);
#2566=VECTOR('',#9640,1.);
#2567=VECTOR('',#9641,1.);
#2568=VECTOR('',#9644,1.);
#2569=VECTOR('',#9645,1.);
#2570=VECTOR('',#9646,1.);
#2571=VECTOR('',#9647,1.);
#2572=VECTOR('',#9650,1.);
#2573=VECTOR('',#9651,1.);
#2574=VECTOR('',#9652,1.);
#2575=VECTOR('',#9655,1.);
#2576=VECTOR('',#9656,1.);
#2577=VECTOR('',#9657,1.);
#2578=VECTOR('',#9660,1.);
#2579=VECTOR('',#9661,1.);
#2580=VECTOR('',#9664,1.);
#2581=VECTOR('',#9665,1.);
#2582=VECTOR('',#9666,1.);
#2583=VECTOR('',#9667,1.);
#2584=VECTOR('',#9670,1.);
#2585=VECTOR('',#9671,1.);
#2586=VECTOR('',#9672,1.);
#2587=VECTOR('',#9675,1.);
#2588=VECTOR('',#9676,1.);
#2589=VECTOR('',#9677,1.);
#2590=VECTOR('',#9680,1.);
#2591=VECTOR('',#9681,1.);
#2592=VECTOR('',#9684,1.);
#2593=VECTOR('',#9685,1.);
#2594=VECTOR('',#9686,1.);
#2595=VECTOR('',#9687,1.);
#2596=VECTOR('',#9690,1.);
#2597=VECTOR('',#9691,1.);
#2598=VECTOR('',#9692,1.);
#2599=VECTOR('',#9695,1.);
#2600=VECTOR('',#9696,1.);
#2601=VECTOR('',#9697,1.);
#2602=VECTOR('',#9700,1.);
#2603=VECTOR('',#9701,1.);
#2604=VECTOR('',#9704,1.);
#2605=VECTOR('',#9705,1.);
#2606=VECTOR('',#9706,1.);
#2607=VECTOR('',#9707,1.);
#2608=VECTOR('',#9710,1.);
#2609=VECTOR('',#9711,1.);
#2610=VECTOR('',#9712,1.);
#2611=VECTOR('',#9715,1.);
#2612=VECTOR('',#9716,1.);
#2613=VECTOR('',#9717,1.);
#2614=VECTOR('',#9720,1.);
#2615=VECTOR('',#9721,1.);
#2616=VECTOR('',#9724,1.);
#2617=VECTOR('',#9725,1.);
#2618=VECTOR('',#9726,1.);
#2619=VECTOR('',#9727,1.);
#2620=VECTOR('',#9730,1.);
#2621=VECTOR('',#9731,1.);
#2622=VECTOR('',#9732,1.);
#2623=VECTOR('',#9735,1.);
#2624=VECTOR('',#9736,1.);
#2625=VECTOR('',#9737,1.);
#2626=VECTOR('',#9740,1.);
#2627=VECTOR('',#9741,1.);
#2628=VECTOR('',#9744,1.);
#2629=VECTOR('',#9745,1.);
#2630=VECTOR('',#9746,1.);
#2631=VECTOR('',#9747,1.);
#2632=VECTOR('',#9750,1.);
#2633=VECTOR('',#9751,1.);
#2634=VECTOR('',#9752,1.);
#2635=VECTOR('',#9755,1.);
#2636=VECTOR('',#9756,1.);
#2637=VECTOR('',#9757,1.);
#2638=VECTOR('',#9760,1.);
#2639=VECTOR('',#9761,1.);
#2640=VECTOR('',#9764,1.);
#2641=VECTOR('',#9765,1.);
#2642=VECTOR('',#9766,1.);
#2643=VECTOR('',#9767,1.);
#2644=VECTOR('',#9770,1.);
#2645=VECTOR('',#9771,1.);
#2646=VECTOR('',#9772,1.);
#2647=VECTOR('',#9775,1.);
#2648=VECTOR('',#9776,1.);
#2649=VECTOR('',#9777,1.);
#2650=VECTOR('',#9780,1.);
#2651=VECTOR('',#9781,1.);
#2652=VECTOR('',#9784,1.);
#2653=VECTOR('',#9785,1.);
#2654=VECTOR('',#9786,1.);
#2655=VECTOR('',#9787,1.);
#2656=VECTOR('',#9790,1.);
#2657=VECTOR('',#9791,1.);
#2658=VECTOR('',#9792,1.);
#2659=VECTOR('',#9795,1.);
#2660=VECTOR('',#9796,1.);
#2661=VECTOR('',#9797,1.);
#2662=VECTOR('',#9800,1.);
#2663=VECTOR('',#9801,1.);
#2664=VECTOR('',#9804,1.);
#2665=VECTOR('',#9805,1.);
#2666=VECTOR('',#9806,1.);
#2667=VECTOR('',#9807,1.);
#2668=VECTOR('',#9810,1.);
#2669=VECTOR('',#9811,1.);
#2670=VECTOR('',#9812,1.);
#2671=VECTOR('',#9815,1.);
#2672=VECTOR('',#9816,1.);
#2673=VECTOR('',#9817,1.);
#2674=VECTOR('',#9820,1.);
#2675=VECTOR('',#9821,1.);
#2676=VECTOR('',#9826,1.);
#2677=VECTOR('',#9827,1.);
#2678=VECTOR('',#9828,1.);
#2679=VECTOR('',#9831,1.);
#2680=VECTOR('',#9832,1.);
#2681=VECTOR('',#9835,1.);
#2682=VECTOR('',#9836,1.);
#2683=VECTOR('',#9839,1.);
#2684=VECTOR('',#9844,1.);
#2685=VECTOR('',#9845,1.);
#2686=VECTOR('',#9846,1.);
#2687=VECTOR('',#9849,1.);
#2688=VECTOR('',#9850,0.01);
#2689=VECTOR('',#9853,1.);
#2690=VECTOR('',#9854,1.);
#2691=VECTOR('',#9857,0.01);
#2692=VECTOR('',#9860,1.);
#2693=VECTOR('',#9867,0.01);
#2694=VECTOR('',#9872,1.);
#2695=VECTOR('',#9877,0.01);
#2696=VECTOR('',#9882,1.);
#2697=VECTOR('',#9883,1.);
#2698=VECTOR('',#9884,1.);
#2699=VECTOR('',#9887,1.);
#2700=VECTOR('',#9888,1.);
#2701=VECTOR('',#9891,1.);
#2702=VECTOR('',#9892,1.);
#2703=VECTOR('',#9895,1.);
#2704=VECTOR('',#9900,1.);
#2705=VECTOR('',#9901,1.);
#2706=VECTOR('',#9902,1.);
#2707=VECTOR('',#9905,1.);
#2708=VECTOR('',#9906,0.01);
#2709=VECTOR('',#9909,1.);
#2710=VECTOR('',#9910,1.);
#2711=VECTOR('',#9913,0.01);
#2712=VECTOR('',#9916,1.);
#2713=VECTOR('',#9923,0.01);
#2714=VECTOR('',#9928,1.);
#2715=VECTOR('',#9933,0.01);
#2716=VECTOR('',#9938,1.);
#2717=VECTOR('',#9939,1.);
#2718=VECTOR('',#9940,1.);
#2719=VECTOR('',#9943,1.);
#2720=VECTOR('',#9944,1.);
#2721=VECTOR('',#9947,1.);
#2722=VECTOR('',#9948,1.);
#2723=VECTOR('',#9951,1.);
#2724=VECTOR('',#9956,1.);
#2725=VECTOR('',#9957,1.);
#2726=VECTOR('',#9958,1.);
#2727=VECTOR('',#9961,1.);
#2728=VECTOR('',#9962,0.01);
#2729=VECTOR('',#9965,1.);
#2730=VECTOR('',#9966,1.);
#2731=VECTOR('',#9969,0.01);
#2732=VECTOR('',#9972,1.);
#2733=VECTOR('',#9979,0.01);
#2734=VECTOR('',#9984,1.);
#2735=VECTOR('',#9989,0.01);
#2736=VECTOR('',#9994,1.);
#2737=VECTOR('',#9995,1.);
#2738=VECTOR('',#9996,1.);
#2739=VECTOR('',#9999,1.);
#2740=VECTOR('',#10000,1.);
#2741=VECTOR('',#10003,1.);
#2742=VECTOR('',#10004,1.);
#2743=VECTOR('',#10007,1.);
#2744=VECTOR('',#10012,1.);
#2745=VECTOR('',#10013,1.);
#2746=VECTOR('',#10014,1.);
#2747=VECTOR('',#10017,1.);
#2748=VECTOR('',#10018,0.01);
#2749=VECTOR('',#10021,1.);
#2750=VECTOR('',#10022,1.);
#2751=VECTOR('',#10025,0.01);
#2752=VECTOR('',#10028,1.);
#2753=VECTOR('',#10035,0.01);
#2754=VECTOR('',#10040,1.);
#2755=VECTOR('',#10045,0.01);
#2756=VECTOR('',#10050,1.);
#2757=VECTOR('',#10051,1.);
#2758=VECTOR('',#10052,1.);
#2759=VECTOR('',#10055,1.);
#2760=VECTOR('',#10056,1.);
#2761=VECTOR('',#10059,1.);
#2762=VECTOR('',#10060,1.);
#2763=VECTOR('',#10063,1.);
#2764=VECTOR('',#10068,1.);
#2765=VECTOR('',#10069,1.);
#2766=VECTOR('',#10070,1.);
#2767=VECTOR('',#10073,1.);
#2768=VECTOR('',#10074,0.01);
#2769=VECTOR('',#10077,1.);
#2770=VECTOR('',#10078,1.);
#2771=VECTOR('',#10081,0.01);
#2772=VECTOR('',#10084,1.);
#2773=VECTOR('',#10091,0.01);
#2774=VECTOR('',#10096,1.);
#2775=VECTOR('',#10101,0.01);
#2776=VECTOR('',#10104,1.);
#2777=VECTOR('',#10105,1.);
#2778=VECTOR('',#10106,1.);
#2779=VECTOR('',#10107,1.);
#2780=VECTOR('',#10110,1.);
#2781=VECTOR('',#10111,1.);
#2782=VECTOR('',#10112,1.);
#2783=VECTOR('',#10113,1.);
#2784=VECTOR('',#10116,1.);
#2785=VECTOR('',#10117,1.);
#2786=VECTOR('',#10120,1.);
#2787=VECTOR('',#10121,1.);
#2788=VECTOR('',#10122,1.);
#2789=VECTOR('',#10123,1.);
#2790=VECTOR('',#10126,1.);
#2791=VECTOR('',#10127,1.);
#2792=VECTOR('',#10128,1.);
#2793=VECTOR('',#10129,1.);
#2794=VECTOR('',#10132,1.);
#2795=VECTOR('',#10133,1.);
#2796=VECTOR('',#10136,1.);
#2797=VECTOR('',#10137,1.);
#2798=VECTOR('',#10138,1.);
#2799=VECTOR('',#10139,1.);
#2800=VECTOR('',#10142,1.);
#2801=VECTOR('',#10143,1.);
#2802=VECTOR('',#10144,1.);
#2803=VECTOR('',#10145,1.);
#2804=VECTOR('',#10148,1.);
#2805=VECTOR('',#10149,1.);
#2806=VECTOR('',#10152,1.);
#2807=VECTOR('',#10153,1.);
#2808=VECTOR('',#10154,1.);
#2809=VECTOR('',#10155,1.);
#2810=VECTOR('',#10158,1.);
#2811=VECTOR('',#10159,1.);
#2812=VECTOR('',#10160,1.);
#2813=VECTOR('',#10161,1.);
#2814=VECTOR('',#10164,1.);
#2815=VECTOR('',#10165,1.);
#2816=VECTOR('',#10168,1.);
#2817=VECTOR('',#10169,1.);
#2818=VECTOR('',#10170,1.);
#2819=VECTOR('',#10171,1.);
#2820=VECTOR('',#10174,1.);
#2821=VECTOR('',#10175,1.);
#2822=VECTOR('',#10176,1.);
#2823=VECTOR('',#10177,1.);
#2824=VECTOR('',#10180,1.);
#2825=VECTOR('',#10181,1.);
#2826=VECTOR('',#10184,1.);
#2827=VECTOR('',#10185,1.);
#2828=VECTOR('',#10186,1.);
#2829=VECTOR('',#10187,1.);
#2830=VECTOR('',#10190,1.);
#2831=VECTOR('',#10191,1.);
#2832=VECTOR('',#10192,1.);
#2833=VECTOR('',#10195,1.);
#2834=VECTOR('',#10196,1.);
#2835=VECTOR('',#10197,1.);
#2836=VECTOR('',#10200,1.);
#2837=VECTOR('',#10201,1.);
#2838=VECTOR('',#10204,1.);
#2839=VECTOR('',#10205,1.);
#2840=VECTOR('',#10206,1.);
#2841=VECTOR('',#10207,1.);
#2842=VECTOR('',#10210,1.);
#2843=VECTOR('',#10211,1.);
#2844=VECTOR('',#10212,1.);
#2845=VECTOR('',#10215,1.);
#2846=VECTOR('',#10216,1.);
#2847=VECTOR('',#10217,1.);
#2848=VECTOR('',#10220,1.);
#2849=VECTOR('',#10221,1.);
#2850=VECTOR('',#10226,1.);
#2851=VECTOR('',#10227,1.);
#2852=VECTOR('',#10228,1.);
#2853=VECTOR('',#10231,1.);
#2854=VECTOR('',#10232,1.);
#2855=VECTOR('',#10235,1.);
#2856=VECTOR('',#10236,1.);
#2857=VECTOR('',#10239,1.);
#2858=VECTOR('',#10244,1.);
#2859=VECTOR('',#10245,1.);
#2860=VECTOR('',#10246,1.);
#2861=VECTOR('',#10249,1.);
#2862=VECTOR('',#10250,0.01);
#2863=VECTOR('',#10253,1.);
#2864=VECTOR('',#10254,1.);
#2865=VECTOR('',#10257,0.01);
#2866=VECTOR('',#10260,1.);
#2867=VECTOR('',#10267,0.01);
#2868=VECTOR('',#10272,1.);
#2869=VECTOR('',#10277,0.01);
#2870=VECTOR('',#10280,1.);
#2871=VECTOR('',#10281,1.);
#2872=VECTOR('',#10282,1.);
#2873=VECTOR('',#10283,1.);
#2874=VECTOR('',#10286,1.);
#2875=VECTOR('',#10287,1.);
#2876=VECTOR('',#10288,1.);
#2877=VECTOR('',#10291,1.);
#2878=VECTOR('',#10292,1.);
#2879=VECTOR('',#10295,1.);
#2880=VECTOR('',#10296,1.);
#2881=VECTOR('',#10297,1.);
#2882=VECTOR('',#10298,1.);
#2883=VECTOR('',#10301,1.);
#2884=VECTOR('',#10302,1.);
#2885=VECTOR('',#10303,1.);
#2886=VECTOR('',#10306,1.);
#2887=VECTOR('',#10307,1.);
#2888=VECTOR('',#10310,1.);
#2889=VECTOR('',#10311,1.);
#2890=VECTOR('',#10312,1.);
#2891=VECTOR('',#10313,1.);
#2892=VECTOR('',#10316,1.);
#2893=VECTOR('',#10317,1.);
#2894=VECTOR('',#10318,1.);
#2895=VECTOR('',#10319,1.);
#2896=VECTOR('',#10322,1.);
#2897=VECTOR('',#10323,1.);
#2898=VECTOR('',#10324,1.);
#2899=VECTOR('',#10325,1.);
#2900=VECTOR('',#10328,1.);
#2901=VECTOR('',#10329,1.);
#2902=VECTOR('',#10330,1.);
#2903=VECTOR('',#10331,1.);
#2904=VECTOR('',#10334,1.);
#2905=VECTOR('',#10335,1.);
#2906=VECTOR('',#10336,1.);
#2907=VECTOR('',#10339,1.);
#2908=VECTOR('',#10340,1.);
#2909=VECTOR('',#10341,1.);
#2910=VECTOR('',#10344,1.);
#2911=VECTOR('',#10345,1.);
#2912=VECTOR('',#10348,1.);
#2913=VECTOR('',#10349,1.);
#2914=VECTOR('',#10352,1.);
#2915=VECTOR('',#10353,1.);
#2916=VECTOR('',#10354,1.);
#2917=VECTOR('',#10357,1.);
#2918=VECTOR('',#10358,1.);
#2919=VECTOR('',#10359,1.);
#2920=VECTOR('',#10362,1.);
#2921=VECTOR('',#10363,1.);
#2922=VECTOR('',#10366,1.);
#2923=VECTOR('',#10367,1.);
#2924=VECTOR('',#10370,1.);
#2925=VECTOR('',#10371,1.);
#2926=VECTOR('',#10372,1.);
#2927=VECTOR('',#10375,1.);
#2928=VECTOR('',#10376,1.);
#2929=VECTOR('',#10377,1.);
#2930=VECTOR('',#10380,1.);
#2931=VECTOR('',#10381,1.);
#2932=VECTOR('',#10384,1.);
#2933=VECTOR('',#10385,1.);
#2934=VECTOR('',#10388,1.);
#2935=VECTOR('',#10389,1.);
#2936=VECTOR('',#10390,1.);
#2937=VECTOR('',#10393,1.);
#2938=VECTOR('',#10394,1.);
#2939=VECTOR('',#10395,1.);
#2940=VECTOR('',#10398,1.);
#2941=VECTOR('',#10399,1.);
#2942=VECTOR('',#10402,1.);
#2943=VECTOR('',#10403,1.);
#2944=VECTOR('',#10406,1.);
#2945=VECTOR('',#10407,1.);
#2946=VECTOR('',#10408,1.);
#2947=VECTOR('',#10409,1.);
#2948=VECTOR('',#10412,1.);
#2949=VECTOR('',#10413,1.);
#2950=VECTOR('',#10414,1.);
#2951=VECTOR('',#10417,1.);
#2952=VECTOR('',#10418,1.);
#2953=VECTOR('',#10419,1.);
#2954=VECTOR('',#10422,1.);
#2955=VECTOR('',#10423,1.);
#2956=VECTOR('',#10426,1.);
#2957=VECTOR('',#10427,1.);
#2958=VECTOR('',#10430,1.);
#2959=VECTOR('',#10431,1.);
#2960=VECTOR('',#10432,1.);
#2961=VECTOR('',#10433,1.);
#2962=VECTOR('',#10436,1.);
#2963=VECTOR('',#10437,1.);
#2964=VECTOR('',#10438,1.);
#2965=VECTOR('',#10439,1.);
#2966=VECTOR('',#10440,1.);
#2967=VECTOR('',#10445,1.);
#2968=VECTOR('',#10450,1.);
#2969=VECTOR('',#10451,1.);
#2970=VECTOR('',#10452,1.);
#2971=VECTOR('',#10453,1.);
#2972=VECTOR('',#10456,1.);
#2973=VECTOR('',#10457,1.);
#2974=VECTOR('',#10458,1.);
#2975=VECTOR('',#10459,1.);
#2976=VECTOR('',#10460,1.);
#2977=VECTOR('',#10463,1.);
#2978=VECTOR('',#10464,1.);
#2979=VECTOR('',#10465,1.);
#2980=VECTOR('',#10466,1.);
#2981=VECTOR('',#10467,1.);
#2982=VECTOR('',#10476,1.);
#2983=VECTOR('',#10477,1.);
#2984=VECTOR('',#10478,1.);
#2985=VECTOR('',#10479,1.);
#2986=VECTOR('',#10482,1.);
#2987=VECTOR('',#10483,1.);
#2988=VECTOR('',#10484,1.);
#2989=VECTOR('',#10485,1.);
#2990=VECTOR('',#10488,1.);
#2991=VECTOR('',#10489,1.);
#2992=VECTOR('',#10490,1.);
#2993=VECTOR('',#10491,1.);
#2994=VECTOR('',#10494,1.);
#2995=VECTOR('',#10495,1.);
#2996=VECTOR('',#10496,1.);
#2997=VECTOR('',#10497,1.);
#2998=VECTOR('',#10500,1.);
#2999=VECTOR('',#10501,1.);
#3000=VECTOR('',#10502,1.);
#3001=VECTOR('',#10503,1.);
#3002=VECTOR('',#10506,1.);
#3003=VECTOR('',#10507,1.);
#3004=VECTOR('',#10510,1.);
#3005=VECTOR('',#10511,1.);
#3006=VECTOR('',#10512,1.);
#3007=VECTOR('',#10513,1.);
#3008=VECTOR('',#10516,1.);
#3009=VECTOR('',#10517,1.);
#3010=VECTOR('',#10518,1.);
#3011=VECTOR('',#10519,1.);
#3012=VECTOR('',#10522,1.);
#3013=VECTOR('',#10523,1.);
#3014=VECTOR('',#10524,1.);
#3015=VECTOR('',#10527,1.);
#3016=VECTOR('',#10528,1.);
#3017=VECTOR('',#10529,1.);
#3018=VECTOR('',#10532,1.);
#3019=VECTOR('',#10533,1.);
#3020=VECTOR('',#10534,1.);
#3021=VECTOR('',#10535,1.);
#3022=VECTOR('',#10538,1.);
#3023=VECTOR('',#10539,1.);
#3024=VECTOR('',#10540,1.);
#3025=VECTOR('',#10541,1.);
#3026=VECTOR('',#10544,1.);
#3027=VECTOR('',#10545,1.);
#3028=VECTOR('',#10546,1.);
#3029=VECTOR('',#10549,1.);
#3030=VECTOR('',#10550,1.);
#3031=VECTOR('',#10551,1.);
#3032=VECTOR('',#10554,1.);
#3033=VECTOR('',#10555,1.);
#3034=VECTOR('',#10556,1.);
#3035=VECTOR('',#10559,1.);
#3036=VECTOR('',#10560,1.);
#3037=VECTOR('',#10561,1.);
#3038=VECTOR('',#10564,1.);
#3039=VECTOR('',#10565,1.);
#3040=VECTOR('',#10566,1.);
#3041=VECTOR('',#10569,1.);
#3042=VECTOR('',#10570,1.);
#3043=VECTOR('',#10571,1.);
#3044=VECTOR('',#10572,1.);
#3045=VECTOR('',#10573,1.);
#3046=VECTOR('',#10576,1.);
#3047=VECTOR('',#10577,1.);
#3048=VECTOR('',#10578,1.);
#3049=VECTOR('',#10579,1.);
#3050=VECTOR('',#10580,1.);
#3051=VECTOR('',#10583,1.);
#3052=VECTOR('',#10584,1.);
#3053=VECTOR('',#10585,1.);
#3054=VECTOR('',#10586,1.);
#3055=VECTOR('',#10587,1.);
#3056=VECTOR('',#10588,1.);
#3057=VECTOR('',#10589,1.);
#3058=VECTOR('',#10592,1.);
#3059=VECTOR('',#10593,1.);
#3060=VECTOR('',#10594,1.);
#3061=VECTOR('',#10595,1.);
#3062=VECTOR('',#10598,1.);
#3063=VECTOR('',#10599,1.);
#3064=VECTOR('',#10600,1.);
#3065=VECTOR('',#10601,1.);
#3066=VECTOR('',#10602,1.);
#3067=VECTOR('',#10603,1.);
#3068=VECTOR('',#10604,1.);
#3069=VECTOR('',#10605,1.);
#3070=VECTOR('',#10606,1.);
#3071=VECTOR('',#10607,1.);
#3072=VECTOR('',#10608,1.);
#3073=VECTOR('',#10609,1.);
#3074=VECTOR('',#10610,1.);
#3075=VECTOR('',#10611,1.);
#3076=VECTOR('',#10612,1.);
#3077=VECTOR('',#10615,1.);
#3078=VECTOR('',#10616,1.);
#3079=VECTOR('',#10619,1.);
#3080=VECTOR('',#10624,1.);
#3081=VECTOR('',#10625,1.);
#3082=VECTOR('',#10628,1.);
#3083=VECTOR('',#10629,1.);
#3084=VECTOR('',#10632,1.);
#3085=VECTOR('',#10633,1.);
#3086=VECTOR('',#10634,1.);
#3087=VECTOR('',#10637,1.);
#3088=VECTOR('',#10640,1.);
#3089=VECTOR('',#10643,1.);
#3090=VECTOR('',#10646,1.);
#3091=VECTOR('',#10647,1.);
#3092=VECTOR('',#10648,1.);
#3093=VECTOR('',#10649,1.);
#3094=VECTOR('',#10650,1.);
#3095=VECTOR('',#10651,1.);
#3096=VECTOR('',#10674,1.);
#3097=VECTOR('',#10677,0.0025);
#3098=VECTOR('',#10682,1.);
#3099=VECTOR('',#10691,1.);
#3100=VECTOR('',#10696,1.);
#3101=VECTOR('',#10703,0.0022);
#3102=VECTOR('',#10760,0.0026568974640321);
#3103=VECTOR('',#10773,0.00134675);
#3104=VECTOR('',#10784,0.00134675);
#3105=VECTOR('',#10787,0.0015);
#3106=VECTOR('',#10792,0.0015);
#3107=VECTOR('',#10799,1.);
#3108=VECTOR('',#10800,1.);
#3109=VECTOR('',#10801,1.);
#3110=VECTOR('',#10804,1.);
#3111=VECTOR('',#10805,1.);
#3112=VECTOR('',#10808,1.);
#3113=VECTOR('',#10809,1.);
#3114=VECTOR('',#10812,1.);
#3115=VECTOR('',#10813,1.);
#3116=VECTOR('',#10816,1.);
#3117=VECTOR('',#10817,1.);
#3118=VECTOR('',#10820,1.);
#3119=VECTOR('',#10821,1.);
#3120=VECTOR('',#10824,1.);
#3121=VECTOR('',#10825,1.);
#3122=VECTOR('',#10828,1.);
#3123=VECTOR('',#10829,1.);
#3124=VECTOR('',#10832,1.);
#3125=VECTOR('',#10833,1.);
#3126=VECTOR('',#10836,1.);
#3127=VECTOR('',#10837,1.);
#3128=VECTOR('',#10840,1.);
#3129=VECTOR('',#10841,1.);
#3130=VECTOR('',#10844,1.);
#3131=VECTOR('',#10845,1.);
#3132=VECTOR('',#10848,1.);
#3133=VECTOR('',#10849,1.);
#3134=VECTOR('',#10852,1.);
#3135=VECTOR('',#10853,1.);
#3136=VECTOR('',#10856,1.);
#3137=VECTOR('',#10857,1.);
#3138=VECTOR('',#10860,1.);
#3139=VECTOR('',#10861,1.);
#3140=VECTOR('',#10864,1.);
#3141=VECTOR('',#10865,1.);
#3142=VECTOR('',#10868,1.);
#3143=VECTOR('',#10869,1.);
#3144=VECTOR('',#10872,1.);
#3145=VECTOR('',#10873,1.);
#3146=VECTOR('',#10876,1.);
#3147=VECTOR('',#10895,0.005);
#3148=VECTOR('',#10926,0.0025);
#3149=VECTOR('',#10971,0.0012475);
#3150=VECTOR('',#10978,0.0012475);
#3151=VECTOR('',#10985,0.0012475);
#3152=VECTOR('',#10992,0.0012475);
#3153=VECTOR('',#10999,0.011);
#3154=VECTOR('',#11004,0.01);
#3155=VECTOR('',#11005,0.01);
#3156=VECTOR('',#11006,0.01);
#3157=VECTOR('',#11007,0.01);
#3158=VECTOR('',#11010,0.01);
#3159=VECTOR('',#11011,0.01);
#3160=VECTOR('',#11012,0.01);
#3161=VECTOR('',#11013,0.01);
#3162=VECTOR('',#11016,0.01);
#3163=VECTOR('',#11017,0.01);
#3164=VECTOR('',#11018,0.01);
#3165=VECTOR('',#11019,0.01);
#3166=VECTOR('',#11022,0.01);
#3167=VECTOR('',#11023,0.01);
#3168=VECTOR('',#11024,0.01);
#3169=VECTOR('',#11025,0.01);
#3170=VECTOR('',#11028,0.01);
#3171=VECTOR('',#11029,0.01);
#3172=VECTOR('',#11030,0.01);
#3173=VECTOR('',#11033,0.01);
#3174=VECTOR('',#11034,0.01);
#3175=VECTOR('',#11035,0.01);
#3176=VECTOR('',#11038,0.01);
#3177=VECTOR('',#11039,0.01);
#3178=VECTOR('',#11040,0.01);
#3179=VECTOR('',#11043,0.01);
#3180=VECTOR('',#11044,0.01);
#3181=VECTOR('',#11045,0.01);
#3182=VECTOR('',#11046,0.01);
#3183=VECTOR('',#11047,0.01);
#3184=VECTOR('',#11048,0.01);
#3185=VECTOR('',#11051,0.01);
#3186=VECTOR('',#11052,0.01);
#3187=VECTOR('',#11053,0.01);
#3188=VECTOR('',#11054,0.01);
#3189=VECTOR('',#11057,0.01);
#3190=VECTOR('',#11058,0.01);
#3191=VECTOR('',#11059,0.01);
#3192=VECTOR('',#11060,0.01);
#3193=VECTOR('',#11063,0.01);
#3194=VECTOR('',#11066,0.01);
#3195=VECTOR('',#11067,0.01);
#3196=VECTOR('',#11068,0.01);
#3197=VECTOR('',#11071,0.01);
#3198=VECTOR('',#11072,0.01);
#3199=VECTOR('',#11075,0.01);
#3200=VECTOR('',#11076,0.01);
#3201=VECTOR('',#11079,0.01);
#3202=VECTOR('',#11250,0.0075);
#3203=VECTOR('',#11271,0.01025);
#3204=VECTOR('',#11280,0.01025);
#3205=VECTOR('',#11291,0.016);
#3206=VECTOR('',#11318,0.01335);
#3207=VECTOR('',#11345,0.01335);
#3208=VECTOR('',#11436,0.01);
#3209=VECTOR('',#11437,0.01);
#3210=VECTOR('',#11438,0.01);
#3211=VECTOR('',#11447,0.016);
#3212=VECTOR('',#11450,0.01);
#3213=VECTOR('',#11451,0.01);
#3214=VECTOR('',#11452,0.01);
#3215=VECTOR('',#11455,0.01);
#3216=VECTOR('',#11456,0.01);
#3217=VECTOR('',#11461,0.01);
#3218=VECTOR('',#11464,0.01);
#3219=VECTOR('',#11471,0.0025);
#3220=VECTOR('',#11476,0.01);
#3221=VECTOR('',#11477,0.01);
#3222=VECTOR('',#11478,0.01);
#3223=VECTOR('',#11479,0.01);
#3224=VECTOR('',#11482,0.01);
#3225=VECTOR('',#11483,0.01);
#3226=VECTOR('',#11484,0.01);
#3227=VECTOR('',#11487,0.01);
#3228=VECTOR('',#11488,0.01);
#3229=VECTOR('',#11489,0.01);
#3230=VECTOR('',#11492,0.01);
#3231=VECTOR('',#11493,0.01);
#3232=VECTOR('',#11512,0.0055);
#3233=VECTOR('',#11517,0.0075);
#3234=VECTOR('',#11526,0.01);
#3235=VECTOR('',#11527,0.01);
#3236=VECTOR('',#11528,0.01);
#3237=VECTOR('',#11535,0.0075);
#3238=VECTOR('',#11538,0.01);
#3239=VECTOR('',#11539,0.01);
#3240=VECTOR('',#11540,0.01);
#3241=VECTOR('',#11543,0.01);
#3242=VECTOR('',#11544,0.01);
#3243=VECTOR('',#11547,0.01);
#3244=VECTOR('',#11548,0.01);
#3245=VECTOR('',#11559,0.005);
#3246=VERTEX_POINT('',#11579);
#3247=VERTEX_POINT('',#11580);
#3248=VERTEX_POINT('',#11582);
#3249=VERTEX_POINT('',#11584);
#3250=VERTEX_POINT('',#11588);
#3251=VERTEX_POINT('',#11589);
#3252=VERTEX_POINT('',#11591);
#3253=VERTEX_POINT('',#11593);
#3254=VERTEX_POINT('',#11597);
#3255=VERTEX_POINT('',#11598);
#3256=VERTEX_POINT('',#11600);
#3257=VERTEX_POINT('',#11602);
#3258=VERTEX_POINT('',#11606);
#3259=VERTEX_POINT('',#11607);
#3260=VERTEX_POINT('',#11609);
#3261=VERTEX_POINT('',#11611);
#3262=VERTEX_POINT('',#11615);
#3263=VERTEX_POINT('',#11616);
#3264=VERTEX_POINT('',#11619);
#3265=VERTEX_POINT('',#11621);
#3266=VERTEX_POINT('',#11624);
#3267=VERTEX_POINT('',#11626);
#3268=VERTEX_POINT('',#11629);
#3269=VERTEX_POINT('',#11631);
#3270=VERTEX_POINT('',#11635);
#3271=VERTEX_POINT('',#11637);
#3272=VERTEX_POINT('',#11639);
#3273=VERTEX_POINT('',#11641);
#3274=VERTEX_POINT('',#11643);
#3275=VERTEX_POINT('',#11646);
#3276=VERTEX_POINT('',#11648);
#3277=VERTEX_POINT('',#11651);
#3278=VERTEX_POINT('',#11653);
#3279=VERTEX_POINT('',#11656);
#3280=VERTEX_POINT('',#11658);
#3281=VERTEX_POINT('',#11661);
#3282=VERTEX_POINT('',#11663);
#3283=VERTEX_POINT('',#11666);
#3284=VERTEX_POINT('',#11668);
#3285=VERTEX_POINT('',#11670);
#3286=VERTEX_POINT('',#11672);
#3287=VERTEX_POINT('',#11674);
#3288=VERTEX_POINT('',#11708);
#3289=VERTEX_POINT('',#11709);
#3290=VERTEX_POINT('',#11711);
#3291=VERTEX_POINT('',#11713);
#3292=VERTEX_POINT('',#11715);
#3293=VERTEX_POINT('',#11717);
#3294=VERTEX_POINT('',#11719);
#3295=VERTEX_POINT('',#11721);
#3296=VERTEX_POINT('',#11725);
#3297=VERTEX_POINT('',#11726);
#3298=VERTEX_POINT('',#11728);
#3299=VERTEX_POINT('',#11730);
#3300=VERTEX_POINT('',#11734);
#3301=VERTEX_POINT('',#11735);
#3302=VERTEX_POINT('',#11737);
#3303=VERTEX_POINT('',#11739);
#3304=VERTEX_POINT('',#11743);
#3305=VERTEX_POINT('',#11744);
#3306=VERTEX_POINT('',#11746);
#3307=VERTEX_POINT('',#11748);
#3308=VERTEX_POINT('',#11753);
#3309=VERTEX_POINT('',#11755);
#3310=VERTEX_POINT('',#11761);
#3311=VERTEX_POINT('',#11763);
#3312=VERTEX_POINT('',#11765);
#3313=VERTEX_POINT('',#11767);
#3314=VERTEX_POINT('',#11769);
#3315=VERTEX_POINT('',#11776);
#3316=VERTEX_POINT('',#11778);
#3317=VERTEX_POINT('',#11780);
#3318=VERTEX_POINT('',#11782);
#3319=VERTEX_POINT('',#11784);
#3320=VERTEX_POINT('',#11793);
#3321=VERTEX_POINT('',#11797);
#3322=VERTEX_POINT('',#11804);
#3323=VERTEX_POINT('',#11808);
#3324=VERTEX_POINT('',#11813);
#3325=VERTEX_POINT('',#11817);
#3326=VERTEX_POINT('',#11822);
#3327=VERTEX_POINT('',#11826);
#3328=VERTEX_POINT('',#11831);
#3329=VERTEX_POINT('',#11835);
#3330=VERTEX_POINT('',#11841);
#3331=VERTEX_POINT('',#11842);
#3332=VERTEX_POINT('',#11844);
#3333=VERTEX_POINT('',#11846);
#3334=VERTEX_POINT('',#11850);
#3335=VERTEX_POINT('',#11852);
#3336=VERTEX_POINT('',#11856);
#3337=VERTEX_POINT('',#11858);
#3338=VERTEX_POINT('',#11862);
#3339=VERTEX_POINT('',#11864);
#3340=VERTEX_POINT('',#11868);
#3341=VERTEX_POINT('',#11870);
#3342=VERTEX_POINT('',#11874);
#3343=VERTEX_POINT('',#11876);
#3344=VERTEX_POINT('',#11880);
#3345=VERTEX_POINT('',#11882);
#3346=VERTEX_POINT('',#11889);
#3347=VERTEX_POINT('',#11891);
#3348=VERTEX_POINT('',#11893);
#3349=VERTEX_POINT('',#11895);
#3350=VERTEX_POINT('',#11897);
#3351=VERTEX_POINT('',#11900);
#3352=VERTEX_POINT('',#11902);
#3353=VERTEX_POINT('',#11904);
#3354=VERTEX_POINT('',#11906);
#3355=VERTEX_POINT('',#11908);
#3356=VERTEX_POINT('',#11911);
#3357=VERTEX_POINT('',#11915);
#3358=VERTEX_POINT('',#11929);
#3359=VERTEX_POINT('',#11932);
#3360=VERTEX_POINT('',#11936);
#3361=VERTEX_POINT('',#11937);
#3362=VERTEX_POINT('',#11939);
#3363=VERTEX_POINT('',#11941);
#3364=VERTEX_POINT('',#11945);
#3365=VERTEX_POINT('',#11946);
#3366=VERTEX_POINT('',#11951);
#3367=VERTEX_POINT('',#11952);
#3368=VERTEX_POINT('',#11960);
#3369=VERTEX_POINT('',#11961);
#3370=VERTEX_POINT('',#11963);
#3371=VERTEX_POINT('',#11965);
#3372=VERTEX_POINT('',#11969);
#3373=VERTEX_POINT('',#11970);
#3374=VERTEX_POINT('',#11975);
#3375=VERTEX_POINT('',#11976);
#3376=VERTEX_POINT('',#11984);
#3377=VERTEX_POINT('',#11985);
#3378=VERTEX_POINT('',#11987);
#3379=VERTEX_POINT('',#11989);
#3380=VERTEX_POINT('',#11993);
#3381=VERTEX_POINT('',#11994);
#3382=VERTEX_POINT('',#11999);
#3383=VERTEX_POINT('',#12000);
#3384=VERTEX_POINT('',#12008);
#3385=VERTEX_POINT('',#12009);
#3386=VERTEX_POINT('',#12011);
#3387=VERTEX_POINT('',#12013);
#3388=VERTEX_POINT('',#12017);
#3389=VERTEX_POINT('',#12018);
#3390=VERTEX_POINT('',#12023);
#3391=VERTEX_POINT('',#12024);
#3392=VERTEX_POINT('',#12032);
#3393=VERTEX_POINT('',#12033);
#3394=VERTEX_POINT('',#12035);
#3395=VERTEX_POINT('',#12037);
#3396=VERTEX_POINT('',#12041);
#3397=VERTEX_POINT('',#12042);
#3398=VERTEX_POINT('',#12047);
#3399=VERTEX_POINT('',#12048);
#3400=VERTEX_POINT('',#12056);
#3401=VERTEX_POINT('',#12057);
#3402=VERTEX_POINT('',#12059);
#3403=VERTEX_POINT('',#12061);
#3404=VERTEX_POINT('',#12065);
#3405=VERTEX_POINT('',#12066);
#3406=VERTEX_POINT('',#12071);
#3407=VERTEX_POINT('',#12072);
#3408=VERTEX_POINT('',#12080);
#3409=VERTEX_POINT('',#12081);
#3410=VERTEX_POINT('',#12083);
#3411=VERTEX_POINT('',#12085);
#3412=VERTEX_POINT('',#12089);
#3413=VERTEX_POINT('',#12090);
#3414=VERTEX_POINT('',#12095);
#3415=VERTEX_POINT('',#12096);
#3416=VERTEX_POINT('',#12104);
#3417=VERTEX_POINT('',#12105);
#3418=VERTEX_POINT('',#12107);
#3419=VERTEX_POINT('',#12109);
#3420=VERTEX_POINT('',#12113);
#3421=VERTEX_POINT('',#12114);
#3422=VERTEX_POINT('',#12119);
#3423=VERTEX_POINT('',#12120);
#3424=VERTEX_POINT('',#12128);
#3425=VERTEX_POINT('',#12129);
#3426=VERTEX_POINT('',#12131);
#3427=VERTEX_POINT('',#12133);
#3428=VERTEX_POINT('',#12137);
#3429=VERTEX_POINT('',#12138);
#3430=VERTEX_POINT('',#12143);
#3431=VERTEX_POINT('',#12144);
#3432=VERTEX_POINT('',#12152);
#3433=VERTEX_POINT('',#12153);
#3434=VERTEX_POINT('',#12155);
#3435=VERTEX_POINT('',#12157);
#3436=VERTEX_POINT('',#12161);
#3437=VERTEX_POINT('',#12162);
#3438=VERTEX_POINT('',#12167);
#3439=VERTEX_POINT('',#12168);
#3440=VERTEX_POINT('',#12177);
#3441=VERTEX_POINT('',#12179);
#3442=VERTEX_POINT('',#12183);
#3443=VERTEX_POINT('',#12187);
#3444=VERTEX_POINT('',#12194);
#3445=VERTEX_POINT('',#12196);
#3446=VERTEX_POINT('',#12200);
#3447=VERTEX_POINT('',#12204);
#3448=VERTEX_POINT('',#12210);
#3449=VERTEX_POINT('',#12211);
#3450=VERTEX_POINT('',#12216);
#3451=VERTEX_POINT('',#12220);
#3452=VERTEX_POINT('',#12227);
#3453=VERTEX_POINT('',#12229);
#3454=VERTEX_POINT('',#12233);
#3455=VERTEX_POINT('',#12237);
#3456=VERTEX_POINT('',#12244);
#3457=VERTEX_POINT('',#12246);
#3458=VERTEX_POINT('',#12250);
#3459=VERTEX_POINT('',#12254);
#3460=VERTEX_POINT('',#12260);
#3461=VERTEX_POINT('',#12261);
#3462=VERTEX_POINT('',#12266);
#3463=VERTEX_POINT('',#12270);
#3464=VERTEX_POINT('',#12277);
#3465=VERTEX_POINT('',#12279);
#3466=VERTEX_POINT('',#12283);
#3467=VERTEX_POINT('',#12287);
#3468=VERTEX_POINT('',#12294);
#3469=VERTEX_POINT('',#12296);
#3470=VERTEX_POINT('',#12300);
#3471=VERTEX_POINT('',#12304);
#3472=VERTEX_POINT('',#12310);
#3473=VERTEX_POINT('',#12311);
#3474=VERTEX_POINT('',#12316);
#3475=VERTEX_POINT('',#12320);
#3476=VERTEX_POINT('',#12327);
#3477=VERTEX_POINT('',#12329);
#3478=VERTEX_POINT('',#12333);
#3479=VERTEX_POINT('',#12337);
#3480=VERTEX_POINT('',#12344);
#3481=VERTEX_POINT('',#12346);
#3482=VERTEX_POINT('',#12350);
#3483=VERTEX_POINT('',#12354);
#3484=VERTEX_POINT('',#12360);
#3485=VERTEX_POINT('',#12361);
#3486=VERTEX_POINT('',#12366);
#3487=VERTEX_POINT('',#12370);
#3488=VERTEX_POINT('',#12377);
#3489=VERTEX_POINT('',#12379);
#3490=VERTEX_POINT('',#12383);
#3491=VERTEX_POINT('',#12387);
#3492=VERTEX_POINT('',#12394);
#3493=VERTEX_POINT('',#12396);
#3494=VERTEX_POINT('',#12400);
#3495=VERTEX_POINT('',#12404);
#3496=VERTEX_POINT('',#12410);
#3497=VERTEX_POINT('',#12411);
#3498=VERTEX_POINT('',#12416);
#3499=VERTEX_POINT('',#12420);
#3500=VERTEX_POINT('',#12426);
#3501=VERTEX_POINT('',#12427);
#3502=VERTEX_POINT('',#12429);
#3503=VERTEX_POINT('',#12431);
#3504=VERTEX_POINT('',#12435);
#3505=VERTEX_POINT('',#12436);
#3506=VERTEX_POINT('',#12438);
#3507=VERTEX_POINT('',#12440);
#3508=VERTEX_POINT('',#12447);
#3509=VERTEX_POINT('',#12448);
#3510=VERTEX_POINT('',#12450);
#3511=VERTEX_POINT('',#12452);
#3512=VERTEX_POINT('',#12456);
#3513=VERTEX_POINT('',#12457);
#3514=VERTEX_POINT('',#12459);
#3515=VERTEX_POINT('',#12461);
#3516=VERTEX_POINT('',#12468);
#3517=VERTEX_POINT('',#12469);
#3518=VERTEX_POINT('',#12471);
#3519=VERTEX_POINT('',#12473);
#3520=VERTEX_POINT('',#12477);
#3521=VERTEX_POINT('',#12478);
#3522=VERTEX_POINT('',#12480);
#3523=VERTEX_POINT('',#12482);
#3524=VERTEX_POINT('',#12489);
#3525=VERTEX_POINT('',#12490);
#3526=VERTEX_POINT('',#12492);
#3527=VERTEX_POINT('',#12494);
#3528=VERTEX_POINT('',#12498);
#3529=VERTEX_POINT('',#12499);
#3530=VERTEX_POINT('',#12501);
#3531=VERTEX_POINT('',#12503);
#3532=VERTEX_POINT('',#12510);
#3533=VERTEX_POINT('',#12511);
#3534=VERTEX_POINT('',#12513);
#3535=VERTEX_POINT('',#12515);
#3536=VERTEX_POINT('',#12519);
#3537=VERTEX_POINT('',#12520);
#3538=VERTEX_POINT('',#12522);
#3539=VERTEX_POINT('',#12524);
#3540=VERTEX_POINT('',#12531);
#3541=VERTEX_POINT('',#12532);
#3542=VERTEX_POINT('',#12534);
#3543=VERTEX_POINT('',#12536);
#3544=VERTEX_POINT('',#12540);
#3545=VERTEX_POINT('',#12541);
#3546=VERTEX_POINT('',#12546);
#3547=VERTEX_POINT('',#12547);
#3548=VERTEX_POINT('',#12555);
#3549=VERTEX_POINT('',#12556);
#3550=VERTEX_POINT('',#12558);
#3551=VERTEX_POINT('',#12560);
#3552=VERTEX_POINT('',#12564);
#3553=VERTEX_POINT('',#12565);
#3554=VERTEX_POINT('',#12570);
#3555=VERTEX_POINT('',#12571);
#3556=VERTEX_POINT('',#12580);
#3557=VERTEX_POINT('',#12582);
#3558=VERTEX_POINT('',#12586);
#3559=VERTEX_POINT('',#12590);
#3560=VERTEX_POINT('',#12597);
#3561=VERTEX_POINT('',#12599);
#3562=VERTEX_POINT('',#12603);
#3563=VERTEX_POINT('',#12607);
#3564=VERTEX_POINT('',#12613);
#3565=VERTEX_POINT('',#12614);
#3566=VERTEX_POINT('',#12619);
#3567=VERTEX_POINT('',#12623);
#3568=VERTEX_POINT('',#12629);
#3569=VERTEX_POINT('',#12630);
#3570=VERTEX_POINT('',#12632);
#3571=VERTEX_POINT('',#12634);
#3572=VERTEX_POINT('',#12638);
#3573=VERTEX_POINT('',#12639);
#3574=VERTEX_POINT('',#12644);
#3575=VERTEX_POINT('',#12648);
#3576=VERTEX_POINT('',#12649);
#3577=VERTEX_POINT('',#12651);
#3578=VERTEX_POINT('',#12653);
#3579=VERTEX_POINT('',#12657);
#3580=VERTEX_POINT('',#12658);
#3581=VERTEX_POINT('',#12663);
#3582=VERTEX_POINT('',#12667);
#3583=VERTEX_POINT('',#12668);
#3584=VERTEX_POINT('',#12670);
#3585=VERTEX_POINT('',#12672);
#3586=VERTEX_POINT('',#12676);
#3587=VERTEX_POINT('',#12677);
#3588=VERTEX_POINT('',#12679);
#3589=VERTEX_POINT('',#12681);
#3590=VERTEX_POINT('',#12685);
#3591=VERTEX_POINT('',#12686);
#3592=VERTEX_POINT('',#12688);
#3593=VERTEX_POINT('',#12690);
#3594=VERTEX_POINT('',#12694);
#3595=VERTEX_POINT('',#12695);
#3596=VERTEX_POINT('',#12697);
#3597=VERTEX_POINT('',#12699);
#3598=VERTEX_POINT('',#12703);
#3599=VERTEX_POINT('',#12705);
#3600=VERTEX_POINT('',#12709);
#3601=VERTEX_POINT('',#12711);
#3602=VERTEX_POINT('',#12715);
#3603=VERTEX_POINT('',#12719);
#3604=VERTEX_POINT('',#12723);
#3605=VERTEX_POINT('',#12725);
#3606=VERTEX_POINT('',#12729);
#3607=VERTEX_POINT('',#12731);
#3608=VERTEX_POINT('',#12735);
#3609=VERTEX_POINT('',#12739);
#3610=VERTEX_POINT('',#12743);
#3611=VERTEX_POINT('',#12745);
#3612=VERTEX_POINT('',#12749);
#3613=VERTEX_POINT('',#12751);
#3614=VERTEX_POINT('',#12755);
#3615=VERTEX_POINT('',#12759);
#3616=VERTEX_POINT('',#12763);
#3617=VERTEX_POINT('',#12765);
#3618=VERTEX_POINT('',#12769);
#3619=VERTEX_POINT('',#12771);
#3620=VERTEX_POINT('',#12775);
#3621=VERTEX_POINT('',#12779);
#3622=VERTEX_POINT('',#12783);
#3623=VERTEX_POINT('',#12784);
#3624=VERTEX_POINT('',#12786);
#3625=VERTEX_POINT('',#12788);
#3626=VERTEX_POINT('',#12792);
#3627=VERTEX_POINT('',#12794);
#3628=VERTEX_POINT('',#12798);
#3629=VERTEX_POINT('',#12800);
#3630=VERTEX_POINT('',#12804);
#3631=VERTEX_POINT('',#12808);
#3632=VERTEX_POINT('',#12812);
#3633=VERTEX_POINT('',#12813);
#3634=VERTEX_POINT('',#12815);
#3635=VERTEX_POINT('',#12817);
#3636=VERTEX_POINT('',#12821);
#3637=VERTEX_POINT('',#12822);
#3638=VERTEX_POINT('',#12824);
#3639=VERTEX_POINT('',#12826);
#3640=VERTEX_POINT('',#12828);
#3641=VERTEX_POINT('',#12832);
#3642=VERTEX_POINT('',#12834);
#3643=VERTEX_POINT('',#12838);
#3644=VERTEX_POINT('',#12840);
#3645=VERTEX_POINT('',#12842);
#3646=VERTEX_POINT('',#12846);
#3647=VERTEX_POINT('',#12847);
#3648=VERTEX_POINT('',#12849);
#3649=VERTEX_POINT('',#12851);
#3650=VERTEX_POINT('',#12853);
#3651=VERTEX_POINT('',#12857);
#3652=VERTEX_POINT('',#12858);
#3653=VERTEX_POINT('',#12860);
#3654=VERTEX_POINT('',#12862);
#3655=VERTEX_POINT('',#12864);
#3656=VERTEX_POINT('',#12871);
#3657=VERTEX_POINT('',#12872);
#3658=VERTEX_POINT('',#12874);
#3659=VERTEX_POINT('',#12876);
#3660=VERTEX_POINT('',#12880);
#3661=VERTEX_POINT('',#12882);
#3662=VERTEX_POINT('',#12884);
#3663=VERTEX_POINT('',#12888);
#3664=VERTEX_POINT('',#12890);
#3665=VERTEX_POINT('',#12892);
#3666=VERTEX_POINT('',#12896);
#3667=VERTEX_POINT('',#12897);
#3668=VERTEX_POINT('',#12899);
#3669=VERTEX_POINT('',#12901);
#3670=VERTEX_POINT('',#12905);
#3671=VERTEX_POINT('',#12906);
#3672=VERTEX_POINT('',#12908);
#3673=VERTEX_POINT('',#12910);
#3674=VERTEX_POINT('',#12917);
#3675=VERTEX_POINT('',#12918);
#3676=VERTEX_POINT('',#12920);
#3677=VERTEX_POINT('',#12922);
#3678=VERTEX_POINT('',#12926);
#3679=VERTEX_POINT('',#12928);
#3680=VERTEX_POINT('',#12930);
#3681=VERTEX_POINT('',#12934);
#3682=VERTEX_POINT('',#12936);
#3683=VERTEX_POINT('',#12941);
#3684=VERTEX_POINT('',#12945);
#3685=VERTEX_POINT('',#12946);
#3686=VERTEX_POINT('',#12948);
#3687=VERTEX_POINT('',#12950);
#3688=VERTEX_POINT('',#12954);
#3689=VERTEX_POINT('',#12955);
#3690=VERTEX_POINT('',#12957);
#3691=VERTEX_POINT('',#12959);
#3692=VERTEX_POINT('',#12964);
#3693=VERTEX_POINT('',#12969);
#3694=VERTEX_POINT('',#12973);
#3695=VERTEX_POINT('',#12975);
#3696=VERTEX_POINT('',#12979);
#3697=VERTEX_POINT('',#12981);
#3698=VERTEX_POINT('',#12985);
#3699=VERTEX_POINT('',#12986);
#3700=VERTEX_POINT('',#12991);
#3701=VERTEX_POINT('',#12993);
#3702=VERTEX_POINT('',#12996);
#3703=VERTEX_POINT('',#13001);
#3704=VERTEX_POINT('',#13007);
#3705=VERTEX_POINT('',#13009);
#3706=VERTEX_POINT('',#13013);
#3707=VERTEX_POINT('',#13015);
#3708=VERTEX_POINT('',#13020);
#3709=VERTEX_POINT('',#13030);
#3710=VERTEX_POINT('',#13042);
#3711=VERTEX_POINT('',#13055);
#3712=VERTEX_POINT('',#13083);
#3713=VERTEX_POINT('',#13084);
#3714=VERTEX_POINT('',#13086);
#3715=VERTEX_POINT('',#13088);
#3716=VERTEX_POINT('',#13091);
#3717=VERTEX_POINT('',#13093);
#3718=VERTEX_POINT('',#13097);
#3719=VERTEX_POINT('',#13100);
#3720=VERTEX_POINT('',#13101);
#3721=VERTEX_POINT('',#13118);
#3722=VERTEX_POINT('',#13119);
#3723=VERTEX_POINT('',#13121);
#3724=VERTEX_POINT('',#13123);
#3725=VERTEX_POINT('',#13125);
#3726=VERTEX_POINT('',#13127);
#3727=VERTEX_POINT('',#13129);
#3728=VERTEX_POINT('',#13131);
#3729=VERTEX_POINT('',#13133);
#3730=VERTEX_POINT('',#13135);
#3731=VERTEX_POINT('',#13137);
#3732=VERTEX_POINT('',#13139);
#3733=VERTEX_POINT('',#13141);
#3734=VERTEX_POINT('',#13143);
#3735=VERTEX_POINT('',#13145);
#3736=VERTEX_POINT('',#13147);
#3737=VERTEX_POINT('',#13149);
#3738=VERTEX_POINT('',#13151);
#3739=VERTEX_POINT('',#13153);
#3740=VERTEX_POINT('',#13155);
#3741=VERTEX_POINT('',#13157);
#3742=VERTEX_POINT('',#13160);
#3743=VERTEX_POINT('',#13162);
#3744=VERTEX_POINT('',#13166);
#3745=VERTEX_POINT('',#13170);
#3746=VERTEX_POINT('',#13173);
#3747=VERTEX_POINT('',#13177);
#3748=VERTEX_POINT('',#13179);
#3749=VERTEX_POINT('',#13183);
#3750=VERTEX_POINT('',#13184);
#3751=VERTEX_POINT('',#13189);
#3752=VERTEX_POINT('',#13193);
#3753=VERTEX_POINT('',#13198);
#3754=VERTEX_POINT('',#13200);
#3755=VERTEX_POINT('',#13204);
#3756=VERTEX_POINT('',#13208);
#3757=VERTEX_POINT('',#13212);
#3758=VERTEX_POINT('',#13216);
#3759=VERTEX_POINT('',#13220);
#3760=VERTEX_POINT('',#13224);
#3761=VERTEX_POINT('',#13228);
#3762=VERTEX_POINT('',#13232);
#3763=VERTEX_POINT('',#13236);
#3764=VERTEX_POINT('',#13240);
#3765=VERTEX_POINT('',#13244);
#3766=VERTEX_POINT('',#13248);
#3767=VERTEX_POINT('',#13252);
#3768=VERTEX_POINT('',#13256);
#3769=VERTEX_POINT('',#13260);
#3770=VERTEX_POINT('',#13264);
#3771=VERTEX_POINT('',#13268);
#3772=VERTEX_POINT('',#13272);
#3773=VERTEX_POINT('',#13280);
#3774=VERTEX_POINT('',#13282);
#3775=VERTEX_POINT('',#13286);
#3776=VERTEX_POINT('',#13289);
#3777=VERTEX_POINT('',#13293);
#3778=VERTEX_POINT('',#13296);
#3779=VERTEX_POINT('',#13300);
#3780=VERTEX_POINT('',#13304);
#3781=VERTEX_POINT('',#13308);
#3782=VERTEX_POINT('',#13311);
#3783=VERTEX_POINT('',#13315);
#3784=VERTEX_POINT('',#13318);
#3785=VERTEX_POINT('',#13336);
#3786=VERTEX_POINT('',#13338);
#3787=VERTEX_POINT('',#13342);
#3788=VERTEX_POINT('',#13344);
#3789=VERTEX_POINT('',#13348);
#3790=VERTEX_POINT('',#13350);
#3791=VERTEX_POINT('',#13354);
#3792=VERTEX_POINT('',#13356);
#3793=VERTEX_POINT('',#13360);
#3794=VERTEX_POINT('',#13362);
#3795=VERTEX_POINT('',#13366);
#3796=VERTEX_POINT('',#13367);
#3797=VERTEX_POINT('',#13369);
#3798=VERTEX_POINT('',#13371);
#3799=VERTEX_POINT('',#13375);
#3800=VERTEX_POINT('',#13376);
#3801=VERTEX_POINT('',#13378);
#3802=VERTEX_POINT('',#13380);
#3803=VERTEX_POINT('',#13384);
#3804=VERTEX_POINT('',#13385);
#3805=VERTEX_POINT('',#13387);
#3806=VERTEX_POINT('',#13389);
#3807=VERTEX_POINT('',#13393);
#3808=VERTEX_POINT('',#13394);
#3809=VERTEX_POINT('',#13396);
#3810=VERTEX_POINT('',#13398);
#3811=VERTEX_POINT('',#13402);
#3812=VERTEX_POINT('',#13404);
#3813=VERTEX_POINT('',#13408);
#3814=VERTEX_POINT('',#13410);
#3815=VERTEX_POINT('',#13414);
#3816=VERTEX_POINT('',#13416);
#3817=VERTEX_POINT('',#13420);
#3818=VERTEX_POINT('',#13421);
#3819=VERTEX_POINT('',#13423);
#3820=VERTEX_POINT('',#13425);
#3821=VERTEX_POINT('',#13431);
#3822=VERTEX_POINT('',#13437);
#3823=VERTEX_POINT('',#13445);
#3824=VERTEX_POINT('',#13447);
#3825=VERTEX_POINT('',#13451);
#3826=VERTEX_POINT('',#13455);
#3827=VERTEX_POINT('',#13467);
#3828=VERTEX_POINT('',#13468);
#3829=VERTEX_POINT('',#13470);
#3830=VERTEX_POINT('',#13471);
#3831=VERTEX_POINT('',#13473);
#3832=VERTEX_POINT('',#13474);
#3833=VERTEX_POINT('',#13477);
#3834=VERTEX_POINT('',#13478);
#3835=VERTEX_POINT('',#13480);
#3836=VERTEX_POINT('',#13481);
#3837=VERTEX_POINT('',#13483);
#3838=VERTEX_POINT('',#13484);
#3839=VERTEX_POINT('',#13487);
#3840=VERTEX_POINT('',#13488);
#3841=VERTEX_POINT('',#13490);
#3842=VERTEX_POINT('',#13491);
#3843=VERTEX_POINT('',#13493);
#3844=VERTEX_POINT('',#13494);
#3845=VERTEX_POINT('',#13497);
#3846=VERTEX_POINT('',#13498);
#3847=VERTEX_POINT('',#13500);
#3848=VERTEX_POINT('',#13501);
#3849=VERTEX_POINT('',#13503);
#3850=VERTEX_POINT('',#13504);
#3851=VERTEX_POINT('',#13507);
#3852=VERTEX_POINT('',#13508);
#3853=VERTEX_POINT('',#13510);
#3854=VERTEX_POINT('',#13511);
#3855=VERTEX_POINT('',#13513);
#3856=VERTEX_POINT('',#13514);
#3857=VERTEX_POINT('',#13517);
#3858=VERTEX_POINT('',#13518);
#3859=VERTEX_POINT('',#13520);
#3860=VERTEX_POINT('',#13521);
#3861=VERTEX_POINT('',#13523);
#3862=VERTEX_POINT('',#13524);
#3863=VERTEX_POINT('',#13527);
#3864=VERTEX_POINT('',#13528);
#3865=VERTEX_POINT('',#13530);
#3866=VERTEX_POINT('',#13532);
#3867=VERTEX_POINT('',#13534);
#3868=VERTEX_POINT('',#13535);
#3869=VERTEX_POINT('',#13538);
#3870=VERTEX_POINT('',#13539);
#3871=VERTEX_POINT('',#13541);
#3872=VERTEX_POINT('',#13542);
#3873=VERTEX_POINT('',#13544);
#3874=VERTEX_POINT('',#13545);
#3875=VERTEX_POINT('',#13548);
#3876=VERTEX_POINT('',#13549);
#3877=VERTEX_POINT('',#13551);
#3878=VERTEX_POINT('',#13552);
#3879=VERTEX_POINT('',#13554);
#3880=VERTEX_POINT('',#13555);
#3881=VERTEX_POINT('',#13558);
#3882=VERTEX_POINT('',#13559);
#3883=VERTEX_POINT('',#13561);
#3884=VERTEX_POINT('',#13563);
#3885=VERTEX_POINT('',#13567);
#3886=VERTEX_POINT('',#13569);
#3887=VERTEX_POINT('',#13571);
#3888=VERTEX_POINT('',#13573);
#3889=VERTEX_POINT('',#13577);
#3890=VERTEX_POINT('',#13578);
#3891=VERTEX_POINT('',#13583);
#3892=VERTEX_POINT('',#13584);
#3893=VERTEX_POINT('',#13589);
#3894=VERTEX_POINT('',#13590);
#3895=VERTEX_POINT('',#13595);
#3896=VERTEX_POINT('',#13596);
#3897=VERTEX_POINT('',#13601);
#3898=VERTEX_POINT('',#13602);
#3899=VERTEX_POINT('',#13607);
#3900=VERTEX_POINT('',#13608);
#3901=VERTEX_POINT('',#13613);
#3902=VERTEX_POINT('',#13615);
#3903=VERTEX_POINT('',#13618);
#3904=VERTEX_POINT('',#13622);
#3905=VERTEX_POINT('',#13626);
#3906=VERTEX_POINT('',#13630);
#3907=VERTEX_POINT('',#13633);
#3908=VERTEX_POINT('',#13642);
#3909=VERTEX_POINT('',#13648);
#3910=VERTEX_POINT('',#13650);
#3911=VERTEX_POINT('',#13654);
#3912=VERTEX_POINT('',#13658);
#3913=VERTEX_POINT('',#13661);
#3914=VERTEX_POINT('',#13665);
#3915=VERTEX_POINT('',#13666);
#3916=VERTEX_POINT('',#13668);
#3917=VERTEX_POINT('',#13670);
#3918=VERTEX_POINT('',#13673);
#3919=VERTEX_POINT('',#13675);
#3920=VERTEX_POINT('',#13677);
#3921=VERTEX_POINT('',#13679);
#3922=VERTEX_POINT('',#13681);
#3923=VERTEX_POINT('',#13683);
#3924=VERTEX_POINT('',#13687);
#3925=VERTEX_POINT('',#13689);
#3926=VERTEX_POINT('',#13693);
#3927=VERTEX_POINT('',#13695);
#3928=VERTEX_POINT('',#13697);
#3929=VERTEX_POINT('',#13700);
#3930=VERTEX_POINT('',#13702);
#3931=VERTEX_POINT('',#13704);
#3932=VERTEX_POINT('',#13706);
#3933=VERTEX_POINT('',#13708);
#3934=VERTEX_POINT('',#13710);
#3935=VERTEX_POINT('',#13714);
#3936=VERTEX_POINT('',#13718);
#3937=VERTEX_POINT('',#13751);
#3938=VERTEX_POINT('',#13752);
#3939=VERTEX_POINT('',#13754);
#3940=VERTEX_POINT('',#13756);
#3941=VERTEX_POINT('',#13759);
#3942=VERTEX_POINT('',#13762);
#3943=VERTEX_POINT('',#13766);
#3944=VERTEX_POINT('',#13768);
#3945=VERTEX_POINT('',#13772);
#3946=VERTEX_POINT('',#13776);
#3947=VERTEX_POINT('',#13783);
#3948=VERTEX_POINT('',#13785);
#3949=VERTEX_POINT('',#13789);
#3950=VERTEX_POINT('',#13790);
#3951=VERTEX_POINT('',#13792);
#3952=VERTEX_POINT('',#13794);
#3953=VERTEX_POINT('',#13798);
#3954=VERTEX_POINT('',#13800);
#3955=VERTEX_POINT('',#13804);
#3956=VERTEX_POINT('',#13806);
#3957=VERTEX_POINT('',#13817);
#3958=VERTEX_POINT('',#13819);
#3959=VERTEX_POINT('',#13822);
#3960=VERTEX_POINT('',#13826);
#3961=VERTEX_POINT('',#13832);
#3962=VERTEX_POINT('',#13833);
#3963=VERTEX_POINT('',#13835);
#3964=VERTEX_POINT('',#13837);
#3965=VERTEX_POINT('',#13840);
#3966=VERTEX_POINT('',#13843);
#3967=VERTEX_POINT('',#13847);
#3968=VERTEX_POINT('',#13849);
#3969=VERTEX_POINT('',#13853);
#3970=VERTEX_POINT('',#13857);
#3971=VERTEX_POINT('',#13864);
#3972=VERTEX_POINT('',#13866);
#3973=EDGE_CURVE('',#3246,#3247,#1640,.T.);
#3974=EDGE_CURVE('',#3246,#3248,#1641,.F.);
#3975=EDGE_CURVE('',#3248,#3249,#1642,.T.);
#3976=EDGE_CURVE('',#3249,#3247,#1643,.F.);
#3977=EDGE_CURVE('',#3250,#3251,#1644,.T.);
#3978=EDGE_CURVE('',#3251,#3252,#1645,.F.);
#3979=EDGE_CURVE('',#3253,#3252,#1646,.T.);
#3980=EDGE_CURVE('',#3253,#3250,#1647,.F.);
#3981=EDGE_CURVE('',#3254,#3255,#1648,.T.);
#3982=EDGE_CURVE('',#3254,#3256,#1649,.F.);
#3983=EDGE_CURVE('',#3256,#3257,#1650,.T.);
#3984=EDGE_CURVE('',#3257,#3255,#1651,.F.);
#3985=EDGE_CURVE('',#3258,#3259,#1652,.T.);
#3986=EDGE_CURVE('',#3258,#3260,#1653,.F.);
#3987=EDGE_CURVE('',#3260,#3261,#1654,.T.);
#3988=EDGE_CURVE('',#3261,#3259,#1655,.F.);
#3989=EDGE_CURVE('',#3262,#3263,#1656,.F.);
#3990=EDGE_CURVE('',#3263,#3254,#388,.T.);
#3991=EDGE_CURVE('',#3255,#3264,#389,.T.);
#3992=EDGE_CURVE('',#3264,#3265,#1657,.F.);
#3993=EDGE_CURVE('',#3265,#3258,#390,.T.);
#3994=EDGE_CURVE('',#3259,#3266,#391,.T.);
#3995=EDGE_CURVE('',#3266,#3267,#1658,.F.);
#3996=EDGE_CURVE('',#3267,#3246,#392,.T.);
#3997=EDGE_CURVE('',#3247,#3268,#393,.T.);
#3998=EDGE_CURVE('',#3268,#3269,#1659,.F.);
#3999=EDGE_CURVE('',#3269,#3253,#394,.T.);
#4000=EDGE_CURVE('',#3252,#3262,#395,.T.);
#4001=EDGE_CURVE('',#3270,#3270,#396,.T.);
#4002=EDGE_CURVE('',#3271,#3271,#397,.T.);
#4003=EDGE_CURVE('',#3272,#3272,#398,.T.);
#4004=EDGE_CURVE('',#3273,#3273,#399,.T.);
#4005=EDGE_CURVE('',#3274,#3274,#400,.T.);
#4006=EDGE_CURVE('',#3256,#3275,#401,.F.);
#4007=EDGE_CURVE('',#3275,#3276,#1660,.F.);
#4008=EDGE_CURVE('',#3276,#3251,#402,.F.);
#4009=EDGE_CURVE('',#3250,#3277,#403,.F.);
#4010=EDGE_CURVE('',#3277,#3278,#1661,.F.);
#4011=EDGE_CURVE('',#3278,#3249,#404,.F.);
#4012=EDGE_CURVE('',#3248,#3279,#405,.F.);
#4013=EDGE_CURVE('',#3279,#3280,#1662,.F.);
#4014=EDGE_CURVE('',#3280,#3261,#406,.F.);
#4015=EDGE_CURVE('',#3260,#3281,#407,.F.);
#4016=EDGE_CURVE('',#3281,#3282,#1663,.F.);
#4017=EDGE_CURVE('',#3282,#3257,#408,.F.);
#4018=EDGE_CURVE('',#3283,#3283,#409,.F.);
#4019=EDGE_CURVE('',#3284,#3284,#410,.T.);
#4020=EDGE_CURVE('',#3285,#3285,#411,.T.);
#4021=EDGE_CURVE('',#3286,#3286,#412,.T.);
#4022=EDGE_CURVE('',#3287,#3287,#413,.T.);
#4023=EDGE_CURVE('',#3264,#3282,#1664,.F.);
#4024=EDGE_CURVE('',#3281,#3265,#1665,.F.);
#4025=EDGE_CURVE('',#3275,#3263,#1666,.F.);
#4026=EDGE_CURVE('',#3262,#3276,#1667,.F.);
#4027=EDGE_CURVE('',#3277,#3269,#1668,.F.);
#4028=EDGE_CURVE('',#3268,#3278,#1669,.F.);
#4029=EDGE_CURVE('',#3266,#3280,#1670,.F.);
#4030=EDGE_CURVE('',#3279,#3267,#1671,.F.);
#4031=EDGE_CURVE('',#3287,#3274,#1672,.T.);
#4032=EDGE_CURVE('',#3286,#3273,#1673,.T.);
#4033=EDGE_CURVE('',#3285,#3272,#1674,.T.);
#4034=EDGE_CURVE('',#3284,#3271,#1675,.T.);
#4035=EDGE_CURVE('',#3283,#3270,#1676,.T.);
#4036=EDGE_CURVE('',#3288,#3289,#1677,.T.);
#4037=EDGE_CURVE('',#3290,#3288,#1678,.T.);
#4038=EDGE_CURVE('',#3290,#3291,#1679,.T.);
#4039=EDGE_CURVE('',#3292,#3291,#1680,.T.);
#4040=EDGE_CURVE('',#3292,#3293,#1681,.T.);
#4041=EDGE_CURVE('',#3293,#3294,#1682,.T.);
#4042=EDGE_CURVE('',#3294,#3295,#1683,.T.);
#4043=EDGE_CURVE('',#3289,#3295,#1684,.T.);
#4044=EDGE_CURVE('',#3296,#3297,#1685,.T.);
#4045=EDGE_CURVE('',#3297,#3298,#1686,.T.);
#4046=EDGE_CURVE('',#3299,#3298,#1687,.T.);
#4047=EDGE_CURVE('',#3299,#3296,#1688,.T.);
#4048=EDGE_CURVE('',#3300,#3301,#1689,.T.);
#4049=EDGE_CURVE('',#3301,#3302,#1690,.T.);
#4050=EDGE_CURVE('',#3303,#3302,#1691,.T.);
#4051=EDGE_CURVE('',#3303,#3300,#1692,.T.);
#4052=EDGE_CURVE('',#3304,#3305,#1693,.T.);
#4053=EDGE_CURVE('',#3305,#3306,#1694,.T.);
#4054=EDGE_CURVE('',#3307,#3306,#1695,.T.);
#4055=EDGE_CURVE('',#3307,#3304,#1696,.T.);
#4056=EDGE_CURVE('',#3306,#3292,#1697,.F.);
#4057=EDGE_CURVE('',#3308,#3291,#1698,.T.);
#4058=EDGE_CURVE('',#3309,#3308,#1699,.T.);
#4059=EDGE_CURVE('',#3289,#3309,#1700,.T.);
#4060=EDGE_CURVE('',#3295,#3299,#1701,.F.);
#4061=EDGE_CURVE('',#3298,#3303,#1702,.F.);
#4062=EDGE_CURVE('',#3302,#3307,#1703,.F.);
#4063=EDGE_CURVE('',#3310,#3310,#414,.T.);
#4064=EDGE_CURVE('',#3311,#3311,#415,.T.);
#4065=EDGE_CURVE('',#3312,#3312,#416,.T.);
#4066=EDGE_CURVE('',#3313,#3313,#417,.T.);
#4067=EDGE_CURVE('',#3314,#3314,#418,.T.);
#4068=EDGE_CURVE('',#3293,#3305,#1704,.F.);
#4069=EDGE_CURVE('',#3304,#3301,#1705,.F.);
#4070=EDGE_CURVE('',#3300,#3297,#1706,.F.);
#4071=EDGE_CURVE('',#3296,#3294,#1707,.F.);
#4072=EDGE_CURVE('',#3315,#3315,#419,.T.);
#4073=EDGE_CURVE('',#3316,#3316,#420,.T.);
#4074=EDGE_CURVE('',#3317,#3317,#421,.T.);
#4075=EDGE_CURVE('',#3318,#3318,#422,.T.);
#4076=EDGE_CURVE('',#3319,#3319,#423,.F.);
#4077=EDGE_CURVE('',#3319,#3314,#1708,.T.);
#4078=EDGE_CURVE('',#3320,#3290,#1709,.T.);
#4079=EDGE_CURVE('',#3320,#3308,#1710,.T.);
#4080=EDGE_CURVE('',#3321,#3309,#1711,.T.);
#4081=EDGE_CURVE('',#3288,#3321,#1712,.T.);
#4082=EDGE_CURVE('',#3321,#3320,#1713,.T.);
#4083=EDGE_CURVE('',#3318,#3322,#1714,.T.);
#4084=EDGE_CURVE('',#3322,#3322,#424,.T.);
#4085=EDGE_CURVE('',#3323,#3323,#425,.T.);
#4086=EDGE_CURVE('',#3313,#3323,#1715,.T.);
#4087=EDGE_CURVE('',#3317,#3324,#1716,.T.);
#4088=EDGE_CURVE('',#3324,#3324,#426,.T.);
#4089=EDGE_CURVE('',#3325,#3325,#427,.T.);
#4090=EDGE_CURVE('',#3312,#3325,#1717,.T.);
#4091=EDGE_CURVE('',#3316,#3326,#1718,.T.);
#4092=EDGE_CURVE('',#3326,#3326,#428,.T.);
#4093=EDGE_CURVE('',#3327,#3327,#429,.T.);
#4094=EDGE_CURVE('',#3311,#3327,#1719,.T.);
#4095=EDGE_CURVE('',#3315,#3328,#1720,.T.);
#4096=EDGE_CURVE('',#3328,#3328,#430,.T.);
#4097=EDGE_CURVE('',#3329,#3329,#431,.T.);
#4098=EDGE_CURVE('',#3310,#3329,#1721,.T.);
#4099=EDGE_CURVE('',#3330,#3331,#1722,.T.);
#4100=EDGE_CURVE('',#3332,#3331,#1723,.T.);
#4101=EDGE_CURVE('',#3333,#3332,#1724,.T.);
#4102=EDGE_CURVE('',#3333,#3330,#1725,.T.);
#4103=EDGE_CURVE('',#3331,#3334,#1726,.T.);
#4104=EDGE_CURVE('',#3335,#3334,#1727,.T.);
#4105=EDGE_CURVE('',#3332,#3335,#1728,.T.);
#4106=EDGE_CURVE('',#3334,#3336,#1729,.T.);
#4107=EDGE_CURVE('',#3337,#3336,#1730,.T.);
#4108=EDGE_CURVE('',#3335,#3337,#1731,.T.);
#4109=EDGE_CURVE('',#3336,#3338,#1732,.T.);
#4110=EDGE_CURVE('',#3339,#3338,#1733,.T.);
#4111=EDGE_CURVE('',#3337,#3339,#1734,.T.);
#4112=EDGE_CURVE('',#3338,#3340,#1735,.T.);
#4113=EDGE_CURVE('',#3341,#3340,#1736,.T.);
#4114=EDGE_CURVE('',#3339,#3341,#1737,.T.);
#4115=EDGE_CURVE('',#3340,#3342,#1738,.T.);
#4116=EDGE_CURVE('',#3343,#3342,#1739,.T.);
#4117=EDGE_CURVE('',#3341,#3343,#1740,.T.);
#4118=EDGE_CURVE('',#3342,#3344,#1741,.T.);
#4119=EDGE_CURVE('',#3345,#3344,#1742,.T.);
#4120=EDGE_CURVE('',#3343,#3345,#1743,.T.);
#4121=EDGE_CURVE('',#3344,#3330,#1744,.T.);
#4122=EDGE_CURVE('',#3345,#3333,#1745,.T.);
#4123=EDGE_CURVE('',#3346,#3346,#432,.T.);
#4124=EDGE_CURVE('',#3347,#3347,#433,.T.);
#4125=EDGE_CURVE('',#3348,#3348,#434,.T.);
#4126=EDGE_CURVE('',#3349,#3349,#435,.T.);
#4127=EDGE_CURVE('',#3350,#3350,#436,.T.);
#4128=EDGE_CURVE('',#3351,#3351,#437,.T.);
#4129=EDGE_CURVE('',#3352,#3352,#438,.T.);
#4130=EDGE_CURVE('',#3353,#3353,#439,.T.);
#4131=EDGE_CURVE('',#3354,#3354,#440,.T.);
#4132=EDGE_CURVE('',#3355,#3355,#441,.F.);
#4133=EDGE_CURVE('',#3350,#3356,#1746,.T.);
#4134=EDGE_CURVE('',#3356,#3356,#442,.T.);
#4135=EDGE_CURVE('',#3357,#3357,#443,.T.);
#4136=EDGE_CURVE('',#3355,#3357,#1747,.T.);
#4137=EDGE_CURVE('',#3354,#3349,#1748,.T.);
#4138=EDGE_CURVE('',#3353,#3348,#1749,.T.);
#4139=EDGE_CURVE('',#3352,#3347,#1750,.T.);
#4140=EDGE_CURVE('',#3351,#3346,#1751,.T.);
#4141=EDGE_CURVE('',#3358,#3358,#444,.T.);
#4142=EDGE_CURVE('',#3359,#3359,#445,.T.);
#4143=EDGE_CURVE('',#3359,#3358,#1752,.T.);
#4144=EDGE_CURVE('',#3360,#3361,#1753,.T.);
#4145=EDGE_CURVE('',#3362,#3361,#1754,.T.);
#4146=EDGE_CURVE('',#3362,#3363,#1755,.T.);
#4147=EDGE_CURVE('',#3360,#3363,#1756,.T.);
#4148=EDGE_CURVE('',#3364,#3365,#1757,.T.);
#4149=EDGE_CURVE('',#3363,#3365,#1758,.T.);
#4150=EDGE_CURVE('',#3364,#3362,#1759,.T.);
#4151=EDGE_CURVE('',#3366,#3367,#1760,.T.);
#4152=EDGE_CURVE('',#3361,#3367,#1761,.T.);
#4153=EDGE_CURVE('',#3366,#3360,#1762,.T.);
#4154=EDGE_CURVE('',#3367,#3364,#1763,.T.);
#4155=EDGE_CURVE('',#3365,#3366,#1764,.T.);
#4156=EDGE_CURVE('',#3368,#3369,#1765,.T.);
#4157=EDGE_CURVE('',#3370,#3369,#1766,.T.);
#4158=EDGE_CURVE('',#3370,#3371,#1767,.T.);
#4159=EDGE_CURVE('',#3368,#3371,#1768,.T.);
#4160=EDGE_CURVE('',#3372,#3373,#1769,.T.);
#4161=EDGE_CURVE('',#3371,#3373,#1770,.T.);
#4162=EDGE_CURVE('',#3372,#3370,#1771,.T.);
#4163=EDGE_CURVE('',#3374,#3375,#1772,.T.);
#4164=EDGE_CURVE('',#3369,#3375,#1773,.T.);
#4165=EDGE_CURVE('',#3374,#3368,#1774,.T.);
#4166=EDGE_CURVE('',#3375,#3372,#1775,.T.);
#4167=EDGE_CURVE('',#3373,#3374,#1776,.T.);
#4168=EDGE_CURVE('',#3376,#3377,#1777,.T.);
#4169=EDGE_CURVE('',#3378,#3377,#1778,.T.);
#4170=EDGE_CURVE('',#3378,#3379,#1779,.T.);
#4171=EDGE_CURVE('',#3376,#3379,#1780,.T.);
#4172=EDGE_CURVE('',#3380,#3381,#1781,.T.);
#4173=EDGE_CURVE('',#3379,#3381,#1782,.T.);
#4174=EDGE_CURVE('',#3380,#3378,#1783,.T.);
#4175=EDGE_CURVE('',#3382,#3383,#1784,.T.);
#4176=EDGE_CURVE('',#3377,#3383,#1785,.T.);
#4177=EDGE_CURVE('',#3382,#3376,#1786,.T.);
#4178=EDGE_CURVE('',#3383,#3380,#1787,.T.);
#4179=EDGE_CURVE('',#3381,#3382,#1788,.T.);
#4180=EDGE_CURVE('',#3384,#3385,#1789,.T.);
#4181=EDGE_CURVE('',#3386,#3385,#1790,.T.);
#4182=EDGE_CURVE('',#3386,#3387,#1791,.T.);
#4183=EDGE_CURVE('',#3384,#3387,#1792,.T.);
#4184=EDGE_CURVE('',#3388,#3389,#1793,.T.);
#4185=EDGE_CURVE('',#3387,#3389,#1794,.T.);
#4186=EDGE_CURVE('',#3388,#3386,#1795,.T.);
#4187=EDGE_CURVE('',#3390,#3391,#1796,.T.);
#4188=EDGE_CURVE('',#3385,#3391,#1797,.T.);
#4189=EDGE_CURVE('',#3390,#3384,#1798,.T.);
#4190=EDGE_CURVE('',#3391,#3388,#1799,.T.);
#4191=EDGE_CURVE('',#3389,#3390,#1800,.T.);
#4192=EDGE_CURVE('',#3392,#3393,#1801,.T.);
#4193=EDGE_CURVE('',#3394,#3393,#1802,.T.);
#4194=EDGE_CURVE('',#3394,#3395,#1803,.T.);
#4195=EDGE_CURVE('',#3392,#3395,#1804,.T.);
#4196=EDGE_CURVE('',#3396,#3397,#1805,.T.);
#4197=EDGE_CURVE('',#3395,#3397,#1806,.T.);
#4198=EDGE_CURVE('',#3396,#3394,#1807,.T.);
#4199=EDGE_CURVE('',#3398,#3399,#1808,.T.);
#4200=EDGE_CURVE('',#3393,#3399,#1809,.T.);
#4201=EDGE_CURVE('',#3398,#3392,#1810,.T.);
#4202=EDGE_CURVE('',#3399,#3396,#1811,.T.);
#4203=EDGE_CURVE('',#3397,#3398,#1812,.T.);
#4204=EDGE_CURVE('',#3400,#3401,#1813,.T.);
#4205=EDGE_CURVE('',#3402,#3401,#1814,.T.);
#4206=EDGE_CURVE('',#3402,#3403,#1815,.T.);
#4207=EDGE_CURVE('',#3400,#3403,#1816,.T.);
#4208=EDGE_CURVE('',#3404,#3405,#1817,.T.);
#4209=EDGE_CURVE('',#3403,#3405,#1818,.T.);
#4210=EDGE_CURVE('',#3404,#3402,#1819,.T.);
#4211=EDGE_CURVE('',#3406,#3407,#1820,.T.);
#4212=EDGE_CURVE('',#3401,#3407,#1821,.T.);
#4213=EDGE_CURVE('',#3406,#3400,#1822,.T.);
#4214=EDGE_CURVE('',#3407,#3404,#1823,.T.);
#4215=EDGE_CURVE('',#3405,#3406,#1824,.T.);
#4216=EDGE_CURVE('',#3408,#3409,#1825,.T.);
#4217=EDGE_CURVE('',#3410,#3409,#1826,.T.);
#4218=EDGE_CURVE('',#3410,#3411,#1827,.T.);
#4219=EDGE_CURVE('',#3408,#3411,#1828,.T.);
#4220=EDGE_CURVE('',#3412,#3413,#1829,.T.);
#4221=EDGE_CURVE('',#3411,#3413,#1830,.T.);
#4222=EDGE_CURVE('',#3412,#3410,#1831,.T.);
#4223=EDGE_CURVE('',#3414,#3415,#1832,.T.);
#4224=EDGE_CURVE('',#3409,#3415,#1833,.T.);
#4225=EDGE_CURVE('',#3414,#3408,#1834,.T.);
#4226=EDGE_CURVE('',#3415,#3412,#1835,.T.);
#4227=EDGE_CURVE('',#3413,#3414,#1836,.T.);
#4228=EDGE_CURVE('',#3416,#3417,#1837,.T.);
#4229=EDGE_CURVE('',#3418,#3417,#1838,.T.);
#4230=EDGE_CURVE('',#3418,#3419,#1839,.T.);
#4231=EDGE_CURVE('',#3416,#3419,#1840,.T.);
#4232=EDGE_CURVE('',#3420,#3421,#1841,.T.);
#4233=EDGE_CURVE('',#3419,#3421,#1842,.T.);
#4234=EDGE_CURVE('',#3420,#3418,#1843,.T.);
#4235=EDGE_CURVE('',#3422,#3423,#1844,.T.);
#4236=EDGE_CURVE('',#3417,#3423,#1845,.T.);
#4237=EDGE_CURVE('',#3422,#3416,#1846,.T.);
#4238=EDGE_CURVE('',#3423,#3420,#1847,.T.);
#4239=EDGE_CURVE('',#3421,#3422,#1848,.T.);
#4240=EDGE_CURVE('',#3424,#3425,#1849,.T.);
#4241=EDGE_CURVE('',#3426,#3425,#1850,.T.);
#4242=EDGE_CURVE('',#3426,#3427,#1851,.T.);
#4243=EDGE_CURVE('',#3424,#3427,#1852,.T.);
#4244=EDGE_CURVE('',#3428,#3429,#1853,.T.);
#4245=EDGE_CURVE('',#3427,#3429,#1854,.T.);
#4246=EDGE_CURVE('',#3428,#3426,#1855,.T.);
#4247=EDGE_CURVE('',#3430,#3431,#1856,.T.);
#4248=EDGE_CURVE('',#3425,#3431,#1857,.T.);
#4249=EDGE_CURVE('',#3430,#3424,#1858,.T.);
#4250=EDGE_CURVE('',#3431,#3428,#1859,.T.);
#4251=EDGE_CURVE('',#3429,#3430,#1860,.T.);
#4252=EDGE_CURVE('',#3432,#3433,#1861,.T.);
#4253=EDGE_CURVE('',#3434,#3433,#1862,.T.);
#4254=EDGE_CURVE('',#3434,#3435,#1863,.T.);
#4255=EDGE_CURVE('',#3432,#3435,#1864,.T.);
#4256=EDGE_CURVE('',#3436,#3437,#1865,.T.);
#4257=EDGE_CURVE('',#3435,#3437,#1866,.T.);
#4258=EDGE_CURVE('',#3436,#3434,#1867,.T.);
#4259=EDGE_CURVE('',#3438,#3439,#1868,.T.);
#4260=EDGE_CURVE('',#3433,#3439,#1869,.T.);
#4261=EDGE_CURVE('',#3438,#3432,#1870,.T.);
#4262=EDGE_CURVE('',#3439,#3436,#1871,.T.);
#4263=EDGE_CURVE('',#3437,#3438,#1872,.T.);
#4264=EDGE_CURVE('',#3440,#3373,#1873,.T.);
#4265=EDGE_CURVE('',#3441,#3374,#1874,.T.);
#4266=EDGE_CURVE('',#3440,#3441,#1875,.T.);
#4267=EDGE_CURVE('',#3442,#3371,#1876,.T.);
#4268=EDGE_CURVE('',#3442,#3440,#1877,.T.);
#4269=EDGE_CURVE('',#3443,#3368,#1878,.T.);
#4270=EDGE_CURVE('',#3443,#3442,#1879,.T.);
#4271=EDGE_CURVE('',#3441,#3443,#1880,.T.);
#4272=EDGE_CURVE('',#3364,#3444,#1881,.T.);
#4273=EDGE_CURVE('',#3362,#3445,#1882,.T.);
#4274=EDGE_CURVE('',#3445,#3444,#1883,.T.);
#4275=EDGE_CURVE('',#3367,#3446,#1884,.T.);
#4276=EDGE_CURVE('',#3444,#3446,#1885,.T.);
#4277=EDGE_CURVE('',#3361,#3447,#1886,.T.);
#4278=EDGE_CURVE('',#3446,#3447,#1887,.T.);
#4279=EDGE_CURVE('',#3447,#3445,#1888,.T.);
#4280=EDGE_CURVE('',#3448,#3449,#1889,.T.);
#4281=EDGE_CURVE('',#3444,#3448,#446,.F.);
#4282=EDGE_CURVE('',#3445,#3449,#447,.T.);
#4283=EDGE_CURVE('',#3450,#3448,#1890,.T.);
#4284=EDGE_CURVE('',#3446,#3450,#448,.T.);
#4285=EDGE_CURVE('',#3451,#3450,#1891,.T.);
#4286=EDGE_CURVE('',#3447,#3451,#449,.F.);
#4287=EDGE_CURVE('',#3449,#3451,#1892,.T.);
#4288=EDGE_CURVE('',#3452,#3389,#1893,.T.);
#4289=EDGE_CURVE('',#3453,#3390,#1894,.T.);
#4290=EDGE_CURVE('',#3452,#3453,#1895,.T.);
#4291=EDGE_CURVE('',#3454,#3387,#1896,.T.);
#4292=EDGE_CURVE('',#3454,#3452,#1897,.T.);
#4293=EDGE_CURVE('',#3455,#3384,#1898,.T.);
#4294=EDGE_CURVE('',#3455,#3454,#1899,.T.);
#4295=EDGE_CURVE('',#3453,#3455,#1900,.T.);
#4296=EDGE_CURVE('',#3380,#3456,#1901,.T.);
#4297=EDGE_CURVE('',#3378,#3457,#1902,.T.);
#4298=EDGE_CURVE('',#3457,#3456,#1903,.T.);
#4299=EDGE_CURVE('',#3383,#3458,#1904,.T.);
#4300=EDGE_CURVE('',#3456,#3458,#1905,.T.);
#4301=EDGE_CURVE('',#3377,#3459,#1906,.T.);
#4302=EDGE_CURVE('',#3458,#3459,#1907,.T.);
#4303=EDGE_CURVE('',#3459,#3457,#1908,.T.);
#4304=EDGE_CURVE('',#3460,#3461,#1909,.T.);
#4305=EDGE_CURVE('',#3456,#3460,#450,.F.);
#4306=EDGE_CURVE('',#3457,#3461,#451,.T.);
#4307=EDGE_CURVE('',#3462,#3460,#1910,.T.);
#4308=EDGE_CURVE('',#3458,#3462,#452,.T.);
#4309=EDGE_CURVE('',#3463,#3462,#1911,.T.);
#4310=EDGE_CURVE('',#3459,#3463,#453,.F.);
#4311=EDGE_CURVE('',#3461,#3463,#1912,.T.);
#4312=EDGE_CURVE('',#3464,#3405,#1913,.T.);
#4313=EDGE_CURVE('',#3465,#3406,#1914,.T.);
#4314=EDGE_CURVE('',#3464,#3465,#1915,.T.);
#4315=EDGE_CURVE('',#3466,#3403,#1916,.T.);
#4316=EDGE_CURVE('',#3466,#3464,#1917,.T.);
#4317=EDGE_CURVE('',#3467,#3400,#1918,.T.);
#4318=EDGE_CURVE('',#3467,#3466,#1919,.T.);
#4319=EDGE_CURVE('',#3465,#3467,#1920,.T.);
#4320=EDGE_CURVE('',#3396,#3468,#1921,.T.);
#4321=EDGE_CURVE('',#3394,#3469,#1922,.T.);
#4322=EDGE_CURVE('',#3469,#3468,#1923,.T.);
#4323=EDGE_CURVE('',#3399,#3470,#1924,.T.);
#4324=EDGE_CURVE('',#3468,#3470,#1925,.T.);
#4325=EDGE_CURVE('',#3393,#3471,#1926,.T.);
#4326=EDGE_CURVE('',#3470,#3471,#1927,.T.);
#4327=EDGE_CURVE('',#3471,#3469,#1928,.T.);
#4328=EDGE_CURVE('',#3472,#3473,#1929,.T.);
#4329=EDGE_CURVE('',#3468,#3472,#454,.F.);
#4330=EDGE_CURVE('',#3469,#3473,#455,.T.);
#4331=EDGE_CURVE('',#3474,#3472,#1930,.T.);
#4332=EDGE_CURVE('',#3470,#3474,#456,.T.);
#4333=EDGE_CURVE('',#3475,#3474,#1931,.T.);
#4334=EDGE_CURVE('',#3471,#3475,#457,.F.);
#4335=EDGE_CURVE('',#3473,#3475,#1932,.T.);
#4336=EDGE_CURVE('',#3476,#3421,#1933,.T.);
#4337=EDGE_CURVE('',#3477,#3422,#1934,.T.);
#4338=EDGE_CURVE('',#3476,#3477,#1935,.T.);
#4339=EDGE_CURVE('',#3478,#3419,#1936,.T.);
#4340=EDGE_CURVE('',#3478,#3476,#1937,.T.);
#4341=EDGE_CURVE('',#3479,#3416,#1938,.T.);
#4342=EDGE_CURVE('',#3479,#3478,#1939,.T.);
#4343=EDGE_CURVE('',#3477,#3479,#1940,.T.);
#4344=EDGE_CURVE('',#3412,#3480,#1941,.T.);
#4345=EDGE_CURVE('',#3410,#3481,#1942,.T.);
#4346=EDGE_CURVE('',#3481,#3480,#1943,.T.);
#4347=EDGE_CURVE('',#3415,#3482,#1944,.T.);
#4348=EDGE_CURVE('',#3480,#3482,#1945,.T.);
#4349=EDGE_CURVE('',#3409,#3483,#1946,.T.);
#4350=EDGE_CURVE('',#3482,#3483,#1947,.T.);
#4351=EDGE_CURVE('',#3483,#3481,#1948,.T.);
#4352=EDGE_CURVE('',#3484,#3485,#1949,.T.);
#4353=EDGE_CURVE('',#3480,#3484,#458,.F.);
#4354=EDGE_CURVE('',#3481,#3485,#459,.T.);
#4355=EDGE_CURVE('',#3486,#3484,#1950,.T.);
#4356=EDGE_CURVE('',#3482,#3486,#460,.T.);
#4357=EDGE_CURVE('',#3487,#3486,#1951,.T.);
#4358=EDGE_CURVE('',#3483,#3487,#461,.F.);
#4359=EDGE_CURVE('',#3485,#3487,#1952,.T.);
#4360=EDGE_CURVE('',#3488,#3437,#1953,.T.);
#4361=EDGE_CURVE('',#3489,#3438,#1954,.T.);
#4362=EDGE_CURVE('',#3488,#3489,#1955,.T.);
#4363=EDGE_CURVE('',#3490,#3435,#1956,.T.);
#4364=EDGE_CURVE('',#3490,#3488,#1957,.T.);
#4365=EDGE_CURVE('',#3491,#3432,#1958,.T.);
#4366=EDGE_CURVE('',#3491,#3490,#1959,.T.);
#4367=EDGE_CURVE('',#3489,#3491,#1960,.T.);
#4368=EDGE_CURVE('',#3428,#3492,#1961,.T.);
#4369=EDGE_CURVE('',#3426,#3493,#1962,.T.);
#4370=EDGE_CURVE('',#3493,#3492,#1963,.T.);
#4371=EDGE_CURVE('',#3431,#3494,#1964,.T.);
#4372=EDGE_CURVE('',#3492,#3494,#1965,.T.);
#4373=EDGE_CURVE('',#3425,#3495,#1966,.T.);
#4374=EDGE_CURVE('',#3494,#3495,#1967,.T.);
#4375=EDGE_CURVE('',#3495,#3493,#1968,.T.);
#4376=EDGE_CURVE('',#3496,#3497,#1969,.T.);
#4377=EDGE_CURVE('',#3492,#3496,#462,.F.);
#4378=EDGE_CURVE('',#3493,#3497,#463,.T.);
#4379=EDGE_CURVE('',#3498,#3496,#1970,.T.);
#4380=EDGE_CURVE('',#3494,#3498,#464,.T.);
#4381=EDGE_CURVE('',#3499,#3498,#1971,.T.);
#4382=EDGE_CURVE('',#3495,#3499,#465,.F.);
#4383=EDGE_CURVE('',#3497,#3499,#1972,.T.);
#4384=EDGE_CURVE('',#3500,#3501,#1973,.T.);
#4385=EDGE_CURVE('',#3502,#3500,#1974,.T.);
#4386=EDGE_CURVE('',#3502,#3503,#1975,.T.);
#4387=EDGE_CURVE('',#3503,#3501,#1976,.T.);
#4388=EDGE_CURVE('',#3504,#3505,#1977,.T.);
#4389=EDGE_CURVE('',#3506,#3505,#1978,.T.);
#4390=EDGE_CURVE('',#3507,#3506,#1979,.T.);
#4391=EDGE_CURVE('',#3507,#3504,#1980,.T.);
#4392=EDGE_CURVE('',#3501,#3505,#1981,.T.);
#4393=EDGE_CURVE('',#3503,#3506,#1982,.T.);
#4394=EDGE_CURVE('',#3508,#3509,#1983,.T.);
#4395=EDGE_CURVE('',#3510,#3508,#1984,.T.);
#4396=EDGE_CURVE('',#3510,#3511,#1985,.T.);
#4397=EDGE_CURVE('',#3511,#3509,#1986,.T.);
#4398=EDGE_CURVE('',#3512,#3513,#1987,.T.);
#4399=EDGE_CURVE('',#3514,#3513,#1988,.T.);
#4400=EDGE_CURVE('',#3515,#3514,#1989,.T.);
#4401=EDGE_CURVE('',#3515,#3512,#1990,.T.);
#4402=EDGE_CURVE('',#3509,#3513,#1991,.T.);
#4403=EDGE_CURVE('',#3511,#3514,#1992,.T.);
#4404=EDGE_CURVE('',#3516,#3517,#1993,.T.);
#4405=EDGE_CURVE('',#3518,#3516,#1994,.T.);
#4406=EDGE_CURVE('',#3518,#3519,#1995,.T.);
#4407=EDGE_CURVE('',#3519,#3517,#1996,.T.);
#4408=EDGE_CURVE('',#3520,#3521,#1997,.T.);
#4409=EDGE_CURVE('',#3522,#3521,#1998,.T.);
#4410=EDGE_CURVE('',#3523,#3522,#1999,.T.);
#4411=EDGE_CURVE('',#3523,#3520,#2000,.T.);
#4412=EDGE_CURVE('',#3517,#3521,#2001,.T.);
#4413=EDGE_CURVE('',#3519,#3522,#2002,.T.);
#4414=EDGE_CURVE('',#3524,#3525,#2003,.T.);
#4415=EDGE_CURVE('',#3526,#3524,#2004,.T.);
#4416=EDGE_CURVE('',#3526,#3527,#2005,.T.);
#4417=EDGE_CURVE('',#3527,#3525,#2006,.T.);
#4418=EDGE_CURVE('',#3528,#3529,#2007,.T.);
#4419=EDGE_CURVE('',#3530,#3529,#2008,.T.);
#4420=EDGE_CURVE('',#3531,#3530,#2009,.T.);
#4421=EDGE_CURVE('',#3531,#3528,#2010,.T.);
#4422=EDGE_CURVE('',#3525,#3529,#2011,.T.);
#4423=EDGE_CURVE('',#3527,#3530,#2012,.T.);
#4424=EDGE_CURVE('',#3532,#3533,#2013,.T.);
#4425=EDGE_CURVE('',#3534,#3532,#2014,.T.);
#4426=EDGE_CURVE('',#3534,#3535,#2015,.T.);
#4427=EDGE_CURVE('',#3535,#3533,#2016,.T.);
#4428=EDGE_CURVE('',#3536,#3537,#2017,.T.);
#4429=EDGE_CURVE('',#3538,#3537,#2018,.T.);
#4430=EDGE_CURVE('',#3539,#3538,#2019,.T.);
#4431=EDGE_CURVE('',#3539,#3536,#2020,.T.);
#4432=EDGE_CURVE('',#3533,#3537,#2021,.T.);
#4433=EDGE_CURVE('',#3535,#3538,#2022,.T.);
#4434=EDGE_CURVE('',#3540,#3541,#2023,.T.);
#4435=EDGE_CURVE('',#3542,#3541,#2024,.T.);
#4436=EDGE_CURVE('',#3542,#3543,#2025,.T.);
#4437=EDGE_CURVE('',#3540,#3543,#2026,.T.);
#4438=EDGE_CURVE('',#3544,#3545,#2027,.T.);
#4439=EDGE_CURVE('',#3543,#3545,#2028,.T.);
#4440=EDGE_CURVE('',#3544,#3542,#2029,.T.);
#4441=EDGE_CURVE('',#3546,#3547,#2030,.T.);
#4442=EDGE_CURVE('',#3541,#3547,#2031,.T.);
#4443=EDGE_CURVE('',#3546,#3540,#2032,.T.);
#4444=EDGE_CURVE('',#3547,#3544,#2033,.T.);
#4445=EDGE_CURVE('',#3545,#3546,#2034,.T.);
#4446=EDGE_CURVE('',#3548,#3549,#2035,.T.);
#4447=EDGE_CURVE('',#3550,#3549,#2036,.T.);
#4448=EDGE_CURVE('',#3550,#3551,#2037,.T.);
#4449=EDGE_CURVE('',#3548,#3551,#2038,.T.);
#4450=EDGE_CURVE('',#3552,#3553,#2039,.T.);
#4451=EDGE_CURVE('',#3551,#3553,#2040,.T.);
#4452=EDGE_CURVE('',#3552,#3550,#2041,.T.);
#4453=EDGE_CURVE('',#3554,#3555,#2042,.T.);
#4454=EDGE_CURVE('',#3549,#3555,#2043,.T.);
#4455=EDGE_CURVE('',#3554,#3548,#2044,.T.);
#4456=EDGE_CURVE('',#3555,#3552,#2045,.T.);
#4457=EDGE_CURVE('',#3553,#3554,#2046,.T.);
#4458=EDGE_CURVE('',#3556,#3553,#2047,.T.);
#4459=EDGE_CURVE('',#3557,#3554,#2048,.T.);
#4460=EDGE_CURVE('',#3556,#3557,#2049,.T.);
#4461=EDGE_CURVE('',#3558,#3551,#2050,.T.);
#4462=EDGE_CURVE('',#3558,#3556,#2051,.T.);
#4463=EDGE_CURVE('',#3559,#3548,#2052,.T.);
#4464=EDGE_CURVE('',#3559,#3558,#2053,.T.);
#4465=EDGE_CURVE('',#3557,#3559,#2054,.T.);
#4466=EDGE_CURVE('',#3544,#3560,#2055,.T.);
#4467=EDGE_CURVE('',#3542,#3561,#2056,.T.);
#4468=EDGE_CURVE('',#3561,#3560,#2057,.T.);
#4469=EDGE_CURVE('',#3547,#3562,#2058,.T.);
#4470=EDGE_CURVE('',#3560,#3562,#2059,.T.);
#4471=EDGE_CURVE('',#3541,#3563,#2060,.T.);
#4472=EDGE_CURVE('',#3562,#3563,#2061,.T.);
#4473=EDGE_CURVE('',#3563,#3561,#2062,.T.);
#4474=EDGE_CURVE('',#3564,#3565,#2063,.T.);
#4475=EDGE_CURVE('',#3560,#3564,#466,.F.);
#4476=EDGE_CURVE('',#3561,#3565,#467,.T.);
#4477=EDGE_CURVE('',#3566,#3564,#2064,.T.);
#4478=EDGE_CURVE('',#3562,#3566,#468,.T.);
#4479=EDGE_CURVE('',#3567,#3566,#2065,.T.);
#4480=EDGE_CURVE('',#3563,#3567,#469,.F.);
#4481=EDGE_CURVE('',#3565,#3567,#2066,.T.);
#4482=EDGE_CURVE('',#3568,#3569,#2067,.T.);
#4483=EDGE_CURVE('',#3569,#3570,#2068,.T.);
#4484=EDGE_CURVE('',#3570,#3571,#2069,.T.);
#4485=EDGE_CURVE('',#3571,#3568,#2070,.T.);
#4486=EDGE_CURVE('',#3572,#3573,#2071,.T.);
#4487=EDGE_CURVE('',#3571,#3573,#2072,.T.);
#4488=EDGE_CURVE('',#3570,#3572,#2073,.T.);
#4489=EDGE_CURVE('',#3574,#3572,#2074,.T.);
#4490=EDGE_CURVE('',#3569,#3574,#2075,.T.);
#4491=EDGE_CURVE('',#3575,#3576,#2076,.T.);
#4492=EDGE_CURVE('',#3577,#3575,#2077,.T.);
#4493=EDGE_CURVE('',#3578,#3577,#2078,.T.);
#4494=EDGE_CURVE('',#3576,#3578,#2079,.T.);
#4495=EDGE_CURVE('',#3579,#3580,#2080,.T.);
#4496=EDGE_CURVE('',#3576,#3579,#2081,.T.);
#4497=EDGE_CURVE('',#3578,#3580,#2082,.T.);
#4498=EDGE_CURVE('',#3580,#3581,#2083,.T.);
#4499=EDGE_CURVE('',#3577,#3581,#2084,.T.);
#4500=EDGE_CURVE('',#3582,#3583,#2085,.T.);
#4501=EDGE_CURVE('',#3584,#3582,#2086,.T.);
#4502=EDGE_CURVE('',#3585,#3584,#2087,.T.);
#4503=EDGE_CURVE('',#3583,#3585,#2088,.T.);
#4504=EDGE_CURVE('',#3586,#3587,#2089,.T.);
#4505=EDGE_CURVE('',#3588,#3586,#2090,.T.);
#4506=EDGE_CURVE('',#3589,#3588,#2091,.T.);
#4507=EDGE_CURVE('',#3587,#3589,#2092,.T.);
#4508=EDGE_CURVE('',#3590,#3591,#2093,.T.);
#4509=EDGE_CURVE('',#3592,#3590,#2094,.T.);
#4510=EDGE_CURVE('',#3593,#3592,#2095,.T.);
#4511=EDGE_CURVE('',#3591,#3593,#2096,.T.);
#4512=EDGE_CURVE('',#3594,#3595,#2097,.T.);
#4513=EDGE_CURVE('',#3596,#3594,#2098,.T.);
#4514=EDGE_CURVE('',#3597,#3596,#2099,.T.);
#4515=EDGE_CURVE('',#3595,#3597,#2100,.T.);
#4516=EDGE_CURVE('',#3598,#3583,#2101,.T.);
#4517=EDGE_CURVE('',#3585,#3599,#2102,.T.);
#4518=EDGE_CURVE('',#3599,#3598,#2103,.T.);
#4519=EDGE_CURVE('',#3584,#3600,#2104,.T.);
#4520=EDGE_CURVE('',#3582,#3601,#2105,.T.);
#4521=EDGE_CURVE('',#3601,#3600,#2106,.T.);
#4522=EDGE_CURVE('',#3598,#3602,#2107,.T.);
#4523=EDGE_CURVE('',#3602,#3601,#2108,.T.);
#4524=EDGE_CURVE('',#3600,#3603,#2109,.T.);
#4525=EDGE_CURVE('',#3599,#3603,#2110,.T.);
#4526=EDGE_CURVE('',#3604,#3587,#2111,.T.);
#4527=EDGE_CURVE('',#3589,#3605,#2112,.T.);
#4528=EDGE_CURVE('',#3605,#3604,#2113,.T.);
#4529=EDGE_CURVE('',#3588,#3606,#2114,.T.);
#4530=EDGE_CURVE('',#3586,#3607,#2115,.T.);
#4531=EDGE_CURVE('',#3607,#3606,#2116,.T.);
#4532=EDGE_CURVE('',#3604,#3608,#2117,.T.);
#4533=EDGE_CURVE('',#3608,#3607,#2118,.T.);
#4534=EDGE_CURVE('',#3606,#3609,#2119,.T.);
#4535=EDGE_CURVE('',#3605,#3609,#2120,.T.);
#4536=EDGE_CURVE('',#3610,#3591,#2121,.T.);
#4537=EDGE_CURVE('',#3593,#3611,#2122,.T.);
#4538=EDGE_CURVE('',#3611,#3610,#2123,.T.);
#4539=EDGE_CURVE('',#3592,#3612,#2124,.T.);
#4540=EDGE_CURVE('',#3590,#3613,#2125,.T.);
#4541=EDGE_CURVE('',#3613,#3612,#2126,.T.);
#4542=EDGE_CURVE('',#3610,#3614,#2127,.T.);
#4543=EDGE_CURVE('',#3614,#3613,#2128,.T.);
#4544=EDGE_CURVE('',#3612,#3615,#2129,.T.);
#4545=EDGE_CURVE('',#3611,#3615,#2130,.T.);
#4546=EDGE_CURVE('',#3616,#3595,#2131,.T.);
#4547=EDGE_CURVE('',#3597,#3617,#2132,.T.);
#4548=EDGE_CURVE('',#3617,#3616,#2133,.T.);
#4549=EDGE_CURVE('',#3596,#3618,#2134,.T.);
#4550=EDGE_CURVE('',#3594,#3619,#2135,.T.);
#4551=EDGE_CURVE('',#3619,#3618,#2136,.T.);
#4552=EDGE_CURVE('',#3616,#3620,#2137,.T.);
#4553=EDGE_CURVE('',#3620,#3619,#2138,.T.);
#4554=EDGE_CURVE('',#3618,#3621,#2139,.T.);
#4555=EDGE_CURVE('',#3617,#3621,#2140,.T.);
#4556=EDGE_CURVE('',#3622,#3623,#2141,.T.);
#4557=EDGE_CURVE('',#3624,#3622,#2142,.T.);
#4558=EDGE_CURVE('',#3625,#3624,#2143,.T.);
#4559=EDGE_CURVE('',#3623,#3625,#2144,.T.);
#4560=EDGE_CURVE('',#3626,#3623,#2145,.T.);
#4561=EDGE_CURVE('',#3625,#3627,#2146,.T.);
#4562=EDGE_CURVE('',#3627,#3626,#2147,.T.);
#4563=EDGE_CURVE('',#3624,#3628,#2148,.T.);
#4564=EDGE_CURVE('',#3622,#3629,#2149,.T.);
#4565=EDGE_CURVE('',#3629,#3628,#2150,.T.);
#4566=EDGE_CURVE('',#3626,#3630,#2151,.T.);
#4567=EDGE_CURVE('',#3630,#3629,#2152,.T.);
#4568=EDGE_CURVE('',#3628,#3631,#2153,.T.);
#4569=EDGE_CURVE('',#3627,#3631,#2154,.T.);
#4570=EDGE_CURVE('',#3632,#3633,#2155,.T.);
#4571=EDGE_CURVE('',#3632,#3634,#2156,.T.);
#4572=EDGE_CURVE('',#3635,#3634,#2157,.T.);
#4573=EDGE_CURVE('',#3633,#3635,#2158,.T.);
#4574=EDGE_CURVE('',#3636,#3637,#2159,.T.);
#4575=EDGE_CURVE('',#3637,#3638,#2160,.T.);
#4576=EDGE_CURVE('',#3639,#3638,#2161,.T.);
#4577=EDGE_CURVE('',#3640,#3639,#2162,.T.);
#4578=EDGE_CURVE('',#3636,#3640,#2163,.T.);
#4579=EDGE_CURVE('',#3641,#3639,#470,.T.);
#4580=EDGE_CURVE('',#3642,#3641,#2164,.T.);
#4581=EDGE_CURVE('',#3640,#3642,#471,.T.);
#4582=EDGE_CURVE('',#3643,#3641,#2165,.T.);
#4583=EDGE_CURVE('',#3644,#3643,#2166,.T.);
#4584=EDGE_CURVE('',#3644,#3645,#2167,.T.);
#4585=EDGE_CURVE('',#3642,#3645,#2168,.T.);
#4586=EDGE_CURVE('',#3646,#3647,#2169,.T.);
#4587=EDGE_CURVE('',#3648,#3647,#2170,.T.);
#4588=EDGE_CURVE('',#3648,#3649,#2171,.T.);
#4589=EDGE_CURVE('',#3649,#3650,#2172,.T.);
#4590=EDGE_CURVE('',#3646,#3650,#2173,.T.);
#4591=EDGE_CURVE('',#3651,#3652,#2174,.T.);
#4592=EDGE_CURVE('',#3652,#3653,#2175,.T.);
#4593=EDGE_CURVE('',#3653,#3654,#2176,.T.);
#4594=EDGE_CURVE('',#3655,#3654,#2177,.T.);
#4595=EDGE_CURVE('',#3651,#3655,#2178,.T.);
#4596=EDGE_CURVE('',#3652,#3646,#472,.T.);
#4597=EDGE_CURVE('',#3650,#3653,#473,.T.);
#4598=EDGE_CURVE('',#3656,#3657,#2179,.T.);
#4599=EDGE_CURVE('',#3657,#3658,#2180,.T.);
#4600=EDGE_CURVE('',#3658,#3659,#2181,.T.);
#4601=EDGE_CURVE('',#3656,#3659,#2182,.T.);
#4602=EDGE_CURVE('',#3660,#3656,#2183,.T.);
#4603=EDGE_CURVE('',#3659,#3661,#2184,.T.);
#4604=EDGE_CURVE('',#3662,#3661,#2185,.T.);
#4605=EDGE_CURVE('',#3660,#3662,#2186,.T.);
#4606=EDGE_CURVE('',#3657,#3663,#2187,.T.);
#4607=EDGE_CURVE('',#3664,#3663,#2188,.T.);
#4608=EDGE_CURVE('',#3664,#3665,#2189,.T.);
#4609=EDGE_CURVE('',#3665,#3658,#2190,.T.);
#4610=EDGE_CURVE('',#3666,#3667,#2191,.T.);
#4611=EDGE_CURVE('',#3668,#3666,#2192,.T.);
#4612=EDGE_CURVE('',#3668,#3669,#2193,.T.);
#4613=EDGE_CURVE('',#3669,#3667,#2194,.T.);
#4614=EDGE_CURVE('',#3670,#3671,#2195,.T.);
#4615=EDGE_CURVE('',#3672,#3671,#2196,.T.);
#4616=EDGE_CURVE('',#3673,#3672,#2197,.T.);
#4617=EDGE_CURVE('',#3673,#3670,#2198,.T.);
#4618=EDGE_CURVE('',#3667,#3671,#2199,.T.);
#4619=EDGE_CURVE('',#3669,#3672,#2200,.T.);
#4620=EDGE_CURVE('',#3674,#3675,#2201,.T.);
#4621=EDGE_CURVE('',#3676,#3674,#2202,.T.);
#4622=EDGE_CURVE('',#3677,#3676,#2203,.T.);
#4623=EDGE_CURVE('',#3677,#3675,#2204,.T.);
#4624=EDGE_CURVE('',#3678,#3677,#2205,.T.);
#4625=EDGE_CURVE('',#3676,#3679,#2206,.T.);
#4626=EDGE_CURVE('',#3679,#3680,#2207,.T.);
#4627=EDGE_CURVE('',#3678,#3680,#2208,.T.);
#4628=EDGE_CURVE('',#3681,#3678,#2209,.T.);
#4629=EDGE_CURVE('',#3680,#3682,#2210,.T.);
#4630=EDGE_CURVE('',#3681,#3682,#2211,.T.);
#4631=EDGE_CURVE('',#3675,#3681,#2212,.T.);
#4632=EDGE_CURVE('',#3682,#3683,#2213,.T.);
#4633=EDGE_CURVE('',#3674,#3683,#2214,.T.);
#4634=EDGE_CURVE('',#3684,#3685,#2215,.T.);
#4635=EDGE_CURVE('',#3686,#3684,#2216,.T.);
#4636=EDGE_CURVE('',#3687,#3686,#2217,.T.);
#4637=EDGE_CURVE('',#3687,#3685,#2218,.T.);
#4638=EDGE_CURVE('',#3688,#3689,#2219,.T.);
#4639=EDGE_CURVE('',#3689,#3690,#2220,.T.);
#4640=EDGE_CURVE('',#3690,#3691,#2221,.T.);
#4641=EDGE_CURVE('',#3688,#3691,#2222,.T.);
#4642=EDGE_CURVE('',#3685,#3688,#2223,.T.);
#4643=EDGE_CURVE('',#3691,#3692,#2224,.T.);
#4644=EDGE_CURVE('',#3684,#3692,#2225,.T.);
#4645=EDGE_CURVE('',#3689,#3687,#2226,.T.);
#4646=EDGE_CURVE('',#3686,#3693,#2227,.T.);
#4647=EDGE_CURVE('',#3693,#3690,#2228,.T.);
#4648=EDGE_CURVE('',#3694,#3662,#2229,.T.);
#4649=EDGE_CURVE('',#3694,#3695,#2230,.T.);
#4650=EDGE_CURVE('',#3660,#3695,#2231,.T.);
#4651=EDGE_CURVE('',#3696,#3647,#2232,.T.);
#4652=EDGE_CURVE('',#3696,#3697,#2233,.T.);
#4653=EDGE_CURVE('',#3648,#3697,#2234,.T.);
#4654=EDGE_CURVE('',#3698,#3699,#2235,.T.);
#4655=EDGE_CURVE('',#3697,#3698,#2236,.T.);
#4656=EDGE_CURVE('',#3699,#3696,#2237,.T.);
#4657=EDGE_CURVE('',#3700,#3632,#2238,.T.);
#4658=EDGE_CURVE('',#3701,#3633,#2239,.T.);
#4659=EDGE_CURVE('',#3701,#3696,#2240,.T.);
#4660=EDGE_CURVE('',#3651,#3702,#2241,.T.);
#4661=EDGE_CURVE('',#3700,#3702,#2242,.T.);
#4662=EDGE_CURVE('',#3702,#3663,#2243,.T.);
#4663=EDGE_CURVE('',#3703,#3695,#2244,.T.);
#4664=EDGE_CURVE('',#3703,#3687,#2245,.T.);
#4665=EDGE_CURVE('',#3685,#3677,#2246,.T.);
#4666=EDGE_CURVE('',#3675,#3700,#2247,.T.);
#4667=EDGE_CURVE('',#3704,#3665,#2248,.T.);
#4668=EDGE_CURVE('',#3704,#3705,#2249,.T.);
#4669=EDGE_CURVE('',#3705,#3683,#2250,.T.);
#4670=EDGE_CURVE('',#3679,#3692,#2251,.T.);
#4671=EDGE_CURVE('',#3693,#3706,#2252,.T.);
#4672=EDGE_CURVE('',#3707,#3706,#2253,.T.);
#4673=EDGE_CURVE('',#3661,#3707,#2254,.T.);
#4674=EDGE_CURVE('',#3654,#3704,#2255,.T.);
#4675=EDGE_CURVE('',#3708,#3649,#2256,.T.);
#4676=EDGE_CURVE('',#3708,#3579,#2257,.T.);
#4677=EDGE_CURVE('',#3581,#3705,#2258,.T.);
#4678=EDGE_CURVE('',#3508,#3504,#2259,.T.);
#4679=EDGE_CURVE('',#3502,#3507,#2260,.T.);
#4680=EDGE_CURVE('',#3500,#3670,#2261,.T.);
#4681=EDGE_CURVE('',#3668,#3673,#2262,.T.);
#4682=EDGE_CURVE('',#3666,#3575,#2263,.T.);
#4683=EDGE_CURVE('',#3709,#3708,#2264,.T.);
#4684=EDGE_CURVE('',#3709,#3574,#2265,.T.);
#4685=EDGE_CURVE('',#3568,#3536,#2266,.T.);
#4686=EDGE_CURVE('',#3534,#3539,#2267,.T.);
#4687=EDGE_CURVE('',#3532,#3528,#2268,.T.);
#4688=EDGE_CURVE('',#3526,#3531,#2269,.T.);
#4689=EDGE_CURVE('',#3524,#3520,#2270,.T.);
#4690=EDGE_CURVE('',#3518,#3523,#2271,.T.);
#4691=EDGE_CURVE('',#3516,#3512,#2272,.T.);
#4692=EDGE_CURVE('',#3510,#3515,#2273,.T.);
#4693=EDGE_CURVE('',#3702,#3710,#2274,.T.);
#4694=EDGE_CURVE('',#3664,#3710,#2275,.T.);
#4695=EDGE_CURVE('',#3710,#3655,#2276,.T.);
#4696=EDGE_CURVE('',#3637,#3694,#2277,.T.);
#4697=EDGE_CURVE('',#3695,#3636,#2278,.T.);
#4698=EDGE_CURVE('',#3645,#3699,#2279,.T.);
#4699=EDGE_CURVE('',#3698,#3644,#2280,.T.);
#4700=EDGE_CURVE('',#3711,#3635,#2281,.T.);
#4701=EDGE_CURVE('',#3634,#3703,#2282,.T.);
#4702=EDGE_CURVE('',#3711,#3699,#2283,.T.);
#4703=EDGE_CURVE('',#3707,#3638,#2284,.T.);
#4704=EDGE_CURVE('',#3643,#3709,#2285,.T.);
#4705=EDGE_CURVE('',#3706,#3573,#2286,.T.);
#4706=EDGE_CURVE('',#3608,#3603,#2287,.T.);
#4707=EDGE_CURVE('',#3614,#3609,#2288,.T.);
#4708=EDGE_CURVE('',#3620,#3615,#2289,.T.);
#4709=EDGE_CURVE('',#3630,#3621,#2290,.T.);
#4710=EDGE_CURVE('',#3701,#3631,#2291,.T.);
#4711=EDGE_CURVE('',#3602,#3711,#2292,.T.);
#4712=EDGE_CURVE('',#3712,#3713,#2293,.T.);
#4713=EDGE_CURVE('',#3713,#3714,#474,.T.);
#4714=EDGE_CURVE('',#3714,#3715,#2294,.T.);
#4715=EDGE_CURVE('',#3715,#3715,#475,.F.);
#4716=EDGE_CURVE('',#3714,#3716,#476,.T.);
#4717=EDGE_CURVE('',#3717,#3716,#2295,.T.);
#4718=EDGE_CURVE('',#3717,#3712,#477,.T.);
#4719=EDGE_CURVE('',#3718,#3718,#478,.T.);
#4720=EDGE_CURVE('',#3719,#3720,#2296,.T.);
#4721=EDGE_CURVE('',#3720,#3719,#479,.F.);
#4722=EDGE_CURVE('',#3716,#3720,#175,.T.);
#4723=EDGE_CURVE('',#3719,#3713,#176,.T.);
#4724=EDGE_CURVE('',#3712,#3717,#2297,.T.);
#4725=EDGE_CURVE('',#3715,#3718,#2298,.T.);
#4726=EDGE_CURVE('',#3721,#3722,#480,.F.);
#4727=EDGE_CURVE('',#3722,#3723,#481,.F.);
#4728=EDGE_CURVE('',#3723,#3724,#482,.F.);
#4729=EDGE_CURVE('',#3724,#3725,#483,.F.);
#4730=EDGE_CURVE('',#3725,#3726,#484,.F.);
#4731=EDGE_CURVE('',#3726,#3727,#485,.F.);
#4732=EDGE_CURVE('',#3727,#3728,#486,.F.);
#4733=EDGE_CURVE('',#3728,#3729,#487,.F.);
#4734=EDGE_CURVE('',#3729,#3730,#488,.F.);
#4735=EDGE_CURVE('',#3730,#3731,#489,.F.);
#4736=EDGE_CURVE('',#3731,#3732,#490,.F.);
#4737=EDGE_CURVE('',#3732,#3733,#491,.F.);
#4738=EDGE_CURVE('',#3733,#3734,#492,.F.);
#4739=EDGE_CURVE('',#3734,#3735,#493,.F.);
#4740=EDGE_CURVE('',#3735,#3736,#494,.F.);
#4741=EDGE_CURVE('',#3736,#3737,#495,.F.);
#4742=EDGE_CURVE('',#3737,#3738,#496,.F.);
#4743=EDGE_CURVE('',#3738,#3739,#497,.F.);
#4744=EDGE_CURVE('',#3739,#3740,#498,.T.);
#4745=EDGE_CURVE('',#3740,#3741,#499,.T.);
#4746=EDGE_CURVE('',#3741,#3740,#500,.T.);
#4747=EDGE_CURVE('',#3739,#3742,#501,.F.);
#4748=EDGE_CURVE('',#3742,#3743,#502,.F.);
#4749=EDGE_CURVE('',#3743,#3721,#503,.F.);
#4750=EDGE_CURVE('',#3744,#3744,#504,.T.);
#4751=EDGE_CURVE('',#3744,#3741,#2299,.T.);
#4752=EDGE_CURVE('',#3745,#3745,#505,.T.);
#4753=EDGE_CURVE('',#3745,#3746,#506,.T.);
#4754=EDGE_CURVE('',#3746,#3746,#507,.T.);
#4755=EDGE_CURVE('',#3746,#3747,#2300,.T.);
#4756=EDGE_CURVE('',#3747,#3748,#508,.T.);
#4757=EDGE_CURVE('',#3748,#3747,#509,.T.);
#4758=EDGE_CURVE('',#3749,#3750,#510,.T.);
#4759=EDGE_CURVE('',#3750,#3749,#511,.T.);
#4760=EDGE_CURVE('',#3749,#3748,#2301,.T.);
#4761=EDGE_CURVE('',#3750,#3751,#2302,.T.);
#4762=EDGE_CURVE('',#3751,#3751,#512,.T.);
#4763=EDGE_CURVE('',#3751,#3752,#2303,.T.);
#4764=EDGE_CURVE('',#3752,#3752,#513,.T.);
#4765=EDGE_CURVE('',#3753,#3722,#2304,.T.);
#4766=EDGE_CURVE('',#3753,#3754,#2305,.T.);
#4767=EDGE_CURVE('',#3754,#3723,#2306,.T.);
#4768=EDGE_CURVE('',#3754,#3755,#2307,.T.);
#4769=EDGE_CURVE('',#3755,#3724,#2308,.T.);
#4770=EDGE_CURVE('',#3755,#3756,#2309,.T.);
#4771=EDGE_CURVE('',#3756,#3725,#2310,.T.);
#4772=EDGE_CURVE('',#3756,#3757,#2311,.T.);
#4773=EDGE_CURVE('',#3757,#3726,#2312,.T.);
#4774=EDGE_CURVE('',#3757,#3758,#2313,.T.);
#4775=EDGE_CURVE('',#3758,#3727,#2314,.T.);
#4776=EDGE_CURVE('',#3758,#3759,#2315,.T.);
#4777=EDGE_CURVE('',#3759,#3728,#2316,.T.);
#4778=EDGE_CURVE('',#3759,#3760,#2317,.T.);
#4779=EDGE_CURVE('',#3760,#3729,#2318,.T.);
#4780=EDGE_CURVE('',#3760,#3761,#2319,.T.);
#4781=EDGE_CURVE('',#3761,#3730,#2320,.T.);
#4782=EDGE_CURVE('',#3761,#3762,#2321,.T.);
#4783=EDGE_CURVE('',#3762,#3731,#2322,.T.);
#4784=EDGE_CURVE('',#3762,#3763,#2323,.T.);
#4785=EDGE_CURVE('',#3763,#3732,#2324,.T.);
#4786=EDGE_CURVE('',#3763,#3764,#2325,.T.);
#4787=EDGE_CURVE('',#3764,#3733,#2326,.T.);
#4788=EDGE_CURVE('',#3764,#3765,#2327,.T.);
#4789=EDGE_CURVE('',#3765,#3734,#2328,.T.);
#4790=EDGE_CURVE('',#3765,#3766,#2329,.T.);
#4791=EDGE_CURVE('',#3766,#3735,#2330,.T.);
#4792=EDGE_CURVE('',#3766,#3767,#2331,.T.);
#4793=EDGE_CURVE('',#3767,#3736,#2332,.T.);
#4794=EDGE_CURVE('',#3767,#3768,#2333,.T.);
#4795=EDGE_CURVE('',#3768,#3737,#2334,.T.);
#4796=EDGE_CURVE('',#3768,#3769,#2335,.T.);
#4797=EDGE_CURVE('',#3769,#3738,#2336,.T.);
#4798=EDGE_CURVE('',#3769,#3770,#2337,.T.);
#4799=EDGE_CURVE('',#3770,#3742,#2338,.T.);
#4800=EDGE_CURVE('',#3770,#3771,#2339,.T.);
#4801=EDGE_CURVE('',#3771,#3743,#2340,.T.);
#4802=EDGE_CURVE('',#3771,#3772,#2341,.T.);
#4803=EDGE_CURVE('',#3772,#3721,#2342,.T.);
#4804=EDGE_CURVE('',#3772,#3753,#2343,.T.);
#4805=EDGE_CURVE('',#3773,#3773,#514,.T.);
#4806=EDGE_CURVE('',#3773,#3774,#515,.T.);
#4807=EDGE_CURVE('',#3774,#3774,#516,.T.);
#4808=EDGE_CURVE('',#3775,#3775,#517,.T.);
#4809=EDGE_CURVE('',#3775,#3776,#2344,.T.);
#4810=EDGE_CURVE('',#3776,#3776,#518,.T.);
#4811=EDGE_CURVE('',#3777,#3777,#519,.T.);
#4812=EDGE_CURVE('',#3777,#3778,#520,.T.);
#4813=EDGE_CURVE('',#3778,#3778,#521,.T.);
#4814=EDGE_CURVE('',#3778,#3779,#522,.T.);
#4815=EDGE_CURVE('',#3779,#3779,#523,.T.);
#4816=EDGE_CURVE('',#3779,#3780,#524,.T.);
#4817=EDGE_CURVE('',#3780,#3780,#525,.T.);
#4818=EDGE_CURVE('',#3781,#3781,#526,.T.);
#4819=EDGE_CURVE('',#3781,#3782,#2345,.T.);
#4820=EDGE_CURVE('',#3782,#3782,#527,.T.);
#4821=EDGE_CURVE('',#3783,#3783,#528,.T.);
#4822=EDGE_CURVE('',#3783,#3784,#529,.T.);
#4823=EDGE_CURVE('',#3784,#3784,#530,.T.);
#4824=EDGE_CURVE('',#3784,#3773,#531,.T.);
#4825=EDGE_CURVE('',#3785,#3785,#532,.T.);
#4826=EDGE_CURVE('',#3785,#3786,#2346,.T.);
#4827=EDGE_CURVE('',#3786,#3786,#533,.T.);
#4828=EDGE_CURVE('',#3787,#3787,#534,.T.);
#4829=EDGE_CURVE('',#3787,#3788,#2347,.T.);
#4830=EDGE_CURVE('',#3788,#3788,#535,.T.);
#4831=EDGE_CURVE('',#3789,#3789,#536,.T.);
#4832=EDGE_CURVE('',#3789,#3790,#2348,.T.);
#4833=EDGE_CURVE('',#3790,#3790,#537,.T.);
#4834=EDGE_CURVE('',#3791,#3791,#538,.T.);
#4835=EDGE_CURVE('',#3791,#3792,#2349,.T.);
#4836=EDGE_CURVE('',#3792,#3792,#539,.T.);
#4837=EDGE_CURVE('',#3793,#3793,#540,.T.);
#4838=EDGE_CURVE('',#3793,#3794,#2350,.T.);
#4839=EDGE_CURVE('',#3794,#3794,#541,.T.);
#4840=EDGE_CURVE('',#3795,#3796,#2351,.T.);
#4841=EDGE_CURVE('',#3797,#3795,#2352,.T.);
#4842=EDGE_CURVE('',#3798,#3797,#2353,.T.);
#4843=EDGE_CURVE('',#3798,#3796,#2354,.T.);
#4844=EDGE_CURVE('',#3799,#3800,#2355,.T.);
#4845=EDGE_CURVE('',#3799,#3801,#2356,.T.);
#4846=EDGE_CURVE('',#3802,#3801,#2357,.T.);
#4847=EDGE_CURVE('',#3800,#3802,#2358,.T.);
#4848=EDGE_CURVE('',#3803,#3804,#2359,.T.);
#4849=EDGE_CURVE('',#3805,#3803,#2360,.T.);
#4850=EDGE_CURVE('',#3806,#3805,#2361,.T.);
#4851=EDGE_CURVE('',#3806,#3804,#2362,.T.);
#4852=EDGE_CURVE('',#3807,#3808,#2363,.T.);
#4853=EDGE_CURVE('',#3807,#3809,#2364,.T.);
#4854=EDGE_CURVE('',#3810,#3809,#2365,.T.);
#4855=EDGE_CURVE('',#3808,#3810,#2366,.T.);
#4856=EDGE_CURVE('',#3811,#3808,#2367,.T.);
#4857=EDGE_CURVE('',#3812,#3811,#2368,.T.);
#4858=EDGE_CURVE('',#3812,#3807,#2369,.T.);
#4859=EDGE_CURVE('',#3800,#3813,#2370,.T.);
#4860=EDGE_CURVE('',#3814,#3813,#2371,.T.);
#4861=EDGE_CURVE('',#3799,#3814,#2372,.T.);
#4862=EDGE_CURVE('',#3804,#3815,#2373,.T.);
#4863=EDGE_CURVE('',#3816,#3815,#2374,.T.);
#4864=EDGE_CURVE('',#3816,#3803,#2375,.T.);
#4865=EDGE_CURVE('',#3817,#3818,#2376,.T.);
#4866=EDGE_CURVE('',#3818,#3819,#2377,.T.);
#4867=EDGE_CURVE('',#3819,#3820,#2378,.T.);
#4868=EDGE_CURVE('',#3820,#3817,#2379,.T.);
#4869=EDGE_CURVE('',#3815,#3812,#2380,.T.);
#4870=EDGE_CURVE('',#3811,#3816,#2381,.T.);
#4871=EDGE_CURVE('',#3821,#3795,#2382,.T.);
#4872=EDGE_CURVE('',#3813,#3821,#2383,.T.);
#4873=EDGE_CURVE('',#3809,#3802,#2384,.T.);
#4874=EDGE_CURVE('',#3797,#3806,#2385,.T.);
#4875=EDGE_CURVE('',#3822,#3814,#2386,.T.);
#4876=EDGE_CURVE('',#3796,#3822,#2387,.T.);
#4877=EDGE_CURVE('',#3805,#3798,#2388,.T.);
#4878=EDGE_CURVE('',#3801,#3810,#2389,.T.);
#4879=EDGE_CURVE('',#3821,#3822,#2390,.T.);
#4880=EDGE_CURVE('',#3823,#3818,#2391,.T.);
#4881=EDGE_CURVE('',#3824,#3823,#2392,.T.);
#4882=EDGE_CURVE('',#3819,#3824,#2393,.T.);
#4883=EDGE_CURVE('',#3825,#3824,#2394,.T.);
#4884=EDGE_CURVE('',#3820,#3825,#2395,.T.);
#4885=EDGE_CURVE('',#3826,#3825,#2396,.T.);
#4886=EDGE_CURVE('',#3817,#3826,#2397,.T.);
#4887=EDGE_CURVE('',#3823,#3826,#2398,.T.);
#4888=EDGE_CURVE('',#3827,#3828,#542,.T.);
#4889=EDGE_CURVE('',#3829,#3830,#543,.T.);
#4890=EDGE_CURVE('',#3831,#3832,#544,.T.);
#4891=EDGE_CURVE('',#3833,#3834,#545,.T.);
#4892=EDGE_CURVE('',#3835,#3836,#546,.T.);
#4893=EDGE_CURVE('',#3837,#3838,#547,.T.);
#4894=EDGE_CURVE('',#3839,#3840,#548,.T.);
#4895=EDGE_CURVE('',#3841,#3842,#549,.T.);
#4896=EDGE_CURVE('',#3843,#3844,#550,.T.);
#4897=EDGE_CURVE('',#3845,#3846,#551,.T.);
#4898=EDGE_CURVE('',#3847,#3848,#552,.T.);
#4899=EDGE_CURVE('',#3849,#3850,#553,.T.);
#4900=EDGE_CURVE('',#3851,#3852,#554,.T.);
#4901=EDGE_CURVE('',#3853,#3854,#555,.T.);
#4902=EDGE_CURVE('',#3855,#3856,#556,.T.);
#4903=EDGE_CURVE('',#3857,#3858,#557,.T.);
#4904=EDGE_CURVE('',#3859,#3860,#558,.T.);
#4905=EDGE_CURVE('',#3861,#3862,#559,.T.);
#4906=EDGE_CURVE('',#3863,#3864,#560,.T.);
#4907=EDGE_CURVE('',#3864,#3865,#561,.T.);
#4908=EDGE_CURVE('',#3866,#3863,#562,.T.);
#4909=EDGE_CURVE('',#3867,#3868,#563,.T.);
#4910=EDGE_CURVE('',#3869,#3870,#564,.T.);
#4911=EDGE_CURVE('',#3871,#3872,#565,.T.);
#4912=EDGE_CURVE('',#3873,#3874,#566,.T.);
#4913=EDGE_CURVE('',#3875,#3876,#567,.T.);
#4914=EDGE_CURVE('',#3877,#3878,#568,.T.);
#4915=EDGE_CURVE('',#3879,#3880,#569,.T.);
#4916=EDGE_CURVE('',#3881,#3882,#570,.T.);
#4917=EDGE_CURVE('',#3881,#3883,#571,.T.);
#4918=EDGE_CURVE('',#3883,#3884,#572,.T.);
#4919=EDGE_CURVE('',#3882,#3884,#573,.T.);
#4920=EDGE_CURVE('',#3885,#3882,#574,.T.);
#4921=EDGE_CURVE('',#3886,#3885,#575,.T.);
#4922=EDGE_CURVE('',#3887,#3886,#576,.T.);
#4923=EDGE_CURVE('',#3887,#3888,#577,.T.);
#4924=EDGE_CURVE('',#3888,#3881,#578,.T.);
#4925=EDGE_CURVE('',#3889,#3890,#579,.T.);
#4926=EDGE_CURVE('',#3889,#3887,#580,.T.);
#4927=EDGE_CURVE('',#3890,#3886,#581,.T.);
#4928=EDGE_CURVE('',#3891,#3892,#582,.T.);
#4929=EDGE_CURVE('',#3891,#3889,#583,.T.);
#4930=EDGE_CURVE('',#3892,#3890,#584,.T.);
#4931=EDGE_CURVE('',#3893,#3894,#585,.T.);
#4932=EDGE_CURVE('',#3893,#3891,#586,.T.);
#4933=EDGE_CURVE('',#3894,#3892,#587,.T.);
#4934=EDGE_CURVE('',#3895,#3896,#588,.T.);
#4935=EDGE_CURVE('',#3895,#3893,#589,.T.);
#4936=EDGE_CURVE('',#3896,#3894,#590,.T.);
#4937=EDGE_CURVE('',#3897,#3898,#591,.T.);
#4938=EDGE_CURVE('',#3884,#3898,#592,.T.);
#4939=EDGE_CURVE('',#3883,#3897,#593,.T.);
#4940=EDGE_CURVE('',#3899,#3900,#594,.T.);
#4941=EDGE_CURVE('',#3899,#3895,#595,.T.);
#4942=EDGE_CURVE('',#3900,#3896,#596,.T.);
#4943=EDGE_CURVE('',#3901,#3901,#597,.T.);
#4944=EDGE_CURVE('',#3902,#3902,#598,.T.);
#4945=EDGE_CURVE('',#3902,#3903,#599,.T.);
#4946=EDGE_CURVE('',#3903,#3903,#600,.T.);
#4947=EDGE_CURVE('',#3903,#3904,#2399,.T.);
#4948=EDGE_CURVE('',#3904,#3904,#601,.T.);
#4949=EDGE_CURVE('',#3904,#3905,#602,.T.);
#4950=EDGE_CURVE('',#3905,#3905,#603,.T.);
#4951=EDGE_CURVE('',#3906,#3906,#604,.T.);
#4952=EDGE_CURVE('',#3906,#3907,#605,.T.);
#4953=EDGE_CURVE('',#3907,#3907,#606,.T.);
#4954=EDGE_CURVE('',#3907,#3885,#2400,.T.);
#4955=EDGE_CURVE('',#3898,#3900,#607,.T.);
#4956=EDGE_CURVE('',#3897,#3899,#608,.T.);
#4957=EDGE_CURVE('',#3888,#3908,#2401,.T.);
#4958=EDGE_CURVE('',#3908,#3908,#609,.T.);
#4959=EDGE_CURVE('',#3908,#3901,#610,.T.);
#4960=EDGE_CURVE('',#3909,#3909,#611,.T.);
#4961=EDGE_CURVE('',#3909,#3910,#2402,.T.);
#4962=EDGE_CURVE('',#3910,#3910,#612,.T.);
#4963=EDGE_CURVE('',#3911,#3911,#613,.T.);
#4964=EDGE_CURVE('',#3911,#3909,#614,.T.);
#4965=EDGE_CURVE('',#3912,#3912,#615,.T.);
#4966=EDGE_CURVE('',#3913,#3913,#616,.T.);
#4967=EDGE_CURVE('',#3913,#3912,#617,.T.);
#4968=EDGE_CURVE('',#3914,#3915,#618,.T.);
#4969=EDGE_CURVE('',#3916,#3914,#619,.T.);
#4970=EDGE_CURVE('',#3917,#3916,#620,.T.);
#4971=EDGE_CURVE('',#3917,#3913,#2403,.T.);
#4972=EDGE_CURVE('',#3918,#3917,#621,.T.);
#4973=EDGE_CURVE('',#3919,#3918,#622,.T.);
#4974=EDGE_CURVE('',#3920,#3919,#623,.T.);
#4975=EDGE_CURVE('',#3921,#3920,#624,.T.);
#4976=EDGE_CURVE('',#3922,#3921,#625,.T.);
#4977=EDGE_CURVE('',#3923,#3922,#626,.T.);
#4978=EDGE_CURVE('',#3915,#3923,#627,.T.);
#4979=EDGE_CURVE('',#3915,#3924,#628,.T.);
#4980=EDGE_CURVE('',#3925,#3924,#629,.T.);
#4981=EDGE_CURVE('',#3914,#3925,#630,.T.);
#4982=EDGE_CURVE('',#3926,#3926,#631,.T.);
#4983=EDGE_CURVE('',#3926,#3927,#2404,.T.);
#4984=EDGE_CURVE('',#3927,#3928,#632,.T.);
#4985=EDGE_CURVE('',#3928,#3925,#633,.T.);
#4986=EDGE_CURVE('',#3924,#3929,#634,.T.);
#4987=EDGE_CURVE('',#3929,#3930,#635,.T.);
#4988=EDGE_CURVE('',#3930,#3931,#636,.T.);
#4989=EDGE_CURVE('',#3931,#3932,#637,.T.);
#4990=EDGE_CURVE('',#3932,#3933,#638,.T.);
#4991=EDGE_CURVE('',#3933,#3934,#639,.T.);
#4992=EDGE_CURVE('',#3934,#3927,#640,.T.);
#4993=EDGE_CURVE('',#3935,#3935,#641,.T.);
#4994=EDGE_CURVE('',#3935,#3926,#642,.T.);
#4995=EDGE_CURVE('',#3936,#3936,#643,.T.);
#4996=EDGE_CURVE('',#3910,#3936,#644,.T.);
#4997=EDGE_CURVE('',#3923,#3929,#645,.T.);
#4998=EDGE_CURVE('',#3916,#3928,#646,.T.);
#4999=EDGE_CURVE('',#3918,#3934,#647,.T.);
#5000=EDGE_CURVE('',#3919,#3933,#648,.T.);
#5001=EDGE_CURVE('',#3920,#3932,#649,.T.);
#5002=EDGE_CURVE('',#3921,#3931,#650,.T.);
#5003=EDGE_CURVE('',#3922,#3930,#651,.T.);
#5004=EDGE_CURVE('',#3937,#3938,#2405,.T.);
#5005=EDGE_CURVE('',#3938,#3939,#2406,.T.);
#5006=EDGE_CURVE('',#3939,#3940,#2407,.T.);
#5007=EDGE_CURVE('',#3940,#3937,#652,.T.);
#5008=EDGE_CURVE('',#3941,#3941,#653,.T.);
#5009=EDGE_CURVE('',#3942,#3942,#654,.T.);
#5010=EDGE_CURVE('',#3942,#3941,#2408,.T.);
#5011=EDGE_CURVE('',#3943,#3938,#2409,.T.);
#5012=EDGE_CURVE('',#3944,#3943,#2410,.T.);
#5013=EDGE_CURVE('',#3939,#3944,#2411,.T.);
#5014=EDGE_CURVE('',#3945,#3944,#2412,.T.);
#5015=EDGE_CURVE('',#3940,#3945,#2413,.T.);
#5016=EDGE_CURVE('',#3946,#3945,#655,.T.);
#5017=EDGE_CURVE('',#3937,#3946,#2414,.T.);
#5018=EDGE_CURVE('',#3943,#3946,#2415,.T.);
#5019=EDGE_CURVE('',#3947,#3947,#656,.T.);
#5020=EDGE_CURVE('',#3947,#3948,#2416,.T.);
#5021=EDGE_CURVE('',#3948,#3948,#657,.T.);
#5022=EDGE_CURVE('',#3949,#3950,#2417,.T.);
#5023=EDGE_CURVE('',#3950,#3951,#2418,.T.);
#5024=EDGE_CURVE('',#3952,#3951,#2419,.T.);
#5025=EDGE_CURVE('',#3949,#3952,#2420,.T.);
#5026=EDGE_CURVE('',#3949,#3953,#2421,.T.);
#5027=EDGE_CURVE('',#3954,#3952,#2422,.T.);
#5028=EDGE_CURVE('',#3953,#3954,#2423,.T.);
#5029=EDGE_CURVE('',#3955,#3953,#2424,.T.);
#5030=EDGE_CURVE('',#3956,#3954,#2425,.T.);
#5031=EDGE_CURVE('',#3955,#3956,#2426,.T.);
#5032=EDGE_CURVE('',#3950,#3955,#2427,.T.);
#5033=EDGE_CURVE('',#3951,#3956,#2428,.T.);
#5034=EDGE_CURVE('',#3957,#3957,#658,.T.);
#5035=EDGE_CURVE('',#3958,#3958,#659,.T.);
#5036=EDGE_CURVE('',#3959,#3959,#660,.T.);
#5037=EDGE_CURVE('',#3959,#3958,#2429,.T.);
#5038=EDGE_CURVE('',#3960,#3960,#661,.T.);
#5039=EDGE_CURVE('',#3960,#3957,#2430,.T.);
#5040=EDGE_CURVE('',#3961,#3962,#662,.T.);
#5041=EDGE_CURVE('',#3962,#3963,#2431,.T.);
#5042=EDGE_CURVE('',#3963,#3964,#2432,.T.);
#5043=EDGE_CURVE('',#3964,#3961,#2433,.T.);
#5044=EDGE_CURVE('',#3965,#3965,#663,.T.);
#5045=EDGE_CURVE('',#3966,#3966,#664,.T.);
#5046=EDGE_CURVE('',#3966,#3965,#2434,.T.);
#5047=EDGE_CURVE('',#3967,#3962,#2435,.T.);
#5048=EDGE_CURVE('',#3968,#3967,#2436,.T.);
#5049=EDGE_CURVE('',#3963,#3968,#2437,.T.);
#5050=EDGE_CURVE('',#3969,#3968,#2438,.T.);
#5051=EDGE_CURVE('',#3964,#3969,#2439,.T.);
#5052=EDGE_CURVE('',#3970,#3969,#2440,.T.);
#5053=EDGE_CURVE('',#3961,#3970,#2441,.T.);
#5054=EDGE_CURVE('',#3967,#3970,#665,.T.);
#5055=EDGE_CURVE('',#3971,#3971,#666,.T.);
#5056=EDGE_CURVE('',#3971,#3972,#2442,.T.);
#5057=EDGE_CURVE('',#3972,#3972,#667,.T.);
#5058=ORIENTED_EDGE('',*,*,#3973,.F.);
#5059=ORIENTED_EDGE('',*,*,#3974,.T.);
#5060=ORIENTED_EDGE('',*,*,#3975,.T.);
#5061=ORIENTED_EDGE('',*,*,#3976,.T.);
#5062=ORIENTED_EDGE('',*,*,#3977,.T.);
#5063=ORIENTED_EDGE('',*,*,#3978,.T.);
#5064=ORIENTED_EDGE('',*,*,#3979,.F.);
#5065=ORIENTED_EDGE('',*,*,#3980,.T.);
#5066=ORIENTED_EDGE('',*,*,#3981,.F.);
#5067=ORIENTED_EDGE('',*,*,#3982,.T.);
#5068=ORIENTED_EDGE('',*,*,#3983,.T.);
#5069=ORIENTED_EDGE('',*,*,#3984,.T.);
#5070=ORIENTED_EDGE('',*,*,#3985,.F.);
#5071=ORIENTED_EDGE('',*,*,#3986,.T.);
#5072=ORIENTED_EDGE('',*,*,#3987,.T.);
#5073=ORIENTED_EDGE('',*,*,#3988,.T.);
#5074=ORIENTED_EDGE('',*,*,#3989,.T.);
#5075=ORIENTED_EDGE('',*,*,#3990,.T.);
#5076=ORIENTED_EDGE('',*,*,#3981,.T.);
#5077=ORIENTED_EDGE('',*,*,#3991,.T.);
#5078=ORIENTED_EDGE('',*,*,#3992,.T.);
#5079=ORIENTED_EDGE('',*,*,#3993,.T.);
#5080=ORIENTED_EDGE('',*,*,#3985,.T.);
#5081=ORIENTED_EDGE('',*,*,#3994,.T.);
#5082=ORIENTED_EDGE('',*,*,#3995,.T.);
#5083=ORIENTED_EDGE('',*,*,#3996,.T.);
#5084=ORIENTED_EDGE('',*,*,#3973,.T.);
#5085=ORIENTED_EDGE('',*,*,#3997,.T.);
#5086=ORIENTED_EDGE('',*,*,#3998,.T.);
#5087=ORIENTED_EDGE('',*,*,#3999,.T.);
#5088=ORIENTED_EDGE('',*,*,#3979,.T.);
#5089=ORIENTED_EDGE('',*,*,#4000,.T.);
#5090=ORIENTED_EDGE('',*,*,#4001,.T.);
#5091=ORIENTED_EDGE('',*,*,#4002,.F.);
#5092=ORIENTED_EDGE('',*,*,#4003,.F.);
#5093=ORIENTED_EDGE('',*,*,#4004,.F.);
#5094=ORIENTED_EDGE('',*,*,#4005,.F.);
#5095=ORIENTED_EDGE('',*,*,#3983,.F.);
#5096=ORIENTED_EDGE('',*,*,#4006,.T.);
#5097=ORIENTED_EDGE('',*,*,#4007,.T.);
#5098=ORIENTED_EDGE('',*,*,#4008,.T.);
#5099=ORIENTED_EDGE('',*,*,#3977,.F.);
#5100=ORIENTED_EDGE('',*,*,#4009,.T.);
#5101=ORIENTED_EDGE('',*,*,#4010,.T.);
#5102=ORIENTED_EDGE('',*,*,#4011,.T.);
#5103=ORIENTED_EDGE('',*,*,#3975,.F.);
#5104=ORIENTED_EDGE('',*,*,#4012,.T.);
#5105=ORIENTED_EDGE('',*,*,#4013,.T.);
#5106=ORIENTED_EDGE('',*,*,#4014,.T.);
#5107=ORIENTED_EDGE('',*,*,#3987,.F.);
#5108=ORIENTED_EDGE('',*,*,#4015,.T.);
#5109=ORIENTED_EDGE('',*,*,#4016,.T.);
#5110=ORIENTED_EDGE('',*,*,#4017,.T.);
#5111=ORIENTED_EDGE('',*,*,#4018,.F.);
#5112=ORIENTED_EDGE('',*,*,#4019,.T.);
#5113=ORIENTED_EDGE('',*,*,#4020,.T.);
#5114=ORIENTED_EDGE('',*,*,#4021,.T.);
#5115=ORIENTED_EDGE('',*,*,#4022,.T.);
#5116=ORIENTED_EDGE('',*,*,#3992,.F.);
#5117=ORIENTED_EDGE('',*,*,#4023,.T.);
#5118=ORIENTED_EDGE('',*,*,#4016,.F.);
#5119=ORIENTED_EDGE('',*,*,#4024,.T.);
#5120=ORIENTED_EDGE('',*,*,#4007,.F.);
#5121=ORIENTED_EDGE('',*,*,#4025,.T.);
#5122=ORIENTED_EDGE('',*,*,#3989,.F.);
#5123=ORIENTED_EDGE('',*,*,#4026,.T.);
#5124=ORIENTED_EDGE('',*,*,#4010,.F.);
#5125=ORIENTED_EDGE('',*,*,#4027,.T.);
#5126=ORIENTED_EDGE('',*,*,#3998,.F.);
#5127=ORIENTED_EDGE('',*,*,#4028,.T.);
#5128=ORIENTED_EDGE('',*,*,#3995,.F.);
#5129=ORIENTED_EDGE('',*,*,#4029,.T.);
#5130=ORIENTED_EDGE('',*,*,#4013,.F.);
#5131=ORIENTED_EDGE('',*,*,#4030,.T.);
#5132=ORIENTED_EDGE('',*,*,#4022,.F.);
#5133=ORIENTED_EDGE('',*,*,#4031,.T.);
#5134=ORIENTED_EDGE('',*,*,#4005,.T.);
#5135=ORIENTED_EDGE('',*,*,#4031,.F.);
#5136=ORIENTED_EDGE('',*,*,#4021,.F.);
#5137=ORIENTED_EDGE('',*,*,#4032,.T.);
#5138=ORIENTED_EDGE('',*,*,#4004,.T.);
#5139=ORIENTED_EDGE('',*,*,#4032,.F.);
#5140=ORIENTED_EDGE('',*,*,#4020,.F.);
#5141=ORIENTED_EDGE('',*,*,#4033,.T.);
#5142=ORIENTED_EDGE('',*,*,#4003,.T.);
#5143=ORIENTED_EDGE('',*,*,#4033,.F.);
#5144=ORIENTED_EDGE('',*,*,#4019,.F.);
#5145=ORIENTED_EDGE('',*,*,#4034,.T.);
#5146=ORIENTED_EDGE('',*,*,#4002,.T.);
#5147=ORIENTED_EDGE('',*,*,#4034,.F.);
#5148=ORIENTED_EDGE('',*,*,#4018,.T.);
#5149=ORIENTED_EDGE('',*,*,#4035,.T.);
#5150=ORIENTED_EDGE('',*,*,#4001,.F.);
#5151=ORIENTED_EDGE('',*,*,#4035,.F.);
#5152=ORIENTED_EDGE('',*,*,#3990,.F.);
#5153=ORIENTED_EDGE('',*,*,#4025,.F.);
#5154=ORIENTED_EDGE('',*,*,#4006,.F.);
#5155=ORIENTED_EDGE('',*,*,#3982,.F.);
#5156=ORIENTED_EDGE('',*,*,#4017,.F.);
#5157=ORIENTED_EDGE('',*,*,#4023,.F.);
#5158=ORIENTED_EDGE('',*,*,#3991,.F.);
#5159=ORIENTED_EDGE('',*,*,#3984,.F.);
#5160=ORIENTED_EDGE('',*,*,#3993,.F.);
#5161=ORIENTED_EDGE('',*,*,#4024,.F.);
#5162=ORIENTED_EDGE('',*,*,#4015,.F.);
#5163=ORIENTED_EDGE('',*,*,#3986,.F.);
#5164=ORIENTED_EDGE('',*,*,#4014,.F.);
#5165=ORIENTED_EDGE('',*,*,#4029,.F.);
#5166=ORIENTED_EDGE('',*,*,#3994,.F.);
#5167=ORIENTED_EDGE('',*,*,#3988,.F.);
#5168=ORIENTED_EDGE('',*,*,#3996,.F.);
#5169=ORIENTED_EDGE('',*,*,#4030,.F.);
#5170=ORIENTED_EDGE('',*,*,#4012,.F.);
#5171=ORIENTED_EDGE('',*,*,#3974,.F.);
#5172=ORIENTED_EDGE('',*,*,#4008,.F.);
#5173=ORIENTED_EDGE('',*,*,#4026,.F.);
#5174=ORIENTED_EDGE('',*,*,#4000,.F.);
#5175=ORIENTED_EDGE('',*,*,#3978,.F.);
#5176=ORIENTED_EDGE('',*,*,#3999,.F.);
#5177=ORIENTED_EDGE('',*,*,#4027,.F.);
#5178=ORIENTED_EDGE('',*,*,#4009,.F.);
#5179=ORIENTED_EDGE('',*,*,#3980,.F.);
#5180=ORIENTED_EDGE('',*,*,#4011,.F.);
#5181=ORIENTED_EDGE('',*,*,#4028,.F.);
#5182=ORIENTED_EDGE('',*,*,#3997,.F.);
#5183=ORIENTED_EDGE('',*,*,#3976,.F.);
#5184=ORIENTED_EDGE('',*,*,#4036,.F.);
#5185=ORIENTED_EDGE('',*,*,#4037,.F.);
#5186=ORIENTED_EDGE('',*,*,#4038,.T.);
#5187=ORIENTED_EDGE('',*,*,#4039,.F.);
#5188=ORIENTED_EDGE('',*,*,#4040,.T.);
#5189=ORIENTED_EDGE('',*,*,#4041,.T.);
#5190=ORIENTED_EDGE('',*,*,#4042,.T.);
#5191=ORIENTED_EDGE('',*,*,#4043,.F.);
#5192=ORIENTED_EDGE('',*,*,#4044,.T.);
#5193=ORIENTED_EDGE('',*,*,#4045,.T.);
#5194=ORIENTED_EDGE('',*,*,#4046,.F.);
#5195=ORIENTED_EDGE('',*,*,#4047,.T.);
#5196=ORIENTED_EDGE('',*,*,#4048,.T.);
#5197=ORIENTED_EDGE('',*,*,#4049,.T.);
#5198=ORIENTED_EDGE('',*,*,#4050,.F.);
#5199=ORIENTED_EDGE('',*,*,#4051,.T.);
#5200=ORIENTED_EDGE('',*,*,#4052,.T.);
#5201=ORIENTED_EDGE('',*,*,#4053,.T.);
#5202=ORIENTED_EDGE('',*,*,#4054,.F.);
#5203=ORIENTED_EDGE('',*,*,#4055,.T.);
#5204=ORIENTED_EDGE('',*,*,#4054,.T.);
#5205=ORIENTED_EDGE('',*,*,#4056,.T.);
#5206=ORIENTED_EDGE('',*,*,#4039,.T.);
#5207=ORIENTED_EDGE('',*,*,#4057,.F.);
#5208=ORIENTED_EDGE('',*,*,#4058,.F.);
#5209=ORIENTED_EDGE('',*,*,#4059,.F.);
#5210=ORIENTED_EDGE('',*,*,#4043,.T.);
#5211=ORIENTED_EDGE('',*,*,#4060,.T.);
#5212=ORIENTED_EDGE('',*,*,#4046,.T.);
#5213=ORIENTED_EDGE('',*,*,#4061,.T.);
#5214=ORIENTED_EDGE('',*,*,#4050,.T.);
#5215=ORIENTED_EDGE('',*,*,#4062,.T.);
#5216=ORIENTED_EDGE('',*,*,#4063,.T.);
#5217=ORIENTED_EDGE('',*,*,#4064,.T.);
#5218=ORIENTED_EDGE('',*,*,#4065,.T.);
#5219=ORIENTED_EDGE('',*,*,#4066,.T.);
#5220=ORIENTED_EDGE('',*,*,#4067,.T.);
#5221=ORIENTED_EDGE('',*,*,#4041,.F.);
#5222=ORIENTED_EDGE('',*,*,#4068,.T.);
#5223=ORIENTED_EDGE('',*,*,#4052,.F.);
#5224=ORIENTED_EDGE('',*,*,#4069,.T.);
#5225=ORIENTED_EDGE('',*,*,#4048,.F.);
#5226=ORIENTED_EDGE('',*,*,#4070,.T.);
#5227=ORIENTED_EDGE('',*,*,#4044,.F.);
#5228=ORIENTED_EDGE('',*,*,#4071,.T.);
#5229=ORIENTED_EDGE('',*,*,#4072,.T.);
#5230=ORIENTED_EDGE('',*,*,#4073,.T.);
#5231=ORIENTED_EDGE('',*,*,#4074,.T.);
#5232=ORIENTED_EDGE('',*,*,#4075,.T.);
#5233=ORIENTED_EDGE('',*,*,#4076,.F.);
#5234=ORIENTED_EDGE('',*,*,#4056,.F.);
#5235=ORIENTED_EDGE('',*,*,#4053,.F.);
#5236=ORIENTED_EDGE('',*,*,#4068,.F.);
#5237=ORIENTED_EDGE('',*,*,#4040,.F.);
#5238=ORIENTED_EDGE('',*,*,#4062,.F.);
#5239=ORIENTED_EDGE('',*,*,#4049,.F.);
#5240=ORIENTED_EDGE('',*,*,#4069,.F.);
#5241=ORIENTED_EDGE('',*,*,#4055,.F.);
#5242=ORIENTED_EDGE('',*,*,#4061,.F.);
#5243=ORIENTED_EDGE('',*,*,#4045,.F.);
#5244=ORIENTED_EDGE('',*,*,#4070,.F.);
#5245=ORIENTED_EDGE('',*,*,#4051,.F.);
#5246=ORIENTED_EDGE('',*,*,#4060,.F.);
#5247=ORIENTED_EDGE('',*,*,#4042,.F.);
#5248=ORIENTED_EDGE('',*,*,#4071,.F.);
#5249=ORIENTED_EDGE('',*,*,#4047,.F.);
#5250=ORIENTED_EDGE('',*,*,#4076,.T.);
#5251=ORIENTED_EDGE('',*,*,#4077,.T.);
#5252=ORIENTED_EDGE('',*,*,#4067,.F.);
#5253=ORIENTED_EDGE('',*,*,#4077,.F.);
#5254=ORIENTED_EDGE('',*,*,#4057,.T.);
#5255=ORIENTED_EDGE('',*,*,#4038,.F.);
#5256=ORIENTED_EDGE('',*,*,#4078,.F.);
#5257=ORIENTED_EDGE('',*,*,#4079,.T.);
#5258=ORIENTED_EDGE('',*,*,#4059,.T.);
#5259=ORIENTED_EDGE('',*,*,#4080,.F.);
#5260=ORIENTED_EDGE('',*,*,#4081,.F.);
#5261=ORIENTED_EDGE('',*,*,#4036,.T.);
#5262=ORIENTED_EDGE('',*,*,#4058,.T.);
#5263=ORIENTED_EDGE('',*,*,#4079,.F.);
#5264=ORIENTED_EDGE('',*,*,#4082,.F.);
#5265=ORIENTED_EDGE('',*,*,#4080,.T.);
#5266=ORIENTED_EDGE('',*,*,#4078,.T.);
#5267=ORIENTED_EDGE('',*,*,#4037,.T.);
#5268=ORIENTED_EDGE('',*,*,#4081,.T.);
#5269=ORIENTED_EDGE('',*,*,#4082,.T.);
#5270=ORIENTED_EDGE('',*,*,#4075,.F.);
#5271=ORIENTED_EDGE('',*,*,#4083,.T.);
#5272=ORIENTED_EDGE('',*,*,#4084,.T.);
#5273=ORIENTED_EDGE('',*,*,#4083,.F.);
#5274=ORIENTED_EDGE('',*,*,#4085,.T.);
#5275=ORIENTED_EDGE('',*,*,#4084,.F.);
#5276=ORIENTED_EDGE('',*,*,#4066,.F.);
#5277=ORIENTED_EDGE('',*,*,#4086,.T.);
#5278=ORIENTED_EDGE('',*,*,#4085,.F.);
#5279=ORIENTED_EDGE('',*,*,#4086,.F.);
#5280=ORIENTED_EDGE('',*,*,#4074,.F.);
#5281=ORIENTED_EDGE('',*,*,#4087,.T.);
#5282=ORIENTED_EDGE('',*,*,#4088,.T.);
#5283=ORIENTED_EDGE('',*,*,#4087,.F.);
#5284=ORIENTED_EDGE('',*,*,#4089,.T.);
#5285=ORIENTED_EDGE('',*,*,#4088,.F.);
#5286=ORIENTED_EDGE('',*,*,#4065,.F.);
#5287=ORIENTED_EDGE('',*,*,#4090,.T.);
#5288=ORIENTED_EDGE('',*,*,#4089,.F.);
#5289=ORIENTED_EDGE('',*,*,#4090,.F.);
#5290=ORIENTED_EDGE('',*,*,#4073,.F.);
#5291=ORIENTED_EDGE('',*,*,#4091,.T.);
#5292=ORIENTED_EDGE('',*,*,#4092,.T.);
#5293=ORIENTED_EDGE('',*,*,#4091,.F.);
#5294=ORIENTED_EDGE('',*,*,#4093,.T.);
#5295=ORIENTED_EDGE('',*,*,#4092,.F.);
#5296=ORIENTED_EDGE('',*,*,#4064,.F.);
#5297=ORIENTED_EDGE('',*,*,#4094,.T.);
#5298=ORIENTED_EDGE('',*,*,#4093,.F.);
#5299=ORIENTED_EDGE('',*,*,#4094,.F.);
#5300=ORIENTED_EDGE('',*,*,#4072,.F.);
#5301=ORIENTED_EDGE('',*,*,#4095,.T.);
#5302=ORIENTED_EDGE('',*,*,#4096,.T.);
#5303=ORIENTED_EDGE('',*,*,#4095,.F.);
#5304=ORIENTED_EDGE('',*,*,#4097,.T.);
#5305=ORIENTED_EDGE('',*,*,#4096,.F.);
#5306=ORIENTED_EDGE('',*,*,#4063,.F.);
#5307=ORIENTED_EDGE('',*,*,#4098,.T.);
#5308=ORIENTED_EDGE('',*,*,#4097,.F.);
#5309=ORIENTED_EDGE('',*,*,#4098,.F.);
#5310=ORIENTED_EDGE('',*,*,#4099,.T.);
#5311=ORIENTED_EDGE('',*,*,#4100,.F.);
#5312=ORIENTED_EDGE('',*,*,#4101,.F.);
#5313=ORIENTED_EDGE('',*,*,#4102,.T.);
#5314=ORIENTED_EDGE('',*,*,#4103,.T.);
#5315=ORIENTED_EDGE('',*,*,#4104,.F.);
#5316=ORIENTED_EDGE('',*,*,#4105,.F.);
#5317=ORIENTED_EDGE('',*,*,#4100,.T.);
#5318=ORIENTED_EDGE('',*,*,#4106,.T.);
#5319=ORIENTED_EDGE('',*,*,#4107,.F.);
#5320=ORIENTED_EDGE('',*,*,#4108,.F.);
#5321=ORIENTED_EDGE('',*,*,#4104,.T.);
#5322=ORIENTED_EDGE('',*,*,#4109,.T.);
#5323=ORIENTED_EDGE('',*,*,#4110,.F.);
#5324=ORIENTED_EDGE('',*,*,#4111,.F.);
#5325=ORIENTED_EDGE('',*,*,#4107,.T.);
#5326=ORIENTED_EDGE('',*,*,#4112,.T.);
#5327=ORIENTED_EDGE('',*,*,#4113,.F.);
#5328=ORIENTED_EDGE('',*,*,#4114,.F.);
#5329=ORIENTED_EDGE('',*,*,#4110,.T.);
#5330=ORIENTED_EDGE('',*,*,#4115,.T.);
#5331=ORIENTED_EDGE('',*,*,#4116,.F.);
#5332=ORIENTED_EDGE('',*,*,#4117,.F.);
#5333=ORIENTED_EDGE('',*,*,#4113,.T.);
#5334=ORIENTED_EDGE('',*,*,#4118,.T.);
#5335=ORIENTED_EDGE('',*,*,#4119,.F.);
#5336=ORIENTED_EDGE('',*,*,#4120,.F.);
#5337=ORIENTED_EDGE('',*,*,#4116,.T.);
#5338=ORIENTED_EDGE('',*,*,#4121,.T.);
#5339=ORIENTED_EDGE('',*,*,#4102,.F.);
#5340=ORIENTED_EDGE('',*,*,#4122,.F.);
#5341=ORIENTED_EDGE('',*,*,#4119,.T.);
#5342=ORIENTED_EDGE('',*,*,#4101,.T.);
#5343=ORIENTED_EDGE('',*,*,#4105,.T.);
#5344=ORIENTED_EDGE('',*,*,#4108,.T.);
#5345=ORIENTED_EDGE('',*,*,#4111,.T.);
#5346=ORIENTED_EDGE('',*,*,#4114,.T.);
#5347=ORIENTED_EDGE('',*,*,#4117,.T.);
#5348=ORIENTED_EDGE('',*,*,#4120,.T.);
#5349=ORIENTED_EDGE('',*,*,#4122,.T.);
#5350=ORIENTED_EDGE('',*,*,#4123,.F.);
#5351=ORIENTED_EDGE('',*,*,#4124,.F.);
#5352=ORIENTED_EDGE('',*,*,#4125,.F.);
#5353=ORIENTED_EDGE('',*,*,#4126,.F.);
#5354=ORIENTED_EDGE('',*,*,#4127,.T.);
#5355=ORIENTED_EDGE('',*,*,#4099,.F.);
#5356=ORIENTED_EDGE('',*,*,#4121,.F.);
#5357=ORIENTED_EDGE('',*,*,#4118,.F.);
#5358=ORIENTED_EDGE('',*,*,#4115,.F.);
#5359=ORIENTED_EDGE('',*,*,#4112,.F.);
#5360=ORIENTED_EDGE('',*,*,#4109,.F.);
#5361=ORIENTED_EDGE('',*,*,#4106,.F.);
#5362=ORIENTED_EDGE('',*,*,#4103,.F.);
#5363=ORIENTED_EDGE('',*,*,#4128,.T.);
#5364=ORIENTED_EDGE('',*,*,#4129,.T.);
#5365=ORIENTED_EDGE('',*,*,#4130,.T.);
#5366=ORIENTED_EDGE('',*,*,#4131,.T.);
#5367=ORIENTED_EDGE('',*,*,#4132,.F.);
#5368=ORIENTED_EDGE('',*,*,#4127,.F.);
#5369=ORIENTED_EDGE('',*,*,#4133,.T.);
#5370=ORIENTED_EDGE('',*,*,#4134,.T.);
#5371=ORIENTED_EDGE('',*,*,#4133,.F.);
#5372=ORIENTED_EDGE('',*,*,#4134,.F.);
#5373=ORIENTED_EDGE('',*,*,#4135,.T.);
#5374=ORIENTED_EDGE('',*,*,#4132,.T.);
#5375=ORIENTED_EDGE('',*,*,#4136,.T.);
#5376=ORIENTED_EDGE('',*,*,#4135,.F.);
#5377=ORIENTED_EDGE('',*,*,#4136,.F.);
#5378=ORIENTED_EDGE('',*,*,#4131,.F.);
#5379=ORIENTED_EDGE('',*,*,#4137,.T.);
#5380=ORIENTED_EDGE('',*,*,#4126,.T.);
#5381=ORIENTED_EDGE('',*,*,#4137,.F.);
#5382=ORIENTED_EDGE('',*,*,#4130,.F.);
#5383=ORIENTED_EDGE('',*,*,#4138,.T.);
#5384=ORIENTED_EDGE('',*,*,#4125,.T.);
#5385=ORIENTED_EDGE('',*,*,#4138,.F.);
#5386=ORIENTED_EDGE('',*,*,#4129,.F.);
#5387=ORIENTED_EDGE('',*,*,#4139,.T.);
#5388=ORIENTED_EDGE('',*,*,#4124,.T.);
#5389=ORIENTED_EDGE('',*,*,#4139,.F.);
#5390=ORIENTED_EDGE('',*,*,#4128,.F.);
#5391=ORIENTED_EDGE('',*,*,#4140,.T.);
#5392=ORIENTED_EDGE('',*,*,#4123,.T.);
#5393=ORIENTED_EDGE('',*,*,#4140,.F.);
#5394=ORIENTED_EDGE('',*,*,#4141,.T.);
#5395=ORIENTED_EDGE('',*,*,#4142,.T.);
#5396=ORIENTED_EDGE('',*,*,#4143,.T.);
#5397=ORIENTED_EDGE('',*,*,#4141,.F.);
#5398=ORIENTED_EDGE('',*,*,#4143,.F.);
#5399=ORIENTED_EDGE('',*,*,#4144,.T.);
#5400=ORIENTED_EDGE('',*,*,#4145,.F.);
#5401=ORIENTED_EDGE('',*,*,#4146,.T.);
#5402=ORIENTED_EDGE('',*,*,#4147,.F.);
#5403=ORIENTED_EDGE('',*,*,#4148,.T.);
#5404=ORIENTED_EDGE('',*,*,#4149,.F.);
#5405=ORIENTED_EDGE('',*,*,#4146,.F.);
#5406=ORIENTED_EDGE('',*,*,#4150,.F.);
#5407=ORIENTED_EDGE('',*,*,#4151,.T.);
#5408=ORIENTED_EDGE('',*,*,#4152,.F.);
#5409=ORIENTED_EDGE('',*,*,#4144,.F.);
#5410=ORIENTED_EDGE('',*,*,#4153,.F.);
#5411=ORIENTED_EDGE('',*,*,#4148,.F.);
#5412=ORIENTED_EDGE('',*,*,#4154,.F.);
#5413=ORIENTED_EDGE('',*,*,#4151,.F.);
#5414=ORIENTED_EDGE('',*,*,#4155,.F.);
#5415=ORIENTED_EDGE('',*,*,#4156,.T.);
#5416=ORIENTED_EDGE('',*,*,#4157,.F.);
#5417=ORIENTED_EDGE('',*,*,#4158,.T.);
#5418=ORIENTED_EDGE('',*,*,#4159,.F.);
#5419=ORIENTED_EDGE('',*,*,#4160,.T.);
#5420=ORIENTED_EDGE('',*,*,#4161,.F.);
#5421=ORIENTED_EDGE('',*,*,#4158,.F.);
#5422=ORIENTED_EDGE('',*,*,#4162,.F.);
#5423=ORIENTED_EDGE('',*,*,#4163,.T.);
#5424=ORIENTED_EDGE('',*,*,#4164,.F.);
#5425=ORIENTED_EDGE('',*,*,#4156,.F.);
#5426=ORIENTED_EDGE('',*,*,#4165,.F.);
#5427=ORIENTED_EDGE('',*,*,#4160,.F.);
#5428=ORIENTED_EDGE('',*,*,#4166,.F.);
#5429=ORIENTED_EDGE('',*,*,#4163,.F.);
#5430=ORIENTED_EDGE('',*,*,#4167,.F.);
#5431=ORIENTED_EDGE('',*,*,#4168,.T.);
#5432=ORIENTED_EDGE('',*,*,#4169,.F.);
#5433=ORIENTED_EDGE('',*,*,#4170,.T.);
#5434=ORIENTED_EDGE('',*,*,#4171,.F.);
#5435=ORIENTED_EDGE('',*,*,#4172,.T.);
#5436=ORIENTED_EDGE('',*,*,#4173,.F.);
#5437=ORIENTED_EDGE('',*,*,#4170,.F.);
#5438=ORIENTED_EDGE('',*,*,#4174,.F.);
#5439=ORIENTED_EDGE('',*,*,#4175,.T.);
#5440=ORIENTED_EDGE('',*,*,#4176,.F.);
#5441=ORIENTED_EDGE('',*,*,#4168,.F.);
#5442=ORIENTED_EDGE('',*,*,#4177,.F.);
#5443=ORIENTED_EDGE('',*,*,#4172,.F.);
#5444=ORIENTED_EDGE('',*,*,#4178,.F.);
#5445=ORIENTED_EDGE('',*,*,#4175,.F.);
#5446=ORIENTED_EDGE('',*,*,#4179,.F.);
#5447=ORIENTED_EDGE('',*,*,#4180,.T.);
#5448=ORIENTED_EDGE('',*,*,#4181,.F.);
#5449=ORIENTED_EDGE('',*,*,#4182,.T.);
#5450=ORIENTED_EDGE('',*,*,#4183,.F.);
#5451=ORIENTED_EDGE('',*,*,#4184,.T.);
#5452=ORIENTED_EDGE('',*,*,#4185,.F.);
#5453=ORIENTED_EDGE('',*,*,#4182,.F.);
#5454=ORIENTED_EDGE('',*,*,#4186,.F.);
#5455=ORIENTED_EDGE('',*,*,#4187,.T.);
#5456=ORIENTED_EDGE('',*,*,#4188,.F.);
#5457=ORIENTED_EDGE('',*,*,#4180,.F.);
#5458=ORIENTED_EDGE('',*,*,#4189,.F.);
#5459=ORIENTED_EDGE('',*,*,#4184,.F.);
#5460=ORIENTED_EDGE('',*,*,#4190,.F.);
#5461=ORIENTED_EDGE('',*,*,#4187,.F.);
#5462=ORIENTED_EDGE('',*,*,#4191,.F.);
#5463=ORIENTED_EDGE('',*,*,#4192,.T.);
#5464=ORIENTED_EDGE('',*,*,#4193,.F.);
#5465=ORIENTED_EDGE('',*,*,#4194,.T.);
#5466=ORIENTED_EDGE('',*,*,#4195,.F.);
#5467=ORIENTED_EDGE('',*,*,#4196,.T.);
#5468=ORIENTED_EDGE('',*,*,#4197,.F.);
#5469=ORIENTED_EDGE('',*,*,#4194,.F.);
#5470=ORIENTED_EDGE('',*,*,#4198,.F.);
#5471=ORIENTED_EDGE('',*,*,#4199,.T.);
#5472=ORIENTED_EDGE('',*,*,#4200,.F.);
#5473=ORIENTED_EDGE('',*,*,#4192,.F.);
#5474=ORIENTED_EDGE('',*,*,#4201,.F.);
#5475=ORIENTED_EDGE('',*,*,#4196,.F.);
#5476=ORIENTED_EDGE('',*,*,#4202,.F.);
#5477=ORIENTED_EDGE('',*,*,#4199,.F.);
#5478=ORIENTED_EDGE('',*,*,#4203,.F.);
#5479=ORIENTED_EDGE('',*,*,#4204,.T.);
#5480=ORIENTED_EDGE('',*,*,#4205,.F.);
#5481=ORIENTED_EDGE('',*,*,#4206,.T.);
#5482=ORIENTED_EDGE('',*,*,#4207,.F.);
#5483=ORIENTED_EDGE('',*,*,#4208,.T.);
#5484=ORIENTED_EDGE('',*,*,#4209,.F.);
#5485=ORIENTED_EDGE('',*,*,#4206,.F.);
#5486=ORIENTED_EDGE('',*,*,#4210,.F.);
#5487=ORIENTED_EDGE('',*,*,#4211,.T.);
#5488=ORIENTED_EDGE('',*,*,#4212,.F.);
#5489=ORIENTED_EDGE('',*,*,#4204,.F.);
#5490=ORIENTED_EDGE('',*,*,#4213,.F.);
#5491=ORIENTED_EDGE('',*,*,#4208,.F.);
#5492=ORIENTED_EDGE('',*,*,#4214,.F.);
#5493=ORIENTED_EDGE('',*,*,#4211,.F.);
#5494=ORIENTED_EDGE('',*,*,#4215,.F.);
#5495=ORIENTED_EDGE('',*,*,#4216,.T.);
#5496=ORIENTED_EDGE('',*,*,#4217,.F.);
#5497=ORIENTED_EDGE('',*,*,#4218,.T.);
#5498=ORIENTED_EDGE('',*,*,#4219,.F.);
#5499=ORIENTED_EDGE('',*,*,#4220,.T.);
#5500=ORIENTED_EDGE('',*,*,#4221,.F.);
#5501=ORIENTED_EDGE('',*,*,#4218,.F.);
#5502=ORIENTED_EDGE('',*,*,#4222,.F.);
#5503=ORIENTED_EDGE('',*,*,#4223,.T.);
#5504=ORIENTED_EDGE('',*,*,#4224,.F.);
#5505=ORIENTED_EDGE('',*,*,#4216,.F.);
#5506=ORIENTED_EDGE('',*,*,#4225,.F.);
#5507=ORIENTED_EDGE('',*,*,#4220,.F.);
#5508=ORIENTED_EDGE('',*,*,#4226,.F.);
#5509=ORIENTED_EDGE('',*,*,#4223,.F.);
#5510=ORIENTED_EDGE('',*,*,#4227,.F.);
#5511=ORIENTED_EDGE('',*,*,#4228,.T.);
#5512=ORIENTED_EDGE('',*,*,#4229,.F.);
#5513=ORIENTED_EDGE('',*,*,#4230,.T.);
#5514=ORIENTED_EDGE('',*,*,#4231,.F.);
#5515=ORIENTED_EDGE('',*,*,#4232,.T.);
#5516=ORIENTED_EDGE('',*,*,#4233,.F.);
#5517=ORIENTED_EDGE('',*,*,#4230,.F.);
#5518=ORIENTED_EDGE('',*,*,#4234,.F.);
#5519=ORIENTED_EDGE('',*,*,#4235,.T.);
#5520=ORIENTED_EDGE('',*,*,#4236,.F.);
#5521=ORIENTED_EDGE('',*,*,#4228,.F.);
#5522=ORIENTED_EDGE('',*,*,#4237,.F.);
#5523=ORIENTED_EDGE('',*,*,#4232,.F.);
#5524=ORIENTED_EDGE('',*,*,#4238,.F.);
#5525=ORIENTED_EDGE('',*,*,#4235,.F.);
#5526=ORIENTED_EDGE('',*,*,#4239,.F.);
#5527=ORIENTED_EDGE('',*,*,#4240,.T.);
#5528=ORIENTED_EDGE('',*,*,#4241,.F.);
#5529=ORIENTED_EDGE('',*,*,#4242,.T.);
#5530=ORIENTED_EDGE('',*,*,#4243,.F.);
#5531=ORIENTED_EDGE('',*,*,#4244,.T.);
#5532=ORIENTED_EDGE('',*,*,#4245,.F.);
#5533=ORIENTED_EDGE('',*,*,#4242,.F.);
#5534=ORIENTED_EDGE('',*,*,#4246,.F.);
#5535=ORIENTED_EDGE('',*,*,#4247,.T.);
#5536=ORIENTED_EDGE('',*,*,#4248,.F.);
#5537=ORIENTED_EDGE('',*,*,#4240,.F.);
#5538=ORIENTED_EDGE('',*,*,#4249,.F.);
#5539=ORIENTED_EDGE('',*,*,#4244,.F.);
#5540=ORIENTED_EDGE('',*,*,#4250,.F.);
#5541=ORIENTED_EDGE('',*,*,#4247,.F.);
#5542=ORIENTED_EDGE('',*,*,#4251,.F.);
#5543=ORIENTED_EDGE('',*,*,#4252,.T.);
#5544=ORIENTED_EDGE('',*,*,#4253,.F.);
#5545=ORIENTED_EDGE('',*,*,#4254,.T.);
#5546=ORIENTED_EDGE('',*,*,#4255,.F.);
#5547=ORIENTED_EDGE('',*,*,#4256,.T.);
#5548=ORIENTED_EDGE('',*,*,#4257,.F.);
#5549=ORIENTED_EDGE('',*,*,#4254,.F.);
#5550=ORIENTED_EDGE('',*,*,#4258,.F.);
#5551=ORIENTED_EDGE('',*,*,#4259,.T.);
#5552=ORIENTED_EDGE('',*,*,#4260,.F.);
#5553=ORIENTED_EDGE('',*,*,#4252,.F.);
#5554=ORIENTED_EDGE('',*,*,#4261,.F.);
#5555=ORIENTED_EDGE('',*,*,#4256,.F.);
#5556=ORIENTED_EDGE('',*,*,#4262,.F.);
#5557=ORIENTED_EDGE('',*,*,#4259,.F.);
#5558=ORIENTED_EDGE('',*,*,#4263,.F.);
#5559=ORIENTED_EDGE('',*,*,#4162,.T.);
#5560=ORIENTED_EDGE('',*,*,#4157,.T.);
#5561=ORIENTED_EDGE('',*,*,#4164,.T.);
#5562=ORIENTED_EDGE('',*,*,#4166,.T.);
#5563=ORIENTED_EDGE('',*,*,#4264,.T.);
#5564=ORIENTED_EDGE('',*,*,#4167,.T.);
#5565=ORIENTED_EDGE('',*,*,#4265,.F.);
#5566=ORIENTED_EDGE('',*,*,#4266,.F.);
#5567=ORIENTED_EDGE('',*,*,#4267,.T.);
#5568=ORIENTED_EDGE('',*,*,#4161,.T.);
#5569=ORIENTED_EDGE('',*,*,#4264,.F.);
#5570=ORIENTED_EDGE('',*,*,#4268,.F.);
#5571=ORIENTED_EDGE('',*,*,#4269,.T.);
#5572=ORIENTED_EDGE('',*,*,#4159,.T.);
#5573=ORIENTED_EDGE('',*,*,#4267,.F.);
#5574=ORIENTED_EDGE('',*,*,#4270,.F.);
#5575=ORIENTED_EDGE('',*,*,#4265,.T.);
#5576=ORIENTED_EDGE('',*,*,#4165,.T.);
#5577=ORIENTED_EDGE('',*,*,#4269,.F.);
#5578=ORIENTED_EDGE('',*,*,#4271,.F.);
#5579=ORIENTED_EDGE('',*,*,#4153,.T.);
#5580=ORIENTED_EDGE('',*,*,#4147,.T.);
#5581=ORIENTED_EDGE('',*,*,#4149,.T.);
#5582=ORIENTED_EDGE('',*,*,#4155,.T.);
#5583=ORIENTED_EDGE('',*,*,#4272,.F.);
#5584=ORIENTED_EDGE('',*,*,#4150,.T.);
#5585=ORIENTED_EDGE('',*,*,#4273,.T.);
#5586=ORIENTED_EDGE('',*,*,#4274,.T.);
#5587=ORIENTED_EDGE('',*,*,#4275,.F.);
#5588=ORIENTED_EDGE('',*,*,#4154,.T.);
#5589=ORIENTED_EDGE('',*,*,#4272,.T.);
#5590=ORIENTED_EDGE('',*,*,#4276,.T.);
#5591=ORIENTED_EDGE('',*,*,#4277,.F.);
#5592=ORIENTED_EDGE('',*,*,#4152,.T.);
#5593=ORIENTED_EDGE('',*,*,#4275,.T.);
#5594=ORIENTED_EDGE('',*,*,#4278,.T.);
#5595=ORIENTED_EDGE('',*,*,#4273,.F.);
#5596=ORIENTED_EDGE('',*,*,#4145,.T.);
#5597=ORIENTED_EDGE('',*,*,#4277,.T.);
#5598=ORIENTED_EDGE('',*,*,#4279,.T.);
#5599=ORIENTED_EDGE('',*,*,#4280,.F.);
#5600=ORIENTED_EDGE('',*,*,#4281,.F.);
#5601=ORIENTED_EDGE('',*,*,#4274,.F.);
#5602=ORIENTED_EDGE('',*,*,#4282,.T.);
#5603=ORIENTED_EDGE('',*,*,#4283,.F.);
#5604=ORIENTED_EDGE('',*,*,#4284,.F.);
#5605=ORIENTED_EDGE('',*,*,#4276,.F.);
#5606=ORIENTED_EDGE('',*,*,#4281,.T.);
#5607=ORIENTED_EDGE('',*,*,#4285,.F.);
#5608=ORIENTED_EDGE('',*,*,#4286,.F.);
#5609=ORIENTED_EDGE('',*,*,#4278,.F.);
#5610=ORIENTED_EDGE('',*,*,#4284,.T.);
#5611=ORIENTED_EDGE('',*,*,#4287,.F.);
#5612=ORIENTED_EDGE('',*,*,#4282,.F.);
#5613=ORIENTED_EDGE('',*,*,#4279,.F.);
#5614=ORIENTED_EDGE('',*,*,#4286,.T.);
#5615=ORIENTED_EDGE('',*,*,#4186,.T.);
#5616=ORIENTED_EDGE('',*,*,#4181,.T.);
#5617=ORIENTED_EDGE('',*,*,#4188,.T.);
#5618=ORIENTED_EDGE('',*,*,#4190,.T.);
#5619=ORIENTED_EDGE('',*,*,#4288,.T.);
#5620=ORIENTED_EDGE('',*,*,#4191,.T.);
#5621=ORIENTED_EDGE('',*,*,#4289,.F.);
#5622=ORIENTED_EDGE('',*,*,#4290,.F.);
#5623=ORIENTED_EDGE('',*,*,#4291,.T.);
#5624=ORIENTED_EDGE('',*,*,#4185,.T.);
#5625=ORIENTED_EDGE('',*,*,#4288,.F.);
#5626=ORIENTED_EDGE('',*,*,#4292,.F.);
#5627=ORIENTED_EDGE('',*,*,#4293,.T.);
#5628=ORIENTED_EDGE('',*,*,#4183,.T.);
#5629=ORIENTED_EDGE('',*,*,#4291,.F.);
#5630=ORIENTED_EDGE('',*,*,#4294,.F.);
#5631=ORIENTED_EDGE('',*,*,#4289,.T.);
#5632=ORIENTED_EDGE('',*,*,#4189,.T.);
#5633=ORIENTED_EDGE('',*,*,#4293,.F.);
#5634=ORIENTED_EDGE('',*,*,#4295,.F.);
#5635=ORIENTED_EDGE('',*,*,#4177,.T.);
#5636=ORIENTED_EDGE('',*,*,#4171,.T.);
#5637=ORIENTED_EDGE('',*,*,#4173,.T.);
#5638=ORIENTED_EDGE('',*,*,#4179,.T.);
#5639=ORIENTED_EDGE('',*,*,#4296,.F.);
#5640=ORIENTED_EDGE('',*,*,#4174,.T.);
#5641=ORIENTED_EDGE('',*,*,#4297,.T.);
#5642=ORIENTED_EDGE('',*,*,#4298,.T.);
#5643=ORIENTED_EDGE('',*,*,#4299,.F.);
#5644=ORIENTED_EDGE('',*,*,#4178,.T.);
#5645=ORIENTED_EDGE('',*,*,#4296,.T.);
#5646=ORIENTED_EDGE('',*,*,#4300,.T.);
#5647=ORIENTED_EDGE('',*,*,#4301,.F.);
#5648=ORIENTED_EDGE('',*,*,#4176,.T.);
#5649=ORIENTED_EDGE('',*,*,#4299,.T.);
#5650=ORIENTED_EDGE('',*,*,#4302,.T.);
#5651=ORIENTED_EDGE('',*,*,#4297,.F.);
#5652=ORIENTED_EDGE('',*,*,#4169,.T.);
#5653=ORIENTED_EDGE('',*,*,#4301,.T.);
#5654=ORIENTED_EDGE('',*,*,#4303,.T.);
#5655=ORIENTED_EDGE('',*,*,#4304,.F.);
#5656=ORIENTED_EDGE('',*,*,#4305,.F.);
#5657=ORIENTED_EDGE('',*,*,#4298,.F.);
#5658=ORIENTED_EDGE('',*,*,#4306,.T.);
#5659=ORIENTED_EDGE('',*,*,#4307,.F.);
#5660=ORIENTED_EDGE('',*,*,#4308,.F.);
#5661=ORIENTED_EDGE('',*,*,#4300,.F.);
#5662=ORIENTED_EDGE('',*,*,#4305,.T.);
#5663=ORIENTED_EDGE('',*,*,#4309,.F.);
#5664=ORIENTED_EDGE('',*,*,#4310,.F.);
#5665=ORIENTED_EDGE('',*,*,#4302,.F.);
#5666=ORIENTED_EDGE('',*,*,#4308,.T.);
#5667=ORIENTED_EDGE('',*,*,#4311,.F.);
#5668=ORIENTED_EDGE('',*,*,#4306,.F.);
#5669=ORIENTED_EDGE('',*,*,#4303,.F.);
#5670=ORIENTED_EDGE('',*,*,#4310,.T.);
#5671=ORIENTED_EDGE('',*,*,#4210,.T.);
#5672=ORIENTED_EDGE('',*,*,#4205,.T.);
#5673=ORIENTED_EDGE('',*,*,#4212,.T.);
#5674=ORIENTED_EDGE('',*,*,#4214,.T.);
#5675=ORIENTED_EDGE('',*,*,#4312,.T.);
#5676=ORIENTED_EDGE('',*,*,#4215,.T.);
#5677=ORIENTED_EDGE('',*,*,#4313,.F.);
#5678=ORIENTED_EDGE('',*,*,#4314,.F.);
#5679=ORIENTED_EDGE('',*,*,#4315,.T.);
#5680=ORIENTED_EDGE('',*,*,#4209,.T.);
#5681=ORIENTED_EDGE('',*,*,#4312,.F.);
#5682=ORIENTED_EDGE('',*,*,#4316,.F.);
#5683=ORIENTED_EDGE('',*,*,#4317,.T.);
#5684=ORIENTED_EDGE('',*,*,#4207,.T.);
#5685=ORIENTED_EDGE('',*,*,#4315,.F.);
#5686=ORIENTED_EDGE('',*,*,#4318,.F.);
#5687=ORIENTED_EDGE('',*,*,#4313,.T.);
#5688=ORIENTED_EDGE('',*,*,#4213,.T.);
#5689=ORIENTED_EDGE('',*,*,#4317,.F.);
#5690=ORIENTED_EDGE('',*,*,#4319,.F.);
#5691=ORIENTED_EDGE('',*,*,#4201,.T.);
#5692=ORIENTED_EDGE('',*,*,#4195,.T.);
#5693=ORIENTED_EDGE('',*,*,#4197,.T.);
#5694=ORIENTED_EDGE('',*,*,#4203,.T.);
#5695=ORIENTED_EDGE('',*,*,#4320,.F.);
#5696=ORIENTED_EDGE('',*,*,#4198,.T.);
#5697=ORIENTED_EDGE('',*,*,#4321,.T.);
#5698=ORIENTED_EDGE('',*,*,#4322,.T.);
#5699=ORIENTED_EDGE('',*,*,#4323,.F.);
#5700=ORIENTED_EDGE('',*,*,#4202,.T.);
#5701=ORIENTED_EDGE('',*,*,#4320,.T.);
#5702=ORIENTED_EDGE('',*,*,#4324,.T.);
#5703=ORIENTED_EDGE('',*,*,#4325,.F.);
#5704=ORIENTED_EDGE('',*,*,#4200,.T.);
#5705=ORIENTED_EDGE('',*,*,#4323,.T.);
#5706=ORIENTED_EDGE('',*,*,#4326,.T.);
#5707=ORIENTED_EDGE('',*,*,#4321,.F.);
#5708=ORIENTED_EDGE('',*,*,#4193,.T.);
#5709=ORIENTED_EDGE('',*,*,#4325,.T.);
#5710=ORIENTED_EDGE('',*,*,#4327,.T.);
#5711=ORIENTED_EDGE('',*,*,#4328,.F.);
#5712=ORIENTED_EDGE('',*,*,#4329,.F.);
#5713=ORIENTED_EDGE('',*,*,#4322,.F.);
#5714=ORIENTED_EDGE('',*,*,#4330,.T.);
#5715=ORIENTED_EDGE('',*,*,#4331,.F.);
#5716=ORIENTED_EDGE('',*,*,#4332,.F.);
#5717=ORIENTED_EDGE('',*,*,#4324,.F.);
#5718=ORIENTED_EDGE('',*,*,#4329,.T.);
#5719=ORIENTED_EDGE('',*,*,#4333,.F.);
#5720=ORIENTED_EDGE('',*,*,#4334,.F.);
#5721=ORIENTED_EDGE('',*,*,#4326,.F.);
#5722=ORIENTED_EDGE('',*,*,#4332,.T.);
#5723=ORIENTED_EDGE('',*,*,#4335,.F.);
#5724=ORIENTED_EDGE('',*,*,#4330,.F.);
#5725=ORIENTED_EDGE('',*,*,#4327,.F.);
#5726=ORIENTED_EDGE('',*,*,#4334,.T.);
#5727=ORIENTED_EDGE('',*,*,#4234,.T.);
#5728=ORIENTED_EDGE('',*,*,#4229,.T.);
#5729=ORIENTED_EDGE('',*,*,#4236,.T.);
#5730=ORIENTED_EDGE('',*,*,#4238,.T.);
#5731=ORIENTED_EDGE('',*,*,#4336,.T.);
#5732=ORIENTED_EDGE('',*,*,#4239,.T.);
#5733=ORIENTED_EDGE('',*,*,#4337,.F.);
#5734=ORIENTED_EDGE('',*,*,#4338,.F.);
#5735=ORIENTED_EDGE('',*,*,#4339,.T.);
#5736=ORIENTED_EDGE('',*,*,#4233,.T.);
#5737=ORIENTED_EDGE('',*,*,#4336,.F.);
#5738=ORIENTED_EDGE('',*,*,#4340,.F.);
#5739=ORIENTED_EDGE('',*,*,#4341,.T.);
#5740=ORIENTED_EDGE('',*,*,#4231,.T.);
#5741=ORIENTED_EDGE('',*,*,#4339,.F.);
#5742=ORIENTED_EDGE('',*,*,#4342,.F.);
#5743=ORIENTED_EDGE('',*,*,#4337,.T.);
#5744=ORIENTED_EDGE('',*,*,#4237,.T.);
#5745=ORIENTED_EDGE('',*,*,#4341,.F.);
#5746=ORIENTED_EDGE('',*,*,#4343,.F.);
#5747=ORIENTED_EDGE('',*,*,#4225,.T.);
#5748=ORIENTED_EDGE('',*,*,#4219,.T.);
#5749=ORIENTED_EDGE('',*,*,#4221,.T.);
#5750=ORIENTED_EDGE('',*,*,#4227,.T.);
#5751=ORIENTED_EDGE('',*,*,#4344,.F.);
#5752=ORIENTED_EDGE('',*,*,#4222,.T.);
#5753=ORIENTED_EDGE('',*,*,#4345,.T.);
#5754=ORIENTED_EDGE('',*,*,#4346,.T.);
#5755=ORIENTED_EDGE('',*,*,#4347,.F.);
#5756=ORIENTED_EDGE('',*,*,#4226,.T.);
#5757=ORIENTED_EDGE('',*,*,#4344,.T.);
#5758=ORIENTED_EDGE('',*,*,#4348,.T.);
#5759=ORIENTED_EDGE('',*,*,#4349,.F.);
#5760=ORIENTED_EDGE('',*,*,#4224,.T.);
#5761=ORIENTED_EDGE('',*,*,#4347,.T.);
#5762=ORIENTED_EDGE('',*,*,#4350,.T.);
#5763=ORIENTED_EDGE('',*,*,#4345,.F.);
#5764=ORIENTED_EDGE('',*,*,#4217,.T.);
#5765=ORIENTED_EDGE('',*,*,#4349,.T.);
#5766=ORIENTED_EDGE('',*,*,#4351,.T.);
#5767=ORIENTED_EDGE('',*,*,#4352,.F.);
#5768=ORIENTED_EDGE('',*,*,#4353,.F.);
#5769=ORIENTED_EDGE('',*,*,#4346,.F.);
#5770=ORIENTED_EDGE('',*,*,#4354,.T.);
#5771=ORIENTED_EDGE('',*,*,#4355,.F.);
#5772=ORIENTED_EDGE('',*,*,#4356,.F.);
#5773=ORIENTED_EDGE('',*,*,#4348,.F.);
#5774=ORIENTED_EDGE('',*,*,#4353,.T.);
#5775=ORIENTED_EDGE('',*,*,#4357,.F.);
#5776=ORIENTED_EDGE('',*,*,#4358,.F.);
#5777=ORIENTED_EDGE('',*,*,#4350,.F.);
#5778=ORIENTED_EDGE('',*,*,#4356,.T.);
#5779=ORIENTED_EDGE('',*,*,#4359,.F.);
#5780=ORIENTED_EDGE('',*,*,#4354,.F.);
#5781=ORIENTED_EDGE('',*,*,#4351,.F.);
#5782=ORIENTED_EDGE('',*,*,#4358,.T.);
#5783=ORIENTED_EDGE('',*,*,#4258,.T.);
#5784=ORIENTED_EDGE('',*,*,#4253,.T.);
#5785=ORIENTED_EDGE('',*,*,#4260,.T.);
#5786=ORIENTED_EDGE('',*,*,#4262,.T.);
#5787=ORIENTED_EDGE('',*,*,#4360,.T.);
#5788=ORIENTED_EDGE('',*,*,#4263,.T.);
#5789=ORIENTED_EDGE('',*,*,#4361,.F.);
#5790=ORIENTED_EDGE('',*,*,#4362,.F.);
#5791=ORIENTED_EDGE('',*,*,#4363,.T.);
#5792=ORIENTED_EDGE('',*,*,#4257,.T.);
#5793=ORIENTED_EDGE('',*,*,#4360,.F.);
#5794=ORIENTED_EDGE('',*,*,#4364,.F.);
#5795=ORIENTED_EDGE('',*,*,#4365,.T.);
#5796=ORIENTED_EDGE('',*,*,#4255,.T.);
#5797=ORIENTED_EDGE('',*,*,#4363,.F.);
#5798=ORIENTED_EDGE('',*,*,#4366,.F.);
#5799=ORIENTED_EDGE('',*,*,#4361,.T.);
#5800=ORIENTED_EDGE('',*,*,#4261,.T.);
#5801=ORIENTED_EDGE('',*,*,#4365,.F.);
#5802=ORIENTED_EDGE('',*,*,#4367,.F.);
#5803=ORIENTED_EDGE('',*,*,#4249,.T.);
#5804=ORIENTED_EDGE('',*,*,#4243,.T.);
#5805=ORIENTED_EDGE('',*,*,#4245,.T.);
#5806=ORIENTED_EDGE('',*,*,#4251,.T.);
#5807=ORIENTED_EDGE('',*,*,#4368,.F.);
#5808=ORIENTED_EDGE('',*,*,#4246,.T.);
#5809=ORIENTED_EDGE('',*,*,#4369,.T.);
#5810=ORIENTED_EDGE('',*,*,#4370,.T.);
#5811=ORIENTED_EDGE('',*,*,#4371,.F.);
#5812=ORIENTED_EDGE('',*,*,#4250,.T.);
#5813=ORIENTED_EDGE('',*,*,#4368,.T.);
#5814=ORIENTED_EDGE('',*,*,#4372,.T.);
#5815=ORIENTED_EDGE('',*,*,#4373,.F.);
#5816=ORIENTED_EDGE('',*,*,#4248,.T.);
#5817=ORIENTED_EDGE('',*,*,#4371,.T.);
#5818=ORIENTED_EDGE('',*,*,#4374,.T.);
#5819=ORIENTED_EDGE('',*,*,#4369,.F.);
#5820=ORIENTED_EDGE('',*,*,#4241,.T.);
#5821=ORIENTED_EDGE('',*,*,#4373,.T.);
#5822=ORIENTED_EDGE('',*,*,#4375,.T.);
#5823=ORIENTED_EDGE('',*,*,#4376,.F.);
#5824=ORIENTED_EDGE('',*,*,#4377,.F.);
#5825=ORIENTED_EDGE('',*,*,#4370,.F.);
#5826=ORIENTED_EDGE('',*,*,#4378,.T.);
#5827=ORIENTED_EDGE('',*,*,#4379,.F.);
#5828=ORIENTED_EDGE('',*,*,#4380,.F.);
#5829=ORIENTED_EDGE('',*,*,#4372,.F.);
#5830=ORIENTED_EDGE('',*,*,#4377,.T.);
#5831=ORIENTED_EDGE('',*,*,#4381,.F.);
#5832=ORIENTED_EDGE('',*,*,#4382,.F.);
#5833=ORIENTED_EDGE('',*,*,#4374,.F.);
#5834=ORIENTED_EDGE('',*,*,#4380,.T.);
#5835=ORIENTED_EDGE('',*,*,#4383,.F.);
#5836=ORIENTED_EDGE('',*,*,#4378,.F.);
#5837=ORIENTED_EDGE('',*,*,#4375,.F.);
#5838=ORIENTED_EDGE('',*,*,#4382,.T.);
#5839=ORIENTED_EDGE('',*,*,#4384,.F.);
#5840=ORIENTED_EDGE('',*,*,#4385,.F.);
#5841=ORIENTED_EDGE('',*,*,#4386,.T.);
#5842=ORIENTED_EDGE('',*,*,#4387,.T.);
#5843=ORIENTED_EDGE('',*,*,#4388,.T.);
#5844=ORIENTED_EDGE('',*,*,#4389,.F.);
#5845=ORIENTED_EDGE('',*,*,#4390,.F.);
#5846=ORIENTED_EDGE('',*,*,#4391,.T.);
#5847=ORIENTED_EDGE('',*,*,#4392,.F.);
#5848=ORIENTED_EDGE('',*,*,#4387,.F.);
#5849=ORIENTED_EDGE('',*,*,#4393,.T.);
#5850=ORIENTED_EDGE('',*,*,#4389,.T.);
#5851=ORIENTED_EDGE('',*,*,#4394,.F.);
#5852=ORIENTED_EDGE('',*,*,#4395,.F.);
#5853=ORIENTED_EDGE('',*,*,#4396,.T.);
#5854=ORIENTED_EDGE('',*,*,#4397,.T.);
#5855=ORIENTED_EDGE('',*,*,#4398,.T.);
#5856=ORIENTED_EDGE('',*,*,#4399,.F.);
#5857=ORIENTED_EDGE('',*,*,#4400,.F.);
#5858=ORIENTED_EDGE('',*,*,#4401,.T.);
#5859=ORIENTED_EDGE('',*,*,#4402,.F.);
#5860=ORIENTED_EDGE('',*,*,#4397,.F.);
#5861=ORIENTED_EDGE('',*,*,#4403,.T.);
#5862=ORIENTED_EDGE('',*,*,#4399,.T.);
#5863=ORIENTED_EDGE('',*,*,#4404,.F.);
#5864=ORIENTED_EDGE('',*,*,#4405,.F.);
#5865=ORIENTED_EDGE('',*,*,#4406,.T.);
#5866=ORIENTED_EDGE('',*,*,#4407,.T.);
#5867=ORIENTED_EDGE('',*,*,#4408,.T.);
#5868=ORIENTED_EDGE('',*,*,#4409,.F.);
#5869=ORIENTED_EDGE('',*,*,#4410,.F.);
#5870=ORIENTED_EDGE('',*,*,#4411,.T.);
#5871=ORIENTED_EDGE('',*,*,#4412,.F.);
#5872=ORIENTED_EDGE('',*,*,#4407,.F.);
#5873=ORIENTED_EDGE('',*,*,#4413,.T.);
#5874=ORIENTED_EDGE('',*,*,#4409,.T.);
#5875=ORIENTED_EDGE('',*,*,#4414,.F.);
#5876=ORIENTED_EDGE('',*,*,#4415,.F.);
#5877=ORIENTED_EDGE('',*,*,#4416,.T.);
#5878=ORIENTED_EDGE('',*,*,#4417,.T.);
#5879=ORIENTED_EDGE('',*,*,#4418,.T.);
#5880=ORIENTED_EDGE('',*,*,#4419,.F.);
#5881=ORIENTED_EDGE('',*,*,#4420,.F.);
#5882=ORIENTED_EDGE('',*,*,#4421,.T.);
#5883=ORIENTED_EDGE('',*,*,#4422,.F.);
#5884=ORIENTED_EDGE('',*,*,#4417,.F.);
#5885=ORIENTED_EDGE('',*,*,#4423,.T.);
#5886=ORIENTED_EDGE('',*,*,#4419,.T.);
#5887=ORIENTED_EDGE('',*,*,#4424,.F.);
#5888=ORIENTED_EDGE('',*,*,#4425,.F.);
#5889=ORIENTED_EDGE('',*,*,#4426,.T.);
#5890=ORIENTED_EDGE('',*,*,#4427,.T.);
#5891=ORIENTED_EDGE('',*,*,#4428,.T.);
#5892=ORIENTED_EDGE('',*,*,#4429,.F.);
#5893=ORIENTED_EDGE('',*,*,#4430,.F.);
#5894=ORIENTED_EDGE('',*,*,#4431,.T.);
#5895=ORIENTED_EDGE('',*,*,#4432,.F.);
#5896=ORIENTED_EDGE('',*,*,#4427,.F.);
#5897=ORIENTED_EDGE('',*,*,#4433,.T.);
#5898=ORIENTED_EDGE('',*,*,#4429,.T.);
#5899=ORIENTED_EDGE('',*,*,#4434,.T.);
#5900=ORIENTED_EDGE('',*,*,#4435,.F.);
#5901=ORIENTED_EDGE('',*,*,#4436,.T.);
#5902=ORIENTED_EDGE('',*,*,#4437,.F.);
#5903=ORIENTED_EDGE('',*,*,#4438,.T.);
#5904=ORIENTED_EDGE('',*,*,#4439,.F.);
#5905=ORIENTED_EDGE('',*,*,#4436,.F.);
#5906=ORIENTED_EDGE('',*,*,#4440,.F.);
#5907=ORIENTED_EDGE('',*,*,#4441,.T.);
#5908=ORIENTED_EDGE('',*,*,#4442,.F.);
#5909=ORIENTED_EDGE('',*,*,#4434,.F.);
#5910=ORIENTED_EDGE('',*,*,#4443,.F.);
#5911=ORIENTED_EDGE('',*,*,#4438,.F.);
#5912=ORIENTED_EDGE('',*,*,#4444,.F.);
#5913=ORIENTED_EDGE('',*,*,#4441,.F.);
#5914=ORIENTED_EDGE('',*,*,#4445,.F.);
#5915=ORIENTED_EDGE('',*,*,#4446,.T.);
#5916=ORIENTED_EDGE('',*,*,#4447,.F.);
#5917=ORIENTED_EDGE('',*,*,#4448,.T.);
#5918=ORIENTED_EDGE('',*,*,#4449,.F.);
#5919=ORIENTED_EDGE('',*,*,#4450,.T.);
#5920=ORIENTED_EDGE('',*,*,#4451,.F.);
#5921=ORIENTED_EDGE('',*,*,#4448,.F.);
#5922=ORIENTED_EDGE('',*,*,#4452,.F.);
#5923=ORIENTED_EDGE('',*,*,#4453,.T.);
#5924=ORIENTED_EDGE('',*,*,#4454,.F.);
#5925=ORIENTED_EDGE('',*,*,#4446,.F.);
#5926=ORIENTED_EDGE('',*,*,#4455,.F.);
#5927=ORIENTED_EDGE('',*,*,#4450,.F.);
#5928=ORIENTED_EDGE('',*,*,#4456,.F.);
#5929=ORIENTED_EDGE('',*,*,#4453,.F.);
#5930=ORIENTED_EDGE('',*,*,#4457,.F.);
#5931=ORIENTED_EDGE('',*,*,#4452,.T.);
#5932=ORIENTED_EDGE('',*,*,#4447,.T.);
#5933=ORIENTED_EDGE('',*,*,#4454,.T.);
#5934=ORIENTED_EDGE('',*,*,#4456,.T.);
#5935=ORIENTED_EDGE('',*,*,#4458,.T.);
#5936=ORIENTED_EDGE('',*,*,#4457,.T.);
#5937=ORIENTED_EDGE('',*,*,#4459,.F.);
#5938=ORIENTED_EDGE('',*,*,#4460,.F.);
#5939=ORIENTED_EDGE('',*,*,#4461,.T.);
#5940=ORIENTED_EDGE('',*,*,#4451,.T.);
#5941=ORIENTED_EDGE('',*,*,#4458,.F.);
#5942=ORIENTED_EDGE('',*,*,#4462,.F.);
#5943=ORIENTED_EDGE('',*,*,#4463,.T.);
#5944=ORIENTED_EDGE('',*,*,#4449,.T.);
#5945=ORIENTED_EDGE('',*,*,#4461,.F.);
#5946=ORIENTED_EDGE('',*,*,#4464,.F.);
#5947=ORIENTED_EDGE('',*,*,#4459,.T.);
#5948=ORIENTED_EDGE('',*,*,#4455,.T.);
#5949=ORIENTED_EDGE('',*,*,#4463,.F.);
#5950=ORIENTED_EDGE('',*,*,#4465,.F.);
#5951=ORIENTED_EDGE('',*,*,#4443,.T.);
#5952=ORIENTED_EDGE('',*,*,#4437,.T.);
#5953=ORIENTED_EDGE('',*,*,#4439,.T.);
#5954=ORIENTED_EDGE('',*,*,#4445,.T.);
#5955=ORIENTED_EDGE('',*,*,#4142,.F.);
#5956=ORIENTED_EDGE('',*,*,#4466,.F.);
#5957=ORIENTED_EDGE('',*,*,#4440,.T.);
#5958=ORIENTED_EDGE('',*,*,#4467,.T.);
#5959=ORIENTED_EDGE('',*,*,#4468,.T.);
#5960=ORIENTED_EDGE('',*,*,#4469,.F.);
#5961=ORIENTED_EDGE('',*,*,#4444,.T.);
#5962=ORIENTED_EDGE('',*,*,#4466,.T.);
#5963=ORIENTED_EDGE('',*,*,#4470,.T.);
#5964=ORIENTED_EDGE('',*,*,#4471,.F.);
#5965=ORIENTED_EDGE('',*,*,#4442,.T.);
#5966=ORIENTED_EDGE('',*,*,#4469,.T.);
#5967=ORIENTED_EDGE('',*,*,#4472,.T.);
#5968=ORIENTED_EDGE('',*,*,#4467,.F.);
#5969=ORIENTED_EDGE('',*,*,#4435,.T.);
#5970=ORIENTED_EDGE('',*,*,#4471,.T.);
#5971=ORIENTED_EDGE('',*,*,#4473,.T.);
#5972=ORIENTED_EDGE('',*,*,#4474,.F.);
#5973=ORIENTED_EDGE('',*,*,#4475,.F.);
#5974=ORIENTED_EDGE('',*,*,#4468,.F.);
#5975=ORIENTED_EDGE('',*,*,#4476,.T.);
#5976=ORIENTED_EDGE('',*,*,#4477,.F.);
#5977=ORIENTED_EDGE('',*,*,#4478,.F.);
#5978=ORIENTED_EDGE('',*,*,#4470,.F.);
#5979=ORIENTED_EDGE('',*,*,#4475,.T.);
#5980=ORIENTED_EDGE('',*,*,#4479,.F.);
#5981=ORIENTED_EDGE('',*,*,#4480,.F.);
#5982=ORIENTED_EDGE('',*,*,#4472,.F.);
#5983=ORIENTED_EDGE('',*,*,#4478,.T.);
#5984=ORIENTED_EDGE('',*,*,#4481,.F.);
#5985=ORIENTED_EDGE('',*,*,#4476,.F.);
#5986=ORIENTED_EDGE('',*,*,#4473,.F.);
#5987=ORIENTED_EDGE('',*,*,#4480,.T.);
#5988=ORIENTED_EDGE('',*,*,#4482,.T.);
#5989=ORIENTED_EDGE('',*,*,#4483,.T.);
#5990=ORIENTED_EDGE('',*,*,#4484,.T.);
#5991=ORIENTED_EDGE('',*,*,#4485,.T.);
#5992=ORIENTED_EDGE('',*,*,#4486,.T.);
#5993=ORIENTED_EDGE('',*,*,#4487,.F.);
#5994=ORIENTED_EDGE('',*,*,#4484,.F.);
#5995=ORIENTED_EDGE('',*,*,#4488,.T.);
#5996=ORIENTED_EDGE('',*,*,#4489,.T.);
#5997=ORIENTED_EDGE('',*,*,#4488,.F.);
#5998=ORIENTED_EDGE('',*,*,#4483,.F.);
#5999=ORIENTED_EDGE('',*,*,#4490,.T.);
#6000=ORIENTED_EDGE('',*,*,#4491,.F.);
#6001=ORIENTED_EDGE('',*,*,#4492,.F.);
#6002=ORIENTED_EDGE('',*,*,#4493,.F.);
#6003=ORIENTED_EDGE('',*,*,#4494,.F.);
#6004=ORIENTED_EDGE('',*,*,#4495,.F.);
#6005=ORIENTED_EDGE('',*,*,#4496,.F.);
#6006=ORIENTED_EDGE('',*,*,#4494,.T.);
#6007=ORIENTED_EDGE('',*,*,#4497,.T.);
#6008=ORIENTED_EDGE('',*,*,#4498,.F.);
#6009=ORIENTED_EDGE('',*,*,#4497,.F.);
#6010=ORIENTED_EDGE('',*,*,#4493,.T.);
#6011=ORIENTED_EDGE('',*,*,#4499,.T.);
#6012=ORIENTED_EDGE('',*,*,#4500,.F.);
#6013=ORIENTED_EDGE('',*,*,#4501,.F.);
#6014=ORIENTED_EDGE('',*,*,#4502,.F.);
#6015=ORIENTED_EDGE('',*,*,#4503,.F.);
#6016=ORIENTED_EDGE('',*,*,#4504,.F.);
#6017=ORIENTED_EDGE('',*,*,#4505,.F.);
#6018=ORIENTED_EDGE('',*,*,#4506,.F.);
#6019=ORIENTED_EDGE('',*,*,#4507,.F.);
#6020=ORIENTED_EDGE('',*,*,#4508,.F.);
#6021=ORIENTED_EDGE('',*,*,#4509,.F.);
#6022=ORIENTED_EDGE('',*,*,#4510,.F.);
#6023=ORIENTED_EDGE('',*,*,#4511,.F.);
#6024=ORIENTED_EDGE('',*,*,#4512,.F.);
#6025=ORIENTED_EDGE('',*,*,#4513,.F.);
#6026=ORIENTED_EDGE('',*,*,#4514,.F.);
#6027=ORIENTED_EDGE('',*,*,#4515,.F.);
#6028=ORIENTED_EDGE('',*,*,#4516,.T.);
#6029=ORIENTED_EDGE('',*,*,#4503,.T.);
#6030=ORIENTED_EDGE('',*,*,#4517,.T.);
#6031=ORIENTED_EDGE('',*,*,#4518,.T.);
#6032=ORIENTED_EDGE('',*,*,#4519,.F.);
#6033=ORIENTED_EDGE('',*,*,#4501,.T.);
#6034=ORIENTED_EDGE('',*,*,#4520,.T.);
#6035=ORIENTED_EDGE('',*,*,#4521,.T.);
#6036=ORIENTED_EDGE('',*,*,#4520,.F.);
#6037=ORIENTED_EDGE('',*,*,#4500,.T.);
#6038=ORIENTED_EDGE('',*,*,#4516,.F.);
#6039=ORIENTED_EDGE('',*,*,#4522,.T.);
#6040=ORIENTED_EDGE('',*,*,#4523,.T.);
#6041=ORIENTED_EDGE('',*,*,#4517,.F.);
#6042=ORIENTED_EDGE('',*,*,#4502,.T.);
#6043=ORIENTED_EDGE('',*,*,#4519,.T.);
#6044=ORIENTED_EDGE('',*,*,#4524,.T.);
#6045=ORIENTED_EDGE('',*,*,#4525,.F.);
#6046=ORIENTED_EDGE('',*,*,#4526,.T.);
#6047=ORIENTED_EDGE('',*,*,#4507,.T.);
#6048=ORIENTED_EDGE('',*,*,#4527,.T.);
#6049=ORIENTED_EDGE('',*,*,#4528,.T.);
#6050=ORIENTED_EDGE('',*,*,#4529,.F.);
#6051=ORIENTED_EDGE('',*,*,#4505,.T.);
#6052=ORIENTED_EDGE('',*,*,#4530,.T.);
#6053=ORIENTED_EDGE('',*,*,#4531,.T.);
#6054=ORIENTED_EDGE('',*,*,#4530,.F.);
#6055=ORIENTED_EDGE('',*,*,#4504,.T.);
#6056=ORIENTED_EDGE('',*,*,#4526,.F.);
#6057=ORIENTED_EDGE('',*,*,#4532,.T.);
#6058=ORIENTED_EDGE('',*,*,#4533,.T.);
#6059=ORIENTED_EDGE('',*,*,#4527,.F.);
#6060=ORIENTED_EDGE('',*,*,#4506,.T.);
#6061=ORIENTED_EDGE('',*,*,#4529,.T.);
#6062=ORIENTED_EDGE('',*,*,#4534,.T.);
#6063=ORIENTED_EDGE('',*,*,#4535,.F.);
#6064=ORIENTED_EDGE('',*,*,#4536,.T.);
#6065=ORIENTED_EDGE('',*,*,#4511,.T.);
#6066=ORIENTED_EDGE('',*,*,#4537,.T.);
#6067=ORIENTED_EDGE('',*,*,#4538,.T.);
#6068=ORIENTED_EDGE('',*,*,#4539,.F.);
#6069=ORIENTED_EDGE('',*,*,#4509,.T.);
#6070=ORIENTED_EDGE('',*,*,#4540,.T.);
#6071=ORIENTED_EDGE('',*,*,#4541,.T.);
#6072=ORIENTED_EDGE('',*,*,#4540,.F.);
#6073=ORIENTED_EDGE('',*,*,#4508,.T.);
#6074=ORIENTED_EDGE('',*,*,#4536,.F.);
#6075=ORIENTED_EDGE('',*,*,#4542,.T.);
#6076=ORIENTED_EDGE('',*,*,#4543,.T.);
#6077=ORIENTED_EDGE('',*,*,#4537,.F.);
#6078=ORIENTED_EDGE('',*,*,#4510,.T.);
#6079=ORIENTED_EDGE('',*,*,#4539,.T.);
#6080=ORIENTED_EDGE('',*,*,#4544,.T.);
#6081=ORIENTED_EDGE('',*,*,#4545,.F.);
#6082=ORIENTED_EDGE('',*,*,#4546,.T.);
#6083=ORIENTED_EDGE('',*,*,#4515,.T.);
#6084=ORIENTED_EDGE('',*,*,#4547,.T.);
#6085=ORIENTED_EDGE('',*,*,#4548,.T.);
#6086=ORIENTED_EDGE('',*,*,#4549,.F.);
#6087=ORIENTED_EDGE('',*,*,#4513,.T.);
#6088=ORIENTED_EDGE('',*,*,#4550,.T.);
#6089=ORIENTED_EDGE('',*,*,#4551,.T.);
#6090=ORIENTED_EDGE('',*,*,#4550,.F.);
#6091=ORIENTED_EDGE('',*,*,#4512,.T.);
#6092=ORIENTED_EDGE('',*,*,#4546,.F.);
#6093=ORIENTED_EDGE('',*,*,#4552,.T.);
#6094=ORIENTED_EDGE('',*,*,#4553,.T.);
#6095=ORIENTED_EDGE('',*,*,#4547,.F.);
#6096=ORIENTED_EDGE('',*,*,#4514,.T.);
#6097=ORIENTED_EDGE('',*,*,#4549,.T.);
#6098=ORIENTED_EDGE('',*,*,#4554,.T.);
#6099=ORIENTED_EDGE('',*,*,#4555,.F.);
#6100=ORIENTED_EDGE('',*,*,#4556,.F.);
#6101=ORIENTED_EDGE('',*,*,#4557,.F.);
#6102=ORIENTED_EDGE('',*,*,#4558,.F.);
#6103=ORIENTED_EDGE('',*,*,#4559,.F.);
#6104=ORIENTED_EDGE('',*,*,#4560,.T.);
#6105=ORIENTED_EDGE('',*,*,#4559,.T.);
#6106=ORIENTED_EDGE('',*,*,#4561,.T.);
#6107=ORIENTED_EDGE('',*,*,#4562,.T.);
#6108=ORIENTED_EDGE('',*,*,#4563,.F.);
#6109=ORIENTED_EDGE('',*,*,#4557,.T.);
#6110=ORIENTED_EDGE('',*,*,#4564,.T.);
#6111=ORIENTED_EDGE('',*,*,#4565,.T.);
#6112=ORIENTED_EDGE('',*,*,#4564,.F.);
#6113=ORIENTED_EDGE('',*,*,#4556,.T.);
#6114=ORIENTED_EDGE('',*,*,#4560,.F.);
#6115=ORIENTED_EDGE('',*,*,#4566,.T.);
#6116=ORIENTED_EDGE('',*,*,#4567,.T.);
#6117=ORIENTED_EDGE('',*,*,#4561,.F.);
#6118=ORIENTED_EDGE('',*,*,#4558,.T.);
#6119=ORIENTED_EDGE('',*,*,#4563,.T.);
#6120=ORIENTED_EDGE('',*,*,#4568,.T.);
#6121=ORIENTED_EDGE('',*,*,#4569,.F.);
#6122=ORIENTED_EDGE('',*,*,#4570,.F.);
#6123=ORIENTED_EDGE('',*,*,#4571,.T.);
#6124=ORIENTED_EDGE('',*,*,#4572,.F.);
#6125=ORIENTED_EDGE('',*,*,#4573,.F.);
#6126=ORIENTED_EDGE('',*,*,#4574,.T.);
#6127=ORIENTED_EDGE('',*,*,#4575,.T.);
#6128=ORIENTED_EDGE('',*,*,#4576,.F.);
#6129=ORIENTED_EDGE('',*,*,#4577,.F.);
#6130=ORIENTED_EDGE('',*,*,#4578,.F.);
#6131=ORIENTED_EDGE('',*,*,#4577,.T.);
#6132=ORIENTED_EDGE('',*,*,#4579,.F.);
#6133=ORIENTED_EDGE('',*,*,#4580,.F.);
#6134=ORIENTED_EDGE('',*,*,#4581,.F.);
#6135=ORIENTED_EDGE('',*,*,#4580,.T.);
#6136=ORIENTED_EDGE('',*,*,#4582,.F.);
#6137=ORIENTED_EDGE('',*,*,#4583,.F.);
#6138=ORIENTED_EDGE('',*,*,#4584,.T.);
#6139=ORIENTED_EDGE('',*,*,#4585,.F.);
#6140=ORIENTED_EDGE('',*,*,#4586,.T.);
#6141=ORIENTED_EDGE('',*,*,#4587,.F.);
#6142=ORIENTED_EDGE('',*,*,#4588,.T.);
#6143=ORIENTED_EDGE('',*,*,#4589,.T.);
#6144=ORIENTED_EDGE('',*,*,#4590,.F.);
#6145=ORIENTED_EDGE('',*,*,#4591,.T.);
#6146=ORIENTED_EDGE('',*,*,#4592,.T.);
#6147=ORIENTED_EDGE('',*,*,#4593,.T.);
#6148=ORIENTED_EDGE('',*,*,#4594,.F.);
#6149=ORIENTED_EDGE('',*,*,#4595,.F.);
#6150=ORIENTED_EDGE('',*,*,#4596,.T.);
#6151=ORIENTED_EDGE('',*,*,#4590,.T.);
#6152=ORIENTED_EDGE('',*,*,#4597,.T.);
#6153=ORIENTED_EDGE('',*,*,#4592,.F.);
#6154=ORIENTED_EDGE('',*,*,#4598,.T.);
#6155=ORIENTED_EDGE('',*,*,#4599,.T.);
#6156=ORIENTED_EDGE('',*,*,#4600,.T.);
#6157=ORIENTED_EDGE('',*,*,#4601,.F.);
#6158=ORIENTED_EDGE('',*,*,#4602,.T.);
#6159=ORIENTED_EDGE('',*,*,#4601,.T.);
#6160=ORIENTED_EDGE('',*,*,#4603,.T.);
#6161=ORIENTED_EDGE('',*,*,#4604,.F.);
#6162=ORIENTED_EDGE('',*,*,#4605,.F.);
#6163=ORIENTED_EDGE('',*,*,#4606,.T.);
#6164=ORIENTED_EDGE('',*,*,#4607,.F.);
#6165=ORIENTED_EDGE('',*,*,#4608,.T.);
#6166=ORIENTED_EDGE('',*,*,#4609,.T.);
#6167=ORIENTED_EDGE('',*,*,#4599,.F.);
#6168=ORIENTED_EDGE('',*,*,#4610,.F.);
#6169=ORIENTED_EDGE('',*,*,#4611,.F.);
#6170=ORIENTED_EDGE('',*,*,#4612,.T.);
#6171=ORIENTED_EDGE('',*,*,#4613,.T.);
#6172=ORIENTED_EDGE('',*,*,#4614,.T.);
#6173=ORIENTED_EDGE('',*,*,#4615,.F.);
#6174=ORIENTED_EDGE('',*,*,#4616,.F.);
#6175=ORIENTED_EDGE('',*,*,#4617,.T.);
#6176=ORIENTED_EDGE('',*,*,#4618,.F.);
#6177=ORIENTED_EDGE('',*,*,#4613,.F.);
#6178=ORIENTED_EDGE('',*,*,#4619,.T.);
#6179=ORIENTED_EDGE('',*,*,#4615,.T.);
#6180=ORIENTED_EDGE('',*,*,#4620,.F.);
#6181=ORIENTED_EDGE('',*,*,#4621,.F.);
#6182=ORIENTED_EDGE('',*,*,#4622,.F.);
#6183=ORIENTED_EDGE('',*,*,#4623,.T.);
#6184=ORIENTED_EDGE('',*,*,#4624,.T.);
#6185=ORIENTED_EDGE('',*,*,#4622,.T.);
#6186=ORIENTED_EDGE('',*,*,#4625,.T.);
#6187=ORIENTED_EDGE('',*,*,#4626,.T.);
#6188=ORIENTED_EDGE('',*,*,#4627,.F.);
#6189=ORIENTED_EDGE('',*,*,#4628,.T.);
#6190=ORIENTED_EDGE('',*,*,#4627,.T.);
#6191=ORIENTED_EDGE('',*,*,#4629,.T.);
#6192=ORIENTED_EDGE('',*,*,#4630,.F.);
#6193=ORIENTED_EDGE('',*,*,#4620,.T.);
#6194=ORIENTED_EDGE('',*,*,#4631,.T.);
#6195=ORIENTED_EDGE('',*,*,#4630,.T.);
#6196=ORIENTED_EDGE('',*,*,#4632,.T.);
#6197=ORIENTED_EDGE('',*,*,#4633,.F.);
#6198=ORIENTED_EDGE('',*,*,#4634,.F.);
#6199=ORIENTED_EDGE('',*,*,#4635,.F.);
#6200=ORIENTED_EDGE('',*,*,#4636,.F.);
#6201=ORIENTED_EDGE('',*,*,#4637,.T.);
#6202=ORIENTED_EDGE('',*,*,#4638,.T.);
#6203=ORIENTED_EDGE('',*,*,#4639,.T.);
#6204=ORIENTED_EDGE('',*,*,#4640,.T.);
#6205=ORIENTED_EDGE('',*,*,#4641,.F.);
#6206=ORIENTED_EDGE('',*,*,#4634,.T.);
#6207=ORIENTED_EDGE('',*,*,#4642,.T.);
#6208=ORIENTED_EDGE('',*,*,#4641,.T.);
#6209=ORIENTED_EDGE('',*,*,#4643,.T.);
#6210=ORIENTED_EDGE('',*,*,#4644,.F.);
#6211=ORIENTED_EDGE('',*,*,#4645,.T.);
#6212=ORIENTED_EDGE('',*,*,#4636,.T.);
#6213=ORIENTED_EDGE('',*,*,#4646,.T.);
#6214=ORIENTED_EDGE('',*,*,#4647,.T.);
#6215=ORIENTED_EDGE('',*,*,#4639,.F.);
#6216=ORIENTED_EDGE('',*,*,#4605,.T.);
#6217=ORIENTED_EDGE('',*,*,#4648,.F.);
#6218=ORIENTED_EDGE('',*,*,#4649,.T.);
#6219=ORIENTED_EDGE('',*,*,#4650,.F.);
#6220=ORIENTED_EDGE('',*,*,#4587,.T.);
#6221=ORIENTED_EDGE('',*,*,#4651,.F.);
#6222=ORIENTED_EDGE('',*,*,#4652,.T.);
#6223=ORIENTED_EDGE('',*,*,#4653,.F.);
#6224=ORIENTED_EDGE('',*,*,#4654,.F.);
#6225=ORIENTED_EDGE('',*,*,#4655,.F.);
#6226=ORIENTED_EDGE('',*,*,#4652,.F.);
#6227=ORIENTED_EDGE('',*,*,#4656,.F.);
#6228=ORIENTED_EDGE('',*,*,#4657,.T.);
#6229=ORIENTED_EDGE('',*,*,#4570,.T.);
#6230=ORIENTED_EDGE('',*,*,#4658,.F.);
#6231=ORIENTED_EDGE('',*,*,#4659,.T.);
#6232=ORIENTED_EDGE('',*,*,#4651,.T.);
#6233=ORIENTED_EDGE('',*,*,#4586,.F.);
#6234=ORIENTED_EDGE('',*,*,#4596,.F.);
#6235=ORIENTED_EDGE('',*,*,#4591,.F.);
#6236=ORIENTED_EDGE('',*,*,#4660,.T.);
#6237=ORIENTED_EDGE('',*,*,#4661,.F.);
#6238=ORIENTED_EDGE('',*,*,#4662,.T.);
#6239=ORIENTED_EDGE('',*,*,#4606,.F.);
#6240=ORIENTED_EDGE('',*,*,#4598,.F.);
#6241=ORIENTED_EDGE('',*,*,#4602,.F.);
#6242=ORIENTED_EDGE('',*,*,#4650,.T.);
#6243=ORIENTED_EDGE('',*,*,#4663,.F.);
#6244=ORIENTED_EDGE('',*,*,#4664,.T.);
#6245=ORIENTED_EDGE('',*,*,#4645,.F.);
#6246=ORIENTED_EDGE('',*,*,#4638,.F.);
#6247=ORIENTED_EDGE('',*,*,#4642,.F.);
#6248=ORIENTED_EDGE('',*,*,#4665,.T.);
#6249=ORIENTED_EDGE('',*,*,#4624,.F.);
#6250=ORIENTED_EDGE('',*,*,#4628,.F.);
#6251=ORIENTED_EDGE('',*,*,#4631,.F.);
#6252=ORIENTED_EDGE('',*,*,#4666,.T.);
#6253=ORIENTED_EDGE('',*,*,#4661,.T.);
#6254=ORIENTED_EDGE('',*,*,#4600,.F.);
#6255=ORIENTED_EDGE('',*,*,#4609,.F.);
#6256=ORIENTED_EDGE('',*,*,#4667,.F.);
#6257=ORIENTED_EDGE('',*,*,#4668,.T.);
#6258=ORIENTED_EDGE('',*,*,#4669,.T.);
#6259=ORIENTED_EDGE('',*,*,#4632,.F.);
#6260=ORIENTED_EDGE('',*,*,#4629,.F.);
#6261=ORIENTED_EDGE('',*,*,#4626,.F.);
#6262=ORIENTED_EDGE('',*,*,#4670,.T.);
#6263=ORIENTED_EDGE('',*,*,#4643,.F.);
#6264=ORIENTED_EDGE('',*,*,#4640,.F.);
#6265=ORIENTED_EDGE('',*,*,#4647,.F.);
#6266=ORIENTED_EDGE('',*,*,#4671,.T.);
#6267=ORIENTED_EDGE('',*,*,#4672,.F.);
#6268=ORIENTED_EDGE('',*,*,#4673,.F.);
#6269=ORIENTED_EDGE('',*,*,#4603,.F.);
#6270=ORIENTED_EDGE('',*,*,#4674,.F.);
#6271=ORIENTED_EDGE('',*,*,#4593,.F.);
#6272=ORIENTED_EDGE('',*,*,#4597,.F.);
#6273=ORIENTED_EDGE('',*,*,#4589,.F.);
#6274=ORIENTED_EDGE('',*,*,#4675,.F.);
#6275=ORIENTED_EDGE('',*,*,#4676,.T.);
#6276=ORIENTED_EDGE('',*,*,#4495,.T.);
#6277=ORIENTED_EDGE('',*,*,#4498,.T.);
#6278=ORIENTED_EDGE('',*,*,#4677,.T.);
#6279=ORIENTED_EDGE('',*,*,#4668,.F.);
#6280=ORIENTED_EDGE('',*,*,#4678,.T.);
#6281=ORIENTED_EDGE('',*,*,#4391,.F.);
#6282=ORIENTED_EDGE('',*,*,#4679,.F.);
#6283=ORIENTED_EDGE('',*,*,#4385,.T.);
#6284=ORIENTED_EDGE('',*,*,#4680,.T.);
#6285=ORIENTED_EDGE('',*,*,#4617,.F.);
#6286=ORIENTED_EDGE('',*,*,#4681,.F.);
#6287=ORIENTED_EDGE('',*,*,#4611,.T.);
#6288=ORIENTED_EDGE('',*,*,#4682,.T.);
#6289=ORIENTED_EDGE('',*,*,#4491,.T.);
#6290=ORIENTED_EDGE('',*,*,#4496,.T.);
#6291=ORIENTED_EDGE('',*,*,#4676,.F.);
#6292=ORIENTED_EDGE('',*,*,#4683,.F.);
#6293=ORIENTED_EDGE('',*,*,#4684,.T.);
#6294=ORIENTED_EDGE('',*,*,#4490,.F.);
#6295=ORIENTED_EDGE('',*,*,#4482,.F.);
#6296=ORIENTED_EDGE('',*,*,#4685,.T.);
#6297=ORIENTED_EDGE('',*,*,#4431,.F.);
#6298=ORIENTED_EDGE('',*,*,#4686,.F.);
#6299=ORIENTED_EDGE('',*,*,#4425,.T.);
#6300=ORIENTED_EDGE('',*,*,#4687,.T.);
#6301=ORIENTED_EDGE('',*,*,#4421,.F.);
#6302=ORIENTED_EDGE('',*,*,#4688,.F.);
#6303=ORIENTED_EDGE('',*,*,#4415,.T.);
#6304=ORIENTED_EDGE('',*,*,#4689,.T.);
#6305=ORIENTED_EDGE('',*,*,#4411,.F.);
#6306=ORIENTED_EDGE('',*,*,#4690,.F.);
#6307=ORIENTED_EDGE('',*,*,#4405,.T.);
#6308=ORIENTED_EDGE('',*,*,#4691,.T.);
#6309=ORIENTED_EDGE('',*,*,#4401,.F.);
#6310=ORIENTED_EDGE('',*,*,#4692,.F.);
#6311=ORIENTED_EDGE('',*,*,#4395,.T.);
#6312=ORIENTED_EDGE('',*,*,#4607,.T.);
#6313=ORIENTED_EDGE('',*,*,#4662,.F.);
#6314=ORIENTED_EDGE('',*,*,#4693,.T.);
#6315=ORIENTED_EDGE('',*,*,#4694,.F.);
#6316=ORIENTED_EDGE('',*,*,#4595,.T.);
#6317=ORIENTED_EDGE('',*,*,#4695,.F.);
#6318=ORIENTED_EDGE('',*,*,#4693,.F.);
#6319=ORIENTED_EDGE('',*,*,#4660,.F.);
#6320=ORIENTED_EDGE('',*,*,#4594,.T.);
#6321=ORIENTED_EDGE('',*,*,#4674,.T.);
#6322=ORIENTED_EDGE('',*,*,#4667,.T.);
#6323=ORIENTED_EDGE('',*,*,#4608,.F.);
#6324=ORIENTED_EDGE('',*,*,#4694,.T.);
#6325=ORIENTED_EDGE('',*,*,#4695,.T.);
#6326=ORIENTED_EDGE('',*,*,#4696,.F.);
#6327=ORIENTED_EDGE('',*,*,#4574,.F.);
#6328=ORIENTED_EDGE('',*,*,#4697,.F.);
#6329=ORIENTED_EDGE('',*,*,#4649,.F.);
#6330=ORIENTED_EDGE('',*,*,#4698,.F.);
#6331=ORIENTED_EDGE('',*,*,#4584,.F.);
#6332=ORIENTED_EDGE('',*,*,#4699,.F.);
#6333=ORIENTED_EDGE('',*,*,#4654,.T.);
#6334=ORIENTED_EDGE('',*,*,#4700,.T.);
#6335=ORIENTED_EDGE('',*,*,#4572,.T.);
#6336=ORIENTED_EDGE('',*,*,#4701,.T.);
#6337=ORIENTED_EDGE('',*,*,#4663,.T.);
#6338=ORIENTED_EDGE('',*,*,#4697,.T.);
#6339=ORIENTED_EDGE('',*,*,#4578,.T.);
#6340=ORIENTED_EDGE('',*,*,#4581,.T.);
#6341=ORIENTED_EDGE('',*,*,#4585,.T.);
#6342=ORIENTED_EDGE('',*,*,#4698,.T.);
#6343=ORIENTED_EDGE('',*,*,#4702,.F.);
#6344=ORIENTED_EDGE('',*,*,#4703,.T.);
#6345=ORIENTED_EDGE('',*,*,#4575,.F.);
#6346=ORIENTED_EDGE('',*,*,#4696,.T.);
#6347=ORIENTED_EDGE('',*,*,#4648,.T.);
#6348=ORIENTED_EDGE('',*,*,#4604,.T.);
#6349=ORIENTED_EDGE('',*,*,#4673,.T.);
#6350=ORIENTED_EDGE('',*,*,#4699,.T.);
#6351=ORIENTED_EDGE('',*,*,#4583,.T.);
#6352=ORIENTED_EDGE('',*,*,#4704,.T.);
#6353=ORIENTED_EDGE('',*,*,#4683,.T.);
#6354=ORIENTED_EDGE('',*,*,#4675,.T.);
#6355=ORIENTED_EDGE('',*,*,#4588,.F.);
#6356=ORIENTED_EDGE('',*,*,#4653,.T.);
#6357=ORIENTED_EDGE('',*,*,#4655,.T.);
#6358=ORIENTED_EDGE('',*,*,#4582,.T.);
#6359=ORIENTED_EDGE('',*,*,#4579,.T.);
#6360=ORIENTED_EDGE('',*,*,#4576,.T.);
#6361=ORIENTED_EDGE('',*,*,#4703,.F.);
#6362=ORIENTED_EDGE('',*,*,#4672,.T.);
#6363=ORIENTED_EDGE('',*,*,#4705,.T.);
#6364=ORIENTED_EDGE('',*,*,#4486,.F.);
#6365=ORIENTED_EDGE('',*,*,#4489,.F.);
#6366=ORIENTED_EDGE('',*,*,#4684,.F.);
#6367=ORIENTED_EDGE('',*,*,#4704,.F.);
#6368=ORIENTED_EDGE('',*,*,#4518,.F.);
#6369=ORIENTED_EDGE('',*,*,#4525,.T.);
#6370=ORIENTED_EDGE('',*,*,#4706,.F.);
#6371=ORIENTED_EDGE('',*,*,#4532,.F.);
#6372=ORIENTED_EDGE('',*,*,#4528,.F.);
#6373=ORIENTED_EDGE('',*,*,#4535,.T.);
#6374=ORIENTED_EDGE('',*,*,#4707,.F.);
#6375=ORIENTED_EDGE('',*,*,#4542,.F.);
#6376=ORIENTED_EDGE('',*,*,#4538,.F.);
#6377=ORIENTED_EDGE('',*,*,#4545,.T.);
#6378=ORIENTED_EDGE('',*,*,#4708,.F.);
#6379=ORIENTED_EDGE('',*,*,#4552,.F.);
#6380=ORIENTED_EDGE('',*,*,#4548,.F.);
#6381=ORIENTED_EDGE('',*,*,#4555,.T.);
#6382=ORIENTED_EDGE('',*,*,#4709,.F.);
#6383=ORIENTED_EDGE('',*,*,#4566,.F.);
#6384=ORIENTED_EDGE('',*,*,#4562,.F.);
#6385=ORIENTED_EDGE('',*,*,#4569,.T.);
#6386=ORIENTED_EDGE('',*,*,#4710,.F.);
#6387=ORIENTED_EDGE('',*,*,#4658,.T.);
#6388=ORIENTED_EDGE('',*,*,#4573,.T.);
#6389=ORIENTED_EDGE('',*,*,#4700,.F.);
#6390=ORIENTED_EDGE('',*,*,#4711,.F.);
#6391=ORIENTED_EDGE('',*,*,#4522,.F.);
#6392=ORIENTED_EDGE('',*,*,#4524,.F.);
#6393=ORIENTED_EDGE('',*,*,#4521,.F.);
#6394=ORIENTED_EDGE('',*,*,#4523,.F.);
#6395=ORIENTED_EDGE('',*,*,#4711,.T.);
#6396=ORIENTED_EDGE('',*,*,#4702,.T.);
#6397=ORIENTED_EDGE('',*,*,#4656,.T.);
#6398=ORIENTED_EDGE('',*,*,#4659,.F.);
#6399=ORIENTED_EDGE('',*,*,#4710,.T.);
#6400=ORIENTED_EDGE('',*,*,#4568,.F.);
#6401=ORIENTED_EDGE('',*,*,#4565,.F.);
#6402=ORIENTED_EDGE('',*,*,#4567,.F.);
#6403=ORIENTED_EDGE('',*,*,#4709,.T.);
#6404=ORIENTED_EDGE('',*,*,#4554,.F.);
#6405=ORIENTED_EDGE('',*,*,#4551,.F.);
#6406=ORIENTED_EDGE('',*,*,#4553,.F.);
#6407=ORIENTED_EDGE('',*,*,#4708,.T.);
#6408=ORIENTED_EDGE('',*,*,#4544,.F.);
#6409=ORIENTED_EDGE('',*,*,#4541,.F.);
#6410=ORIENTED_EDGE('',*,*,#4543,.F.);
#6411=ORIENTED_EDGE('',*,*,#4707,.T.);
#6412=ORIENTED_EDGE('',*,*,#4534,.F.);
#6413=ORIENTED_EDGE('',*,*,#4531,.F.);
#6414=ORIENTED_EDGE('',*,*,#4533,.F.);
#6415=ORIENTED_EDGE('',*,*,#4706,.T.);
#6416=ORIENTED_EDGE('',*,*,#4392,.T.);
#6417=ORIENTED_EDGE('',*,*,#4388,.F.);
#6418=ORIENTED_EDGE('',*,*,#4678,.F.);
#6419=ORIENTED_EDGE('',*,*,#4394,.T.);
#6420=ORIENTED_EDGE('',*,*,#4402,.T.);
#6421=ORIENTED_EDGE('',*,*,#4398,.F.);
#6422=ORIENTED_EDGE('',*,*,#4691,.F.);
#6423=ORIENTED_EDGE('',*,*,#4404,.T.);
#6424=ORIENTED_EDGE('',*,*,#4412,.T.);
#6425=ORIENTED_EDGE('',*,*,#4408,.F.);
#6426=ORIENTED_EDGE('',*,*,#4689,.F.);
#6427=ORIENTED_EDGE('',*,*,#4414,.T.);
#6428=ORIENTED_EDGE('',*,*,#4422,.T.);
#6429=ORIENTED_EDGE('',*,*,#4418,.F.);
#6430=ORIENTED_EDGE('',*,*,#4687,.F.);
#6431=ORIENTED_EDGE('',*,*,#4424,.T.);
#6432=ORIENTED_EDGE('',*,*,#4432,.T.);
#6433=ORIENTED_EDGE('',*,*,#4428,.F.);
#6434=ORIENTED_EDGE('',*,*,#4685,.F.);
#6435=ORIENTED_EDGE('',*,*,#4485,.F.);
#6436=ORIENTED_EDGE('',*,*,#4487,.T.);
#6437=ORIENTED_EDGE('',*,*,#4705,.F.);
#6438=ORIENTED_EDGE('',*,*,#4671,.F.);
#6439=ORIENTED_EDGE('',*,*,#4646,.F.);
#6440=ORIENTED_EDGE('',*,*,#4635,.T.);
#6441=ORIENTED_EDGE('',*,*,#4644,.T.);
#6442=ORIENTED_EDGE('',*,*,#4670,.F.);
#6443=ORIENTED_EDGE('',*,*,#4625,.F.);
#6444=ORIENTED_EDGE('',*,*,#4621,.T.);
#6445=ORIENTED_EDGE('',*,*,#4633,.T.);
#6446=ORIENTED_EDGE('',*,*,#4669,.F.);
#6447=ORIENTED_EDGE('',*,*,#4677,.F.);
#6448=ORIENTED_EDGE('',*,*,#4499,.F.);
#6449=ORIENTED_EDGE('',*,*,#4492,.T.);
#6450=ORIENTED_EDGE('',*,*,#4682,.F.);
#6451=ORIENTED_EDGE('',*,*,#4610,.T.);
#6452=ORIENTED_EDGE('',*,*,#4618,.T.);
#6453=ORIENTED_EDGE('',*,*,#4614,.F.);
#6454=ORIENTED_EDGE('',*,*,#4680,.F.);
#6455=ORIENTED_EDGE('',*,*,#4384,.T.);
#6456=ORIENTED_EDGE('',*,*,#4619,.F.);
#6457=ORIENTED_EDGE('',*,*,#4612,.F.);
#6458=ORIENTED_EDGE('',*,*,#4681,.T.);
#6459=ORIENTED_EDGE('',*,*,#4616,.T.);
#6460=ORIENTED_EDGE('',*,*,#4477,.T.);
#6461=ORIENTED_EDGE('',*,*,#4474,.T.);
#6462=ORIENTED_EDGE('',*,*,#4481,.T.);
#6463=ORIENTED_EDGE('',*,*,#4479,.T.);
#6464=ORIENTED_EDGE('',*,*,#4393,.F.);
#6465=ORIENTED_EDGE('',*,*,#4386,.F.);
#6466=ORIENTED_EDGE('',*,*,#4679,.T.);
#6467=ORIENTED_EDGE('',*,*,#4390,.T.);
#6468=ORIENTED_EDGE('',*,*,#4379,.T.);
#6469=ORIENTED_EDGE('',*,*,#4376,.T.);
#6470=ORIENTED_EDGE('',*,*,#4383,.T.);
#6471=ORIENTED_EDGE('',*,*,#4381,.T.);
#6472=ORIENTED_EDGE('',*,*,#4403,.F.);
#6473=ORIENTED_EDGE('',*,*,#4396,.F.);
#6474=ORIENTED_EDGE('',*,*,#4692,.T.);
#6475=ORIENTED_EDGE('',*,*,#4400,.T.);
#6476=ORIENTED_EDGE('',*,*,#4355,.T.);
#6477=ORIENTED_EDGE('',*,*,#4352,.T.);
#6478=ORIENTED_EDGE('',*,*,#4359,.T.);
#6479=ORIENTED_EDGE('',*,*,#4357,.T.);
#6480=ORIENTED_EDGE('',*,*,#4413,.F.);
#6481=ORIENTED_EDGE('',*,*,#4406,.F.);
#6482=ORIENTED_EDGE('',*,*,#4690,.T.);
#6483=ORIENTED_EDGE('',*,*,#4410,.T.);
#6484=ORIENTED_EDGE('',*,*,#4331,.T.);
#6485=ORIENTED_EDGE('',*,*,#4328,.T.);
#6486=ORIENTED_EDGE('',*,*,#4335,.T.);
#6487=ORIENTED_EDGE('',*,*,#4333,.T.);
#6488=ORIENTED_EDGE('',*,*,#4423,.F.);
#6489=ORIENTED_EDGE('',*,*,#4416,.F.);
#6490=ORIENTED_EDGE('',*,*,#4688,.T.);
#6491=ORIENTED_EDGE('',*,*,#4420,.T.);
#6492=ORIENTED_EDGE('',*,*,#4307,.T.);
#6493=ORIENTED_EDGE('',*,*,#4304,.T.);
#6494=ORIENTED_EDGE('',*,*,#4311,.T.);
#6495=ORIENTED_EDGE('',*,*,#4309,.T.);
#6496=ORIENTED_EDGE('',*,*,#4433,.F.);
#6497=ORIENTED_EDGE('',*,*,#4426,.F.);
#6498=ORIENTED_EDGE('',*,*,#4686,.T.);
#6499=ORIENTED_EDGE('',*,*,#4430,.T.);
#6500=ORIENTED_EDGE('',*,*,#4283,.T.);
#6501=ORIENTED_EDGE('',*,*,#4280,.T.);
#6502=ORIENTED_EDGE('',*,*,#4287,.T.);
#6503=ORIENTED_EDGE('',*,*,#4285,.T.);
#6504=ORIENTED_EDGE('',*,*,#4571,.F.);
#6505=ORIENTED_EDGE('',*,*,#4657,.F.);
#6506=ORIENTED_EDGE('',*,*,#4666,.F.);
#6507=ORIENTED_EDGE('',*,*,#4623,.F.);
#6508=ORIENTED_EDGE('',*,*,#4665,.F.);
#6509=ORIENTED_EDGE('',*,*,#4637,.F.);
#6510=ORIENTED_EDGE('',*,*,#4664,.F.);
#6511=ORIENTED_EDGE('',*,*,#4701,.F.);
#6512=ORIENTED_EDGE('',*,*,#4266,.T.);
#6513=ORIENTED_EDGE('',*,*,#4271,.T.);
#6514=ORIENTED_EDGE('',*,*,#4270,.T.);
#6515=ORIENTED_EDGE('',*,*,#4268,.T.);
#6516=ORIENTED_EDGE('',*,*,#4290,.T.);
#6517=ORIENTED_EDGE('',*,*,#4295,.T.);
#6518=ORIENTED_EDGE('',*,*,#4294,.T.);
#6519=ORIENTED_EDGE('',*,*,#4292,.T.);
#6520=ORIENTED_EDGE('',*,*,#4314,.T.);
#6521=ORIENTED_EDGE('',*,*,#4319,.T.);
#6522=ORIENTED_EDGE('',*,*,#4318,.T.);
#6523=ORIENTED_EDGE('',*,*,#4316,.T.);
#6524=ORIENTED_EDGE('',*,*,#4338,.T.);
#6525=ORIENTED_EDGE('',*,*,#4343,.T.);
#6526=ORIENTED_EDGE('',*,*,#4342,.T.);
#6527=ORIENTED_EDGE('',*,*,#4340,.T.);
#6528=ORIENTED_EDGE('',*,*,#4362,.T.);
#6529=ORIENTED_EDGE('',*,*,#4367,.T.);
#6530=ORIENTED_EDGE('',*,*,#4366,.T.);
#6531=ORIENTED_EDGE('',*,*,#4364,.T.);
#6532=ORIENTED_EDGE('',*,*,#4460,.T.);
#6533=ORIENTED_EDGE('',*,*,#4465,.T.);
#6534=ORIENTED_EDGE('',*,*,#4464,.T.);
#6535=ORIENTED_EDGE('',*,*,#4462,.T.);
#6536=ORIENTED_EDGE('',*,*,#4712,.T.);
#6537=ORIENTED_EDGE('',*,*,#4713,.T.);
#6538=ORIENTED_EDGE('',*,*,#4714,.T.);
#6539=ORIENTED_EDGE('',*,*,#4715,.T.);
#6540=ORIENTED_EDGE('',*,*,#4714,.F.);
#6541=ORIENTED_EDGE('',*,*,#4716,.T.);
#6542=ORIENTED_EDGE('',*,*,#4717,.F.);
#6543=ORIENTED_EDGE('',*,*,#4718,.T.);
#6544=ORIENTED_EDGE('',*,*,#4719,.T.);
#6545=ORIENTED_EDGE('',*,*,#4720,.T.);
#6546=ORIENTED_EDGE('',*,*,#4721,.T.);
#6547=ORIENTED_EDGE('',*,*,#4717,.T.);
#6548=ORIENTED_EDGE('',*,*,#4722,.T.);
#6549=ORIENTED_EDGE('',*,*,#4720,.F.);
#6550=ORIENTED_EDGE('',*,*,#4723,.T.);
#6551=ORIENTED_EDGE('',*,*,#4712,.F.);
#6552=ORIENTED_EDGE('',*,*,#4724,.T.);
#6553=ORIENTED_EDGE('',*,*,#4724,.F.);
#6554=ORIENTED_EDGE('',*,*,#4718,.F.);
#6555=ORIENTED_EDGE('',*,*,#4723,.F.);
#6556=ORIENTED_EDGE('',*,*,#4721,.F.);
#6557=ORIENTED_EDGE('',*,*,#4722,.F.);
#6558=ORIENTED_EDGE('',*,*,#4716,.F.);
#6559=ORIENTED_EDGE('',*,*,#4713,.F.);
#6560=ORIENTED_EDGE('',*,*,#4715,.F.);
#6561=ORIENTED_EDGE('',*,*,#4725,.T.);
#6562=ORIENTED_EDGE('',*,*,#4719,.F.);
#6563=ORIENTED_EDGE('',*,*,#4725,.F.);
#6564=ORIENTED_EDGE('',*,*,#4726,.T.);
#6565=ORIENTED_EDGE('',*,*,#4727,.T.);
#6566=ORIENTED_EDGE('',*,*,#4728,.T.);
#6567=ORIENTED_EDGE('',*,*,#4729,.T.);
#6568=ORIENTED_EDGE('',*,*,#4730,.T.);
#6569=ORIENTED_EDGE('',*,*,#4731,.T.);
#6570=ORIENTED_EDGE('',*,*,#4732,.T.);
#6571=ORIENTED_EDGE('',*,*,#4733,.T.);
#6572=ORIENTED_EDGE('',*,*,#4734,.T.);
#6573=ORIENTED_EDGE('',*,*,#4735,.T.);
#6574=ORIENTED_EDGE('',*,*,#4736,.T.);
#6575=ORIENTED_EDGE('',*,*,#4737,.T.);
#6576=ORIENTED_EDGE('',*,*,#4738,.T.);
#6577=ORIENTED_EDGE('',*,*,#4739,.T.);
#6578=ORIENTED_EDGE('',*,*,#4740,.T.);
#6579=ORIENTED_EDGE('',*,*,#4741,.T.);
#6580=ORIENTED_EDGE('',*,*,#4742,.T.);
#6581=ORIENTED_EDGE('',*,*,#4743,.T.);
#6582=ORIENTED_EDGE('',*,*,#4744,.T.);
#6583=ORIENTED_EDGE('',*,*,#4745,.T.);
#6584=ORIENTED_EDGE('',*,*,#4746,.T.);
#6585=ORIENTED_EDGE('',*,*,#4744,.F.);
#6586=ORIENTED_EDGE('',*,*,#4747,.T.);
#6587=ORIENTED_EDGE('',*,*,#4748,.T.);
#6588=ORIENTED_EDGE('',*,*,#4749,.T.);
#6589=ORIENTED_EDGE('',*,*,#4750,.T.);
#6590=ORIENTED_EDGE('',*,*,#4751,.T.);
#6591=ORIENTED_EDGE('',*,*,#4745,.F.);
#6592=ORIENTED_EDGE('',*,*,#4746,.F.);
#6593=ORIENTED_EDGE('',*,*,#4751,.F.);
#6594=ORIENTED_EDGE('',*,*,#4750,.F.);
#6595=ORIENTED_EDGE('',*,*,#4752,.T.);
#6596=ORIENTED_EDGE('',*,*,#4752,.F.);
#6597=ORIENTED_EDGE('',*,*,#4753,.T.);
#6598=ORIENTED_EDGE('',*,*,#4754,.T.);
#6599=ORIENTED_EDGE('',*,*,#4753,.F.);
#6600=ORIENTED_EDGE('',*,*,#4754,.F.);
#6601=ORIENTED_EDGE('',*,*,#4755,.T.);
#6602=ORIENTED_EDGE('',*,*,#4756,.T.);
#6603=ORIENTED_EDGE('',*,*,#4757,.T.);
#6604=ORIENTED_EDGE('',*,*,#4755,.F.);
#6605=ORIENTED_EDGE('',*,*,#4758,.T.);
#6606=ORIENTED_EDGE('',*,*,#4759,.T.);
#6607=ORIENTED_EDGE('',*,*,#4760,.T.);
#6608=ORIENTED_EDGE('',*,*,#4756,.F.);
#6609=ORIENTED_EDGE('',*,*,#4757,.F.);
#6610=ORIENTED_EDGE('',*,*,#4760,.F.);
#6611=ORIENTED_EDGE('',*,*,#4758,.F.);
#6612=ORIENTED_EDGE('',*,*,#4759,.F.);
#6613=ORIENTED_EDGE('',*,*,#4761,.T.);
#6614=ORIENTED_EDGE('',*,*,#4762,.T.);
#6615=ORIENTED_EDGE('',*,*,#4761,.F.);
#6616=ORIENTED_EDGE('',*,*,#4762,.F.);
#6617=ORIENTED_EDGE('',*,*,#4763,.T.);
#6618=ORIENTED_EDGE('',*,*,#4764,.T.);
#6619=ORIENTED_EDGE('',*,*,#4763,.F.);
#6620=ORIENTED_EDGE('',*,*,#4764,.F.);
#6621=ORIENTED_EDGE('',*,*,#4765,.F.);
#6622=ORIENTED_EDGE('',*,*,#4766,.T.);
#6623=ORIENTED_EDGE('',*,*,#4767,.T.);
#6624=ORIENTED_EDGE('',*,*,#4727,.F.);
#6625=ORIENTED_EDGE('',*,*,#4767,.F.);
#6626=ORIENTED_EDGE('',*,*,#4768,.T.);
#6627=ORIENTED_EDGE('',*,*,#4769,.T.);
#6628=ORIENTED_EDGE('',*,*,#4728,.F.);
#6629=ORIENTED_EDGE('',*,*,#4769,.F.);
#6630=ORIENTED_EDGE('',*,*,#4770,.T.);
#6631=ORIENTED_EDGE('',*,*,#4771,.T.);
#6632=ORIENTED_EDGE('',*,*,#4729,.F.);
#6633=ORIENTED_EDGE('',*,*,#4771,.F.);
#6634=ORIENTED_EDGE('',*,*,#4772,.T.);
#6635=ORIENTED_EDGE('',*,*,#4773,.T.);
#6636=ORIENTED_EDGE('',*,*,#4730,.F.);
#6637=ORIENTED_EDGE('',*,*,#4773,.F.);
#6638=ORIENTED_EDGE('',*,*,#4774,.T.);
#6639=ORIENTED_EDGE('',*,*,#4775,.T.);
#6640=ORIENTED_EDGE('',*,*,#4731,.F.);
#6641=ORIENTED_EDGE('',*,*,#4775,.F.);
#6642=ORIENTED_EDGE('',*,*,#4776,.T.);
#6643=ORIENTED_EDGE('',*,*,#4777,.T.);
#6644=ORIENTED_EDGE('',*,*,#4732,.F.);
#6645=ORIENTED_EDGE('',*,*,#4777,.F.);
#6646=ORIENTED_EDGE('',*,*,#4778,.T.);
#6647=ORIENTED_EDGE('',*,*,#4779,.T.);
#6648=ORIENTED_EDGE('',*,*,#4733,.F.);
#6649=ORIENTED_EDGE('',*,*,#4779,.F.);
#6650=ORIENTED_EDGE('',*,*,#4780,.T.);
#6651=ORIENTED_EDGE('',*,*,#4781,.T.);
#6652=ORIENTED_EDGE('',*,*,#4734,.F.);
#6653=ORIENTED_EDGE('',*,*,#4781,.F.);
#6654=ORIENTED_EDGE('',*,*,#4782,.T.);
#6655=ORIENTED_EDGE('',*,*,#4783,.T.);
#6656=ORIENTED_EDGE('',*,*,#4735,.F.);
#6657=ORIENTED_EDGE('',*,*,#4783,.F.);
#6658=ORIENTED_EDGE('',*,*,#4784,.T.);
#6659=ORIENTED_EDGE('',*,*,#4785,.T.);
#6660=ORIENTED_EDGE('',*,*,#4736,.F.);
#6661=ORIENTED_EDGE('',*,*,#4785,.F.);
#6662=ORIENTED_EDGE('',*,*,#4786,.T.);
#6663=ORIENTED_EDGE('',*,*,#4787,.T.);
#6664=ORIENTED_EDGE('',*,*,#4737,.F.);
#6665=ORIENTED_EDGE('',*,*,#4787,.F.);
#6666=ORIENTED_EDGE('',*,*,#4788,.T.);
#6667=ORIENTED_EDGE('',*,*,#4789,.T.);
#6668=ORIENTED_EDGE('',*,*,#4738,.F.);
#6669=ORIENTED_EDGE('',*,*,#4789,.F.);
#6670=ORIENTED_EDGE('',*,*,#4790,.T.);
#6671=ORIENTED_EDGE('',*,*,#4791,.T.);
#6672=ORIENTED_EDGE('',*,*,#4739,.F.);
#6673=ORIENTED_EDGE('',*,*,#4791,.F.);
#6674=ORIENTED_EDGE('',*,*,#4792,.T.);
#6675=ORIENTED_EDGE('',*,*,#4793,.T.);
#6676=ORIENTED_EDGE('',*,*,#4740,.F.);
#6677=ORIENTED_EDGE('',*,*,#4793,.F.);
#6678=ORIENTED_EDGE('',*,*,#4794,.T.);
#6679=ORIENTED_EDGE('',*,*,#4795,.T.);
#6680=ORIENTED_EDGE('',*,*,#4741,.F.);
#6681=ORIENTED_EDGE('',*,*,#4795,.F.);
#6682=ORIENTED_EDGE('',*,*,#4796,.T.);
#6683=ORIENTED_EDGE('',*,*,#4797,.T.);
#6684=ORIENTED_EDGE('',*,*,#4742,.F.);
#6685=ORIENTED_EDGE('',*,*,#4797,.F.);
#6686=ORIENTED_EDGE('',*,*,#4798,.T.);
#6687=ORIENTED_EDGE('',*,*,#4799,.T.);
#6688=ORIENTED_EDGE('',*,*,#4747,.F.);
#6689=ORIENTED_EDGE('',*,*,#4743,.F.);
#6690=ORIENTED_EDGE('',*,*,#4799,.F.);
#6691=ORIENTED_EDGE('',*,*,#4800,.T.);
#6692=ORIENTED_EDGE('',*,*,#4801,.T.);
#6693=ORIENTED_EDGE('',*,*,#4748,.F.);
#6694=ORIENTED_EDGE('',*,*,#4801,.F.);
#6695=ORIENTED_EDGE('',*,*,#4802,.T.);
#6696=ORIENTED_EDGE('',*,*,#4803,.T.);
#6697=ORIENTED_EDGE('',*,*,#4749,.F.);
#6698=ORIENTED_EDGE('',*,*,#4803,.F.);
#6699=ORIENTED_EDGE('',*,*,#4804,.T.);
#6700=ORIENTED_EDGE('',*,*,#4765,.T.);
#6701=ORIENTED_EDGE('',*,*,#4726,.F.);
#6702=ORIENTED_EDGE('',*,*,#4766,.F.);
#6703=ORIENTED_EDGE('',*,*,#4804,.F.);
#6704=ORIENTED_EDGE('',*,*,#4802,.F.);
#6705=ORIENTED_EDGE('',*,*,#4800,.F.);
#6706=ORIENTED_EDGE('',*,*,#4798,.F.);
#6707=ORIENTED_EDGE('',*,*,#4796,.F.);
#6708=ORIENTED_EDGE('',*,*,#4794,.F.);
#6709=ORIENTED_EDGE('',*,*,#4792,.F.);
#6710=ORIENTED_EDGE('',*,*,#4790,.F.);
#6711=ORIENTED_EDGE('',*,*,#4788,.F.);
#6712=ORIENTED_EDGE('',*,*,#4786,.F.);
#6713=ORIENTED_EDGE('',*,*,#4784,.F.);
#6714=ORIENTED_EDGE('',*,*,#4782,.F.);
#6715=ORIENTED_EDGE('',*,*,#4780,.F.);
#6716=ORIENTED_EDGE('',*,*,#4778,.F.);
#6717=ORIENTED_EDGE('',*,*,#4776,.F.);
#6718=ORIENTED_EDGE('',*,*,#4774,.F.);
#6719=ORIENTED_EDGE('',*,*,#4772,.F.);
#6720=ORIENTED_EDGE('',*,*,#4770,.F.);
#6721=ORIENTED_EDGE('',*,*,#4768,.F.);
#6722=ORIENTED_EDGE('',*,*,#4805,.F.);
#6723=ORIENTED_EDGE('',*,*,#4806,.T.);
#6724=ORIENTED_EDGE('',*,*,#4807,.T.);
#6725=ORIENTED_EDGE('',*,*,#4806,.F.);
#6726=ORIENTED_EDGE('',*,*,#4808,.T.);
#6727=ORIENTED_EDGE('',*,*,#4807,.F.);
#6728=ORIENTED_EDGE('',*,*,#4808,.F.);
#6729=ORIENTED_EDGE('',*,*,#4809,.T.);
#6730=ORIENTED_EDGE('',*,*,#4810,.T.);
#6731=ORIENTED_EDGE('',*,*,#4809,.F.);
#6732=ORIENTED_EDGE('',*,*,#4810,.F.);
#6733=ORIENTED_EDGE('',*,*,#4811,.T.);
#6734=ORIENTED_EDGE('',*,*,#4811,.F.);
#6735=ORIENTED_EDGE('',*,*,#4812,.T.);
#6736=ORIENTED_EDGE('',*,*,#4813,.T.);
#6737=ORIENTED_EDGE('',*,*,#4812,.F.);
#6738=ORIENTED_EDGE('',*,*,#4813,.F.);
#6739=ORIENTED_EDGE('',*,*,#4814,.T.);
#6740=ORIENTED_EDGE('',*,*,#4815,.T.);
#6741=ORIENTED_EDGE('',*,*,#4814,.F.);
#6742=ORIENTED_EDGE('',*,*,#4815,.F.);
#6743=ORIENTED_EDGE('',*,*,#4816,.T.);
#6744=ORIENTED_EDGE('',*,*,#4817,.T.);
#6745=ORIENTED_EDGE('',*,*,#4816,.F.);
#6746=ORIENTED_EDGE('',*,*,#4817,.F.);
#6747=ORIENTED_EDGE('',*,*,#4818,.T.);
#6748=ORIENTED_EDGE('',*,*,#4818,.F.);
#6749=ORIENTED_EDGE('',*,*,#4819,.T.);
#6750=ORIENTED_EDGE('',*,*,#4820,.T.);
#6751=ORIENTED_EDGE('',*,*,#4819,.F.);
#6752=ORIENTED_EDGE('',*,*,#4821,.T.);
#6753=ORIENTED_EDGE('',*,*,#4820,.F.);
#6754=ORIENTED_EDGE('',*,*,#4821,.F.);
#6755=ORIENTED_EDGE('',*,*,#4822,.T.);
#6756=ORIENTED_EDGE('',*,*,#4823,.T.);
#6757=ORIENTED_EDGE('',*,*,#4822,.F.);
#6758=ORIENTED_EDGE('',*,*,#4823,.F.);
#6759=ORIENTED_EDGE('',*,*,#4824,.T.);
#6760=ORIENTED_EDGE('',*,*,#4805,.T.);
#6761=ORIENTED_EDGE('',*,*,#4824,.F.);
#6762=ORIENTED_EDGE('',*,*,#4825,.F.);
#6763=ORIENTED_EDGE('',*,*,#4826,.T.);
#6764=ORIENTED_EDGE('',*,*,#4827,.F.);
#6765=ORIENTED_EDGE('',*,*,#4826,.F.);
#6766=ORIENTED_EDGE('',*,*,#4828,.F.);
#6767=ORIENTED_EDGE('',*,*,#4829,.T.);
#6768=ORIENTED_EDGE('',*,*,#4830,.F.);
#6769=ORIENTED_EDGE('',*,*,#4829,.F.);
#6770=ORIENTED_EDGE('',*,*,#4831,.F.);
#6771=ORIENTED_EDGE('',*,*,#4832,.T.);
#6772=ORIENTED_EDGE('',*,*,#4833,.F.);
#6773=ORIENTED_EDGE('',*,*,#4832,.F.);
#6774=ORIENTED_EDGE('',*,*,#4834,.F.);
#6775=ORIENTED_EDGE('',*,*,#4835,.T.);
#6776=ORIENTED_EDGE('',*,*,#4836,.F.);
#6777=ORIENTED_EDGE('',*,*,#4835,.F.);
#6778=ORIENTED_EDGE('',*,*,#4837,.F.);
#6779=ORIENTED_EDGE('',*,*,#4838,.T.);
#6780=ORIENTED_EDGE('',*,*,#4839,.F.);
#6781=ORIENTED_EDGE('',*,*,#4838,.F.);
#6782=ORIENTED_EDGE('',*,*,#4840,.F.);
#6783=ORIENTED_EDGE('',*,*,#4841,.F.);
#6784=ORIENTED_EDGE('',*,*,#4842,.F.);
#6785=ORIENTED_EDGE('',*,*,#4843,.T.);
#6786=ORIENTED_EDGE('',*,*,#4844,.F.);
#6787=ORIENTED_EDGE('',*,*,#4845,.T.);
#6788=ORIENTED_EDGE('',*,*,#4846,.F.);
#6789=ORIENTED_EDGE('',*,*,#4847,.F.);
#6790=ORIENTED_EDGE('',*,*,#4848,.F.);
#6791=ORIENTED_EDGE('',*,*,#4849,.F.);
#6792=ORIENTED_EDGE('',*,*,#4850,.F.);
#6793=ORIENTED_EDGE('',*,*,#4851,.T.);
#6794=ORIENTED_EDGE('',*,*,#4852,.F.);
#6795=ORIENTED_EDGE('',*,*,#4853,.T.);
#6796=ORIENTED_EDGE('',*,*,#4854,.F.);
#6797=ORIENTED_EDGE('',*,*,#4855,.F.);
#6798=ORIENTED_EDGE('',*,*,#4852,.T.);
#6799=ORIENTED_EDGE('',*,*,#4856,.F.);
#6800=ORIENTED_EDGE('',*,*,#4857,.F.);
#6801=ORIENTED_EDGE('',*,*,#4858,.T.);
#6802=ORIENTED_EDGE('',*,*,#4844,.T.);
#6803=ORIENTED_EDGE('',*,*,#4859,.T.);
#6804=ORIENTED_EDGE('',*,*,#4860,.F.);
#6805=ORIENTED_EDGE('',*,*,#4861,.F.);
#6806=ORIENTED_EDGE('',*,*,#4848,.T.);
#6807=ORIENTED_EDGE('',*,*,#4862,.T.);
#6808=ORIENTED_EDGE('',*,*,#4863,.F.);
#6809=ORIENTED_EDGE('',*,*,#4864,.T.);
#6810=ORIENTED_EDGE('',*,*,#4865,.T.);
#6811=ORIENTED_EDGE('',*,*,#4866,.T.);
#6812=ORIENTED_EDGE('',*,*,#4867,.T.);
#6813=ORIENTED_EDGE('',*,*,#4868,.T.);
#6814=ORIENTED_EDGE('',*,*,#4863,.T.);
#6815=ORIENTED_EDGE('',*,*,#4869,.T.);
#6816=ORIENTED_EDGE('',*,*,#4857,.T.);
#6817=ORIENTED_EDGE('',*,*,#4870,.T.);
#6818=ORIENTED_EDGE('',*,*,#4871,.F.);
#6819=ORIENTED_EDGE('',*,*,#4872,.F.);
#6820=ORIENTED_EDGE('',*,*,#4859,.F.);
#6821=ORIENTED_EDGE('',*,*,#4847,.T.);
#6822=ORIENTED_EDGE('',*,*,#4873,.F.);
#6823=ORIENTED_EDGE('',*,*,#4853,.F.);
#6824=ORIENTED_EDGE('',*,*,#4858,.F.);
#6825=ORIENTED_EDGE('',*,*,#4869,.F.);
#6826=ORIENTED_EDGE('',*,*,#4862,.F.);
#6827=ORIENTED_EDGE('',*,*,#4851,.F.);
#6828=ORIENTED_EDGE('',*,*,#4874,.F.);
#6829=ORIENTED_EDGE('',*,*,#4841,.T.);
#6830=ORIENTED_EDGE('',*,*,#4861,.T.);
#6831=ORIENTED_EDGE('',*,*,#4875,.F.);
#6832=ORIENTED_EDGE('',*,*,#4876,.F.);
#6833=ORIENTED_EDGE('',*,*,#4843,.F.);
#6834=ORIENTED_EDGE('',*,*,#4877,.F.);
#6835=ORIENTED_EDGE('',*,*,#4849,.T.);
#6836=ORIENTED_EDGE('',*,*,#4864,.F.);
#6837=ORIENTED_EDGE('',*,*,#4870,.F.);
#6838=ORIENTED_EDGE('',*,*,#4856,.T.);
#6839=ORIENTED_EDGE('',*,*,#4855,.T.);
#6840=ORIENTED_EDGE('',*,*,#4878,.F.);
#6841=ORIENTED_EDGE('',*,*,#4845,.F.);
#6842=ORIENTED_EDGE('',*,*,#4827,.T.);
#6843=ORIENTED_EDGE('',*,*,#4830,.T.);
#6844=ORIENTED_EDGE('',*,*,#4833,.T.);
#6845=ORIENTED_EDGE('',*,*,#4836,.T.);
#6846=ORIENTED_EDGE('',*,*,#4839,.T.);
#6847=ORIENTED_EDGE('',*,*,#4840,.T.);
#6848=ORIENTED_EDGE('',*,*,#4876,.T.);
#6849=ORIENTED_EDGE('',*,*,#4879,.F.);
#6850=ORIENTED_EDGE('',*,*,#4871,.T.);
#6851=ORIENTED_EDGE('',*,*,#4880,.F.);
#6852=ORIENTED_EDGE('',*,*,#4881,.F.);
#6853=ORIENTED_EDGE('',*,*,#4882,.F.);
#6854=ORIENTED_EDGE('',*,*,#4866,.F.);
#6855=ORIENTED_EDGE('',*,*,#4825,.T.);
#6856=ORIENTED_EDGE('',*,*,#4828,.T.);
#6857=ORIENTED_EDGE('',*,*,#4831,.T.);
#6858=ORIENTED_EDGE('',*,*,#4834,.T.);
#6859=ORIENTED_EDGE('',*,*,#4837,.T.);
#6860=ORIENTED_EDGE('',*,*,#4882,.T.);
#6861=ORIENTED_EDGE('',*,*,#4883,.F.);
#6862=ORIENTED_EDGE('',*,*,#4884,.F.);
#6863=ORIENTED_EDGE('',*,*,#4867,.F.);
#6864=ORIENTED_EDGE('',*,*,#4854,.T.);
#6865=ORIENTED_EDGE('',*,*,#4873,.T.);
#6866=ORIENTED_EDGE('',*,*,#4846,.T.);
#6867=ORIENTED_EDGE('',*,*,#4878,.T.);
#6868=ORIENTED_EDGE('',*,*,#4884,.T.);
#6869=ORIENTED_EDGE('',*,*,#4885,.F.);
#6870=ORIENTED_EDGE('',*,*,#4886,.F.);
#6871=ORIENTED_EDGE('',*,*,#4868,.F.);
#6872=ORIENTED_EDGE('',*,*,#4886,.T.);
#6873=ORIENTED_EDGE('',*,*,#4887,.F.);
#6874=ORIENTED_EDGE('',*,*,#4880,.T.);
#6875=ORIENTED_EDGE('',*,*,#4865,.F.);
#6876=ORIENTED_EDGE('',*,*,#4850,.T.);
#6877=ORIENTED_EDGE('',*,*,#4877,.T.);
#6878=ORIENTED_EDGE('',*,*,#4842,.T.);
#6879=ORIENTED_EDGE('',*,*,#4874,.T.);
#6880=ORIENTED_EDGE('',*,*,#4887,.T.);
#6881=ORIENTED_EDGE('',*,*,#4885,.T.);
#6882=ORIENTED_EDGE('',*,*,#4883,.T.);
#6883=ORIENTED_EDGE('',*,*,#4881,.T.);
#6884=ORIENTED_EDGE('',*,*,#4879,.T.);
#6885=ORIENTED_EDGE('',*,*,#4875,.T.);
#6886=ORIENTED_EDGE('',*,*,#4860,.T.);
#6887=ORIENTED_EDGE('',*,*,#4872,.T.);
#6888=ORIENTED_EDGE('',*,*,#4888,.F.);
#6889=ORIENTED_EDGE('',*,*,#4888,.T.);
#6890=ORIENTED_EDGE('',*,*,#4889,.T.);
#6891=ORIENTED_EDGE('',*,*,#4889,.F.);
#6892=ORIENTED_EDGE('',*,*,#4890,.T.);
#6893=ORIENTED_EDGE('',*,*,#4890,.F.);
#6894=ORIENTED_EDGE('',*,*,#4891,.F.);
#6895=ORIENTED_EDGE('',*,*,#4891,.T.);
#6896=ORIENTED_EDGE('',*,*,#4892,.T.);
#6897=ORIENTED_EDGE('',*,*,#4892,.F.);
#6898=ORIENTED_EDGE('',*,*,#4893,.T.);
#6899=ORIENTED_EDGE('',*,*,#4893,.F.);
#6900=ORIENTED_EDGE('',*,*,#4894,.F.);
#6901=ORIENTED_EDGE('',*,*,#4894,.T.);
#6902=ORIENTED_EDGE('',*,*,#4895,.T.);
#6903=ORIENTED_EDGE('',*,*,#4895,.F.);
#6904=ORIENTED_EDGE('',*,*,#4896,.T.);
#6905=ORIENTED_EDGE('',*,*,#4896,.F.);
#6906=ORIENTED_EDGE('',*,*,#4897,.F.);
#6907=ORIENTED_EDGE('',*,*,#4897,.T.);
#6908=ORIENTED_EDGE('',*,*,#4898,.T.);
#6909=ORIENTED_EDGE('',*,*,#4898,.F.);
#6910=ORIENTED_EDGE('',*,*,#4899,.T.);
#6911=ORIENTED_EDGE('',*,*,#4899,.F.);
#6912=ORIENTED_EDGE('',*,*,#4900,.F.);
#6913=ORIENTED_EDGE('',*,*,#4900,.T.);
#6914=ORIENTED_EDGE('',*,*,#4901,.T.);
#6915=ORIENTED_EDGE('',*,*,#4901,.F.);
#6916=ORIENTED_EDGE('',*,*,#4902,.T.);
#6917=ORIENTED_EDGE('',*,*,#4902,.F.);
#6918=ORIENTED_EDGE('',*,*,#4903,.F.);
#6919=ORIENTED_EDGE('',*,*,#4903,.T.);
#6920=ORIENTED_EDGE('',*,*,#4904,.T.);
#6921=ORIENTED_EDGE('',*,*,#4904,.F.);
#6922=ORIENTED_EDGE('',*,*,#4905,.T.);
#6923=ORIENTED_EDGE('',*,*,#4905,.F.);
#6924=ORIENTED_EDGE('',*,*,#4906,.T.);
#6925=ORIENTED_EDGE('',*,*,#4907,.T.);
#6926=ORIENTED_EDGE('',*,*,#4907,.F.);
#6927=ORIENTED_EDGE('',*,*,#4906,.F.);
#6928=ORIENTED_EDGE('',*,*,#4908,.F.);
#6929=ORIENTED_EDGE('',*,*,#4908,.T.);
#6930=ORIENTED_EDGE('',*,*,#4909,.T.);
#6931=ORIENTED_EDGE('',*,*,#4909,.F.);
#6932=ORIENTED_EDGE('',*,*,#4910,.F.);
#6933=ORIENTED_EDGE('',*,*,#4910,.T.);
#6934=ORIENTED_EDGE('',*,*,#4911,.T.);
#6935=ORIENTED_EDGE('',*,*,#4911,.F.);
#6936=ORIENTED_EDGE('',*,*,#4912,.T.);
#6937=ORIENTED_EDGE('',*,*,#4912,.F.);
#6938=ORIENTED_EDGE('',*,*,#4913,.F.);
#6939=ORIENTED_EDGE('',*,*,#4913,.T.);
#6940=ORIENTED_EDGE('',*,*,#4914,.T.);
#6941=ORIENTED_EDGE('',*,*,#4914,.F.);
#6942=ORIENTED_EDGE('',*,*,#4915,.T.);
#6943=ORIENTED_EDGE('',*,*,#4915,.F.);
#6944=ORIENTED_EDGE('',*,*,#4916,.F.);
#6945=ORIENTED_EDGE('',*,*,#4917,.T.);
#6946=ORIENTED_EDGE('',*,*,#4918,.T.);
#6947=ORIENTED_EDGE('',*,*,#4919,.F.);
#6948=ORIENTED_EDGE('',*,*,#4916,.T.);
#6949=ORIENTED_EDGE('',*,*,#4920,.F.);
#6950=ORIENTED_EDGE('',*,*,#4921,.F.);
#6951=ORIENTED_EDGE('',*,*,#4922,.F.);
#6952=ORIENTED_EDGE('',*,*,#4923,.T.);
#6953=ORIENTED_EDGE('',*,*,#4924,.T.);
#6954=ORIENTED_EDGE('',*,*,#4925,.F.);
#6955=ORIENTED_EDGE('',*,*,#4926,.T.);
#6956=ORIENTED_EDGE('',*,*,#4922,.T.);
#6957=ORIENTED_EDGE('',*,*,#4927,.F.);
#6958=ORIENTED_EDGE('',*,*,#4928,.F.);
#6959=ORIENTED_EDGE('',*,*,#4929,.T.);
#6960=ORIENTED_EDGE('',*,*,#4925,.T.);
#6961=ORIENTED_EDGE('',*,*,#4930,.F.);
#6962=ORIENTED_EDGE('',*,*,#4931,.F.);
#6963=ORIENTED_EDGE('',*,*,#4932,.T.);
#6964=ORIENTED_EDGE('',*,*,#4928,.T.);
#6965=ORIENTED_EDGE('',*,*,#4933,.F.);
#6966=ORIENTED_EDGE('',*,*,#4934,.F.);
#6967=ORIENTED_EDGE('',*,*,#4935,.T.);
#6968=ORIENTED_EDGE('',*,*,#4931,.T.);
#6969=ORIENTED_EDGE('',*,*,#4936,.F.);
#6970=ORIENTED_EDGE('',*,*,#4937,.T.);
#6971=ORIENTED_EDGE('',*,*,#4938,.F.);
#6972=ORIENTED_EDGE('',*,*,#4918,.F.);
#6973=ORIENTED_EDGE('',*,*,#4939,.T.);
#6974=ORIENTED_EDGE('',*,*,#4940,.F.);
#6975=ORIENTED_EDGE('',*,*,#4941,.T.);
#6976=ORIENTED_EDGE('',*,*,#4934,.T.);
#6977=ORIENTED_EDGE('',*,*,#4942,.F.);
#6978=ORIENTED_EDGE('',*,*,#4943,.F.);
#6979=ORIENTED_EDGE('',*,*,#4944,.T.);
#6980=ORIENTED_EDGE('',*,*,#4944,.F.);
#6981=ORIENTED_EDGE('',*,*,#4945,.T.);
#6982=ORIENTED_EDGE('',*,*,#4946,.T.);
#6983=ORIENTED_EDGE('',*,*,#4945,.F.);
#6984=ORIENTED_EDGE('',*,*,#4946,.F.);
#6985=ORIENTED_EDGE('',*,*,#4947,.T.);
#6986=ORIENTED_EDGE('',*,*,#4948,.T.);
#6987=ORIENTED_EDGE('',*,*,#4947,.F.);
#6988=ORIENTED_EDGE('',*,*,#4948,.F.);
#6989=ORIENTED_EDGE('',*,*,#4949,.T.);
#6990=ORIENTED_EDGE('',*,*,#4950,.T.);
#6991=ORIENTED_EDGE('',*,*,#4949,.F.);
#6992=ORIENTED_EDGE('',*,*,#4951,.T.);
#6993=ORIENTED_EDGE('',*,*,#4950,.F.);
#6994=ORIENTED_EDGE('',*,*,#4951,.F.);
#6995=ORIENTED_EDGE('',*,*,#4952,.T.);
#6996=ORIENTED_EDGE('',*,*,#4953,.T.);
#6997=ORIENTED_EDGE('',*,*,#4952,.F.);
#6998=ORIENTED_EDGE('',*,*,#4953,.F.);
#6999=ORIENTED_EDGE('',*,*,#4954,.T.);
#7000=ORIENTED_EDGE('',*,*,#4920,.T.);
#7001=ORIENTED_EDGE('',*,*,#4919,.T.);
#7002=ORIENTED_EDGE('',*,*,#4938,.T.);
#7003=ORIENTED_EDGE('',*,*,#4955,.T.);
#7004=ORIENTED_EDGE('',*,*,#4942,.T.);
#7005=ORIENTED_EDGE('',*,*,#4936,.T.);
#7006=ORIENTED_EDGE('',*,*,#4933,.T.);
#7007=ORIENTED_EDGE('',*,*,#4930,.T.);
#7008=ORIENTED_EDGE('',*,*,#4927,.T.);
#7009=ORIENTED_EDGE('',*,*,#4921,.T.);
#7010=ORIENTED_EDGE('',*,*,#4954,.F.);
#7011=ORIENTED_EDGE('',*,*,#4940,.T.);
#7012=ORIENTED_EDGE('',*,*,#4955,.F.);
#7013=ORIENTED_EDGE('',*,*,#4937,.F.);
#7014=ORIENTED_EDGE('',*,*,#4956,.T.);
#7015=ORIENTED_EDGE('',*,*,#4935,.F.);
#7016=ORIENTED_EDGE('',*,*,#4941,.F.);
#7017=ORIENTED_EDGE('',*,*,#4956,.F.);
#7018=ORIENTED_EDGE('',*,*,#4939,.F.);
#7019=ORIENTED_EDGE('',*,*,#4917,.F.);
#7020=ORIENTED_EDGE('',*,*,#4924,.F.);
#7021=ORIENTED_EDGE('',*,*,#4957,.T.);
#7022=ORIENTED_EDGE('',*,*,#4958,.T.);
#7023=ORIENTED_EDGE('',*,*,#4957,.F.);
#7024=ORIENTED_EDGE('',*,*,#4923,.F.);
#7025=ORIENTED_EDGE('',*,*,#4926,.F.);
#7026=ORIENTED_EDGE('',*,*,#4929,.F.);
#7027=ORIENTED_EDGE('',*,*,#4932,.F.);
#7028=ORIENTED_EDGE('',*,*,#4958,.F.);
#7029=ORIENTED_EDGE('',*,*,#4959,.T.);
#7030=ORIENTED_EDGE('',*,*,#4943,.T.);
#7031=ORIENTED_EDGE('',*,*,#4959,.F.);
#7032=ORIENTED_EDGE('',*,*,#4960,.F.);
#7033=ORIENTED_EDGE('',*,*,#4961,.T.);
#7034=ORIENTED_EDGE('',*,*,#4962,.T.);
#7035=ORIENTED_EDGE('',*,*,#4961,.F.);
#7036=ORIENTED_EDGE('',*,*,#4963,.F.);
#7037=ORIENTED_EDGE('',*,*,#4964,.T.);
#7038=ORIENTED_EDGE('',*,*,#4960,.T.);
#7039=ORIENTED_EDGE('',*,*,#4964,.F.);
#7040=ORIENTED_EDGE('',*,*,#4963,.T.);
#7041=ORIENTED_EDGE('',*,*,#4965,.F.);
#7042=ORIENTED_EDGE('',*,*,#4966,.F.);
#7043=ORIENTED_EDGE('',*,*,#4967,.T.);
#7044=ORIENTED_EDGE('',*,*,#4965,.T.);
#7045=ORIENTED_EDGE('',*,*,#4967,.F.);
#7046=ORIENTED_EDGE('',*,*,#4968,.F.);
#7047=ORIENTED_EDGE('',*,*,#4969,.F.);
#7048=ORIENTED_EDGE('',*,*,#4970,.F.);
#7049=ORIENTED_EDGE('',*,*,#4971,.T.);
#7050=ORIENTED_EDGE('',*,*,#4966,.T.);
#7051=ORIENTED_EDGE('',*,*,#4971,.F.);
#7052=ORIENTED_EDGE('',*,*,#4972,.F.);
#7053=ORIENTED_EDGE('',*,*,#4973,.F.);
#7054=ORIENTED_EDGE('',*,*,#4974,.F.);
#7055=ORIENTED_EDGE('',*,*,#4975,.F.);
#7056=ORIENTED_EDGE('',*,*,#4976,.F.);
#7057=ORIENTED_EDGE('',*,*,#4977,.F.);
#7058=ORIENTED_EDGE('',*,*,#4978,.F.);
#7059=ORIENTED_EDGE('',*,*,#4979,.T.);
#7060=ORIENTED_EDGE('',*,*,#4980,.F.);
#7061=ORIENTED_EDGE('',*,*,#4981,.F.);
#7062=ORIENTED_EDGE('',*,*,#4968,.T.);
#7063=ORIENTED_EDGE('',*,*,#4982,.F.);
#7064=ORIENTED_EDGE('',*,*,#4983,.T.);
#7065=ORIENTED_EDGE('',*,*,#4984,.T.);
#7066=ORIENTED_EDGE('',*,*,#4985,.T.);
#7067=ORIENTED_EDGE('',*,*,#4980,.T.);
#7068=ORIENTED_EDGE('',*,*,#4986,.T.);
#7069=ORIENTED_EDGE('',*,*,#4987,.T.);
#7070=ORIENTED_EDGE('',*,*,#4988,.T.);
#7071=ORIENTED_EDGE('',*,*,#4989,.T.);
#7072=ORIENTED_EDGE('',*,*,#4990,.T.);
#7073=ORIENTED_EDGE('',*,*,#4991,.T.);
#7074=ORIENTED_EDGE('',*,*,#4992,.T.);
#7075=ORIENTED_EDGE('',*,*,#4983,.F.);
#7076=ORIENTED_EDGE('',*,*,#4993,.F.);
#7077=ORIENTED_EDGE('',*,*,#4994,.T.);
#7078=ORIENTED_EDGE('',*,*,#4982,.T.);
#7079=ORIENTED_EDGE('',*,*,#4994,.F.);
#7080=ORIENTED_EDGE('',*,*,#4995,.F.);
#7081=ORIENTED_EDGE('',*,*,#4993,.T.);
#7082=ORIENTED_EDGE('',*,*,#4962,.F.);
#7083=ORIENTED_EDGE('',*,*,#4996,.T.);
#7084=ORIENTED_EDGE('',*,*,#4995,.T.);
#7085=ORIENTED_EDGE('',*,*,#4996,.F.);
#7086=ORIENTED_EDGE('',*,*,#4997,.T.);
#7087=ORIENTED_EDGE('',*,*,#4986,.F.);
#7088=ORIENTED_EDGE('',*,*,#4979,.F.);
#7089=ORIENTED_EDGE('',*,*,#4978,.T.);
#7090=ORIENTED_EDGE('',*,*,#4998,.T.);
#7091=ORIENTED_EDGE('',*,*,#4984,.F.);
#7092=ORIENTED_EDGE('',*,*,#4992,.F.);
#7093=ORIENTED_EDGE('',*,*,#4999,.F.);
#7094=ORIENTED_EDGE('',*,*,#4972,.T.);
#7095=ORIENTED_EDGE('',*,*,#4970,.T.);
#7096=ORIENTED_EDGE('',*,*,#5000,.F.);
#7097=ORIENTED_EDGE('',*,*,#4973,.T.);
#7098=ORIENTED_EDGE('',*,*,#4999,.T.);
#7099=ORIENTED_EDGE('',*,*,#4991,.F.);
#7100=ORIENTED_EDGE('',*,*,#5001,.F.);
#7101=ORIENTED_EDGE('',*,*,#4974,.T.);
#7102=ORIENTED_EDGE('',*,*,#5000,.T.);
#7103=ORIENTED_EDGE('',*,*,#4990,.F.);
#7104=ORIENTED_EDGE('',*,*,#5002,.F.);
#7105=ORIENTED_EDGE('',*,*,#4975,.T.);
#7106=ORIENTED_EDGE('',*,*,#5001,.T.);
#7107=ORIENTED_EDGE('',*,*,#4989,.F.);
#7108=ORIENTED_EDGE('',*,*,#5003,.F.);
#7109=ORIENTED_EDGE('',*,*,#4976,.T.);
#7110=ORIENTED_EDGE('',*,*,#5002,.T.);
#7111=ORIENTED_EDGE('',*,*,#4988,.F.);
#7112=ORIENTED_EDGE('',*,*,#4997,.F.);
#7113=ORIENTED_EDGE('',*,*,#4977,.T.);
#7114=ORIENTED_EDGE('',*,*,#5003,.T.);
#7115=ORIENTED_EDGE('',*,*,#4987,.F.);
#7116=ORIENTED_EDGE('',*,*,#4998,.F.);
#7117=ORIENTED_EDGE('',*,*,#4969,.T.);
#7118=ORIENTED_EDGE('',*,*,#4981,.T.);
#7119=ORIENTED_EDGE('',*,*,#4985,.F.);
#7120=ORIENTED_EDGE('',*,*,#5004,.T.);
#7121=ORIENTED_EDGE('',*,*,#5005,.T.);
#7122=ORIENTED_EDGE('',*,*,#5006,.T.);
#7123=ORIENTED_EDGE('',*,*,#5007,.T.);
#7124=ORIENTED_EDGE('',*,*,#5008,.T.);
#7125=ORIENTED_EDGE('',*,*,#5009,.F.);
#7126=ORIENTED_EDGE('',*,*,#5010,.T.);
#7127=ORIENTED_EDGE('',*,*,#5008,.F.);
#7128=ORIENTED_EDGE('',*,*,#5010,.F.);
#7129=ORIENTED_EDGE('',*,*,#5011,.F.);
#7130=ORIENTED_EDGE('',*,*,#5012,.F.);
#7131=ORIENTED_EDGE('',*,*,#5013,.F.);
#7132=ORIENTED_EDGE('',*,*,#5005,.F.);
#7133=ORIENTED_EDGE('',*,*,#5013,.T.);
#7134=ORIENTED_EDGE('',*,*,#5014,.F.);
#7135=ORIENTED_EDGE('',*,*,#5015,.F.);
#7136=ORIENTED_EDGE('',*,*,#5006,.F.);
#7137=ORIENTED_EDGE('',*,*,#5015,.T.);
#7138=ORIENTED_EDGE('',*,*,#5016,.F.);
#7139=ORIENTED_EDGE('',*,*,#5017,.F.);
#7140=ORIENTED_EDGE('',*,*,#5007,.F.);
#7141=ORIENTED_EDGE('',*,*,#5017,.T.);
#7142=ORIENTED_EDGE('',*,*,#5018,.F.);
#7143=ORIENTED_EDGE('',*,*,#5011,.T.);
#7144=ORIENTED_EDGE('',*,*,#5004,.F.);
#7145=ORIENTED_EDGE('',*,*,#5018,.T.);
#7146=ORIENTED_EDGE('',*,*,#5016,.T.);
#7147=ORIENTED_EDGE('',*,*,#5014,.T.);
#7148=ORIENTED_EDGE('',*,*,#5012,.T.);
#7149=ORIENTED_EDGE('',*,*,#5009,.T.);
#7150=ORIENTED_EDGE('',*,*,#5019,.F.);
#7151=ORIENTED_EDGE('',*,*,#5020,.T.);
#7152=ORIENTED_EDGE('',*,*,#5021,.F.);
#7153=ORIENTED_EDGE('',*,*,#5020,.F.);
#7154=ORIENTED_EDGE('',*,*,#5022,.T.);
#7155=ORIENTED_EDGE('',*,*,#5023,.T.);
#7156=ORIENTED_EDGE('',*,*,#5024,.F.);
#7157=ORIENTED_EDGE('',*,*,#5025,.F.);
#7158=ORIENTED_EDGE('',*,*,#5026,.F.);
#7159=ORIENTED_EDGE('',*,*,#5025,.T.);
#7160=ORIENTED_EDGE('',*,*,#5027,.F.);
#7161=ORIENTED_EDGE('',*,*,#5028,.F.);
#7162=ORIENTED_EDGE('',*,*,#5019,.T.);
#7163=ORIENTED_EDGE('',*,*,#5029,.T.);
#7164=ORIENTED_EDGE('',*,*,#5028,.T.);
#7165=ORIENTED_EDGE('',*,*,#5030,.F.);
#7166=ORIENTED_EDGE('',*,*,#5031,.F.);
#7167=ORIENTED_EDGE('',*,*,#5032,.T.);
#7168=ORIENTED_EDGE('',*,*,#5031,.T.);
#7169=ORIENTED_EDGE('',*,*,#5033,.F.);
#7170=ORIENTED_EDGE('',*,*,#5023,.F.);
#7171=ORIENTED_EDGE('',*,*,#5021,.T.);
#7172=ORIENTED_EDGE('',*,*,#5033,.T.);
#7173=ORIENTED_EDGE('',*,*,#5030,.T.);
#7174=ORIENTED_EDGE('',*,*,#5027,.T.);
#7175=ORIENTED_EDGE('',*,*,#5024,.T.);
#7176=ORIENTED_EDGE('',*,*,#5032,.F.);
#7177=ORIENTED_EDGE('',*,*,#5022,.F.);
#7178=ORIENTED_EDGE('',*,*,#5026,.T.);
#7179=ORIENTED_EDGE('',*,*,#5029,.F.);
#7180=ORIENTED_EDGE('',*,*,#5034,.T.);
#7181=ORIENTED_EDGE('',*,*,#5035,.T.);
#7182=ORIENTED_EDGE('',*,*,#5036,.F.);
#7183=ORIENTED_EDGE('',*,*,#5037,.T.);
#7184=ORIENTED_EDGE('',*,*,#5035,.F.);
#7185=ORIENTED_EDGE('',*,*,#5037,.F.);
#7186=ORIENTED_EDGE('',*,*,#5038,.F.);
#7187=ORIENTED_EDGE('',*,*,#5039,.T.);
#7188=ORIENTED_EDGE('',*,*,#5034,.F.);
#7189=ORIENTED_EDGE('',*,*,#5039,.F.);
#7190=ORIENTED_EDGE('',*,*,#5038,.T.);
#7191=ORIENTED_EDGE('',*,*,#5036,.T.);
#7192=ORIENTED_EDGE('',*,*,#5040,.T.);
#7193=ORIENTED_EDGE('',*,*,#5041,.T.);
#7194=ORIENTED_EDGE('',*,*,#5042,.T.);
#7195=ORIENTED_EDGE('',*,*,#5043,.T.);
#7196=ORIENTED_EDGE('',*,*,#5044,.T.);
#7197=ORIENTED_EDGE('',*,*,#5045,.F.);
#7198=ORIENTED_EDGE('',*,*,#5046,.T.);
#7199=ORIENTED_EDGE('',*,*,#5044,.F.);
#7200=ORIENTED_EDGE('',*,*,#5046,.F.);
#7201=ORIENTED_EDGE('',*,*,#5047,.F.);
#7202=ORIENTED_EDGE('',*,*,#5048,.F.);
#7203=ORIENTED_EDGE('',*,*,#5049,.F.);
#7204=ORIENTED_EDGE('',*,*,#5041,.F.);
#7205=ORIENTED_EDGE('',*,*,#5049,.T.);
#7206=ORIENTED_EDGE('',*,*,#5050,.F.);
#7207=ORIENTED_EDGE('',*,*,#5051,.F.);
#7208=ORIENTED_EDGE('',*,*,#5042,.F.);
#7209=ORIENTED_EDGE('',*,*,#5051,.T.);
#7210=ORIENTED_EDGE('',*,*,#5052,.F.);
#7211=ORIENTED_EDGE('',*,*,#5053,.F.);
#7212=ORIENTED_EDGE('',*,*,#5043,.F.);
#7213=ORIENTED_EDGE('',*,*,#5053,.T.);
#7214=ORIENTED_EDGE('',*,*,#5054,.F.);
#7215=ORIENTED_EDGE('',*,*,#5047,.T.);
#7216=ORIENTED_EDGE('',*,*,#5040,.F.);
#7217=ORIENTED_EDGE('',*,*,#5054,.T.);
#7218=ORIENTED_EDGE('',*,*,#5052,.T.);
#7219=ORIENTED_EDGE('',*,*,#5050,.T.);
#7220=ORIENTED_EDGE('',*,*,#5048,.T.);
#7221=ORIENTED_EDGE('',*,*,#5045,.T.);
#7222=ORIENTED_EDGE('',*,*,#5055,.F.);
#7223=ORIENTED_EDGE('',*,*,#5056,.T.);
#7224=ORIENTED_EDGE('',*,*,#5057,.T.);
#7225=ORIENTED_EDGE('',*,*,#5056,.F.);
#7226=ORIENTED_EDGE('',*,*,#5055,.T.);
#7227=ORIENTED_EDGE('',*,*,#5057,.F.);
#7228=PLANE('',#8480);
#7229=PLANE('',#8481);
#7230=PLANE('',#8482);
#7231=PLANE('',#8483);
#7232=PLANE('',#8484);
#7233=PLANE('',#8498);
#7234=PLANE('',#8512);
#7235=PLANE('',#8513);
#7236=PLANE('',#8514);
#7237=PLANE('',#8515);
#7238=PLANE('',#8530);
#7239=PLANE('',#8531);
#7240=PLANE('',#8532);
#7241=PLANE('',#8533);
#7242=PLANE('',#8534);
#7243=PLANE('',#8540);
#7244=PLANE('',#8546);
#7245=PLANE('',#8547);
#7246=PLANE('',#8548);
#7247=PLANE('',#8549);
#7248=PLANE('',#8551);
#7249=PLANE('',#8552);
#7250=PLANE('',#8553);
#7251=PLANE('',#8554);
#7252=PLANE('',#8557);
#7253=PLANE('',#8562);
#7254=PLANE('',#8567);
#7255=PLANE('',#8572);
#7256=PLANE('',#8576);
#7257=PLANE('',#8577);
#7258=PLANE('',#8578);
#7259=PLANE('',#8579);
#7260=PLANE('',#8580);
#7261=PLANE('',#8581);
#7262=PLANE('',#8582);
#7263=PLANE('',#8583);
#7264=PLANE('',#8584);
#7265=PLANE('',#8590);
#7266=PLANE('',#8598);
#7267=PLANE('',#8606);
#7268=PLANE('',#8610);
#7269=PLANE('',#8611);
#7270=PLANE('',#8612);
#7271=PLANE('',#8613);
#7272=PLANE('',#8614);
#7273=PLANE('',#8615);
#7274=PLANE('',#8616);
#7275=PLANE('',#8617);
#7276=PLANE('',#8618);
#7277=PLANE('',#8619);
#7278=PLANE('',#8620);
#7279=PLANE('',#8621);
#7280=PLANE('',#8622);
#7281=PLANE('',#8623);
#7282=PLANE('',#8624);
#7283=PLANE('',#8625);
#7284=PLANE('',#8626);
#7285=PLANE('',#8627);
#7286=PLANE('',#8628);
#7287=PLANE('',#8629);
#7288=PLANE('',#8630);
#7289=PLANE('',#8631);
#7290=PLANE('',#8632);
#7291=PLANE('',#8633);
#7292=PLANE('',#8634);
#7293=PLANE('',#8635);
#7294=PLANE('',#8636);
#7295=PLANE('',#8637);
#7296=PLANE('',#8638);
#7297=PLANE('',#8639);
#7298=PLANE('',#8640);
#7299=PLANE('',#8641);
#7300=PLANE('',#8642);
#7301=PLANE('',#8643);
#7302=PLANE('',#8644);
#7303=PLANE('',#8645);
#7304=PLANE('',#8646);
#7305=PLANE('',#8647);
#7306=PLANE('',#8648);
#7307=PLANE('',#8649);
#7308=PLANE('',#8650);
#7309=PLANE('',#8651);
#7310=PLANE('',#8652);
#7311=PLANE('',#8653);
#7312=PLANE('',#8654);
#7313=PLANE('',#8655);
#7314=PLANE('',#8656);
#7315=PLANE('',#8657);
#7316=PLANE('',#8658);
#7317=PLANE('',#8659);
#7318=PLANE('',#8660);
#7319=PLANE('',#8665);
#7320=PLANE('',#8668);
#7321=PLANE('',#8669);
#7322=PLANE('',#8670);
#7323=PLANE('',#8671);
#7324=PLANE('',#8672);
#7325=PLANE('',#8673);
#7326=PLANE('',#8674);
#7327=PLANE('',#8675);
#7328=PLANE('',#8676);
#7329=PLANE('',#8677);
#7330=PLANE('',#8678);
#7331=PLANE('',#8683);
#7332=PLANE('',#8686);
#7333=PLANE('',#8687);
#7334=PLANE('',#8688);
#7335=PLANE('',#8689);
#7336=PLANE('',#8690);
#7337=PLANE('',#8691);
#7338=PLANE('',#8692);
#7339=PLANE('',#8693);
#7340=PLANE('',#8694);
#7341=PLANE('',#8695);
#7342=PLANE('',#8696);
#7343=PLANE('',#8701);
#7344=PLANE('',#8704);
#7345=PLANE('',#8705);
#7346=PLANE('',#8706);
#7347=PLANE('',#8707);
#7348=PLANE('',#8708);
#7349=PLANE('',#8709);
#7350=PLANE('',#8710);
#7351=PLANE('',#8711);
#7352=PLANE('',#8712);
#7353=PLANE('',#8713);
#7354=PLANE('',#8714);
#7355=PLANE('',#8719);
#7356=PLANE('',#8722);
#7357=PLANE('',#8723);
#7358=PLANE('',#8724);
#7359=PLANE('',#8725);
#7360=PLANE('',#8726);
#7361=PLANE('',#8727);
#7362=PLANE('',#8728);
#7363=PLANE('',#8729);
#7364=PLANE('',#8730);
#7365=PLANE('',#8731);
#7366=PLANE('',#8732);
#7367=PLANE('',#8737);
#7368=PLANE('',#8740);
#7369=PLANE('',#8741);
#7370=PLANE('',#8742);
#7371=PLANE('',#8743);
#7372=PLANE('',#8744);
#7373=PLANE('',#8745);
#7374=PLANE('',#8746);
#7375=PLANE('',#8747);
#7376=PLANE('',#8748);
#7377=PLANE('',#8749);
#7378=PLANE('',#8750);
#7379=PLANE('',#8751);
#7380=PLANE('',#8752);
#7381=PLANE('',#8753);
#7382=PLANE('',#8754);
#7383=PLANE('',#8755);
#7384=PLANE('',#8756);
#7385=PLANE('',#8757);
#7386=PLANE('',#8758);
#7387=PLANE('',#8759);
#7388=PLANE('',#8760);
#7389=PLANE('',#8761);
#7390=PLANE('',#8762);
#7391=PLANE('',#8763);
#7392=PLANE('',#8764);
#7393=PLANE('',#8765);
#7394=PLANE('',#8766);
#7395=PLANE('',#8767);
#7396=PLANE('',#8768);
#7397=PLANE('',#8769);
#7398=PLANE('',#8770);
#7399=PLANE('',#8771);
#7400=PLANE('',#8772);
#7401=PLANE('',#8773);
#7402=PLANE('',#8778);
#7403=PLANE('',#8781);
#7404=PLANE('',#8782);
#7405=PLANE('',#8783);
#7406=PLANE('',#8784);
#7407=PLANE('',#8785);
#7408=PLANE('',#8786);
#7409=PLANE('',#8787);
#7410=PLANE('',#8788);
#7411=PLANE('',#8789);
#7412=PLANE('',#8790);
#7413=PLANE('',#8791);
#7414=PLANE('',#8792);
#7415=PLANE('',#8793);
#7416=PLANE('',#8794);
#7417=PLANE('',#8795);
#7418=PLANE('',#8796);
#7419=PLANE('',#8797);
#7420=PLANE('',#8798);
#7421=PLANE('',#8799);
#7422=PLANE('',#8800);
#7423=PLANE('',#8801);
#7424=PLANE('',#8802);
#7425=PLANE('',#8803);
#7426=PLANE('',#8804);
#7427=PLANE('',#8805);
#7428=PLANE('',#8806);
#7429=PLANE('',#8807);
#7430=PLANE('',#8808);
#7431=PLANE('',#8809);
#7432=PLANE('',#8810);
#7433=PLANE('',#8811);
#7434=PLANE('',#8812);
#7435=PLANE('',#8813);
#7436=PLANE('',#8817);
#7437=PLANE('',#8818);
#7438=PLANE('',#8819);
#7439=PLANE('',#8823);
#7440=PLANE('',#8824);
#7441=PLANE('',#8825);
#7442=PLANE('',#8826);
#7443=PLANE('',#8827);
#7444=PLANE('',#8828);
#7445=PLANE('',#8829);
#7446=PLANE('',#8830);
#7447=PLANE('',#8831);
#7448=PLANE('',#8832);
#7449=PLANE('',#8833);
#7450=PLANE('',#8834);
#7451=PLANE('',#8835);
#7452=PLANE('',#8836);
#7453=PLANE('',#8837);
#7454=PLANE('',#8838);
#7455=PLANE('',#8839);
#7456=PLANE('',#8840);
#7457=PLANE('',#8841);
#7458=PLANE('',#8842);
#7459=PLANE('',#8843);
#7460=PLANE('',#8844);
#7461=PLANE('',#8845);
#7462=PLANE('',#8846);
#7463=PLANE('',#8847);
#7464=PLANE('',#8848);
#7465=PLANE('',#8849);
#7466=PLANE('',#8850);
#7467=PLANE('',#8851);
#7468=PLANE('',#8852);
#7469=PLANE('',#8853);
#7470=PLANE('',#8854);
#7471=PLANE('',#8855);
#7472=PLANE('',#8856);
#7473=PLANE('',#8857);
#7474=PLANE('',#8858);
#7475=PLANE('',#8859);
#7476=PLANE('',#8860);
#7477=PLANE('',#8861);
#7478=PLANE('',#8862);
#7479=PLANE('',#8863);
#7480=PLANE('',#8870);
#7481=PLANE('',#8872);
#7482=PLANE('',#8874);
#7483=PLANE('',#8875);
#7484=PLANE('',#8906);
#7485=PLANE('',#8921);
#7486=PLANE('',#8922);
#7487=PLANE('',#8923);
#7488=PLANE('',#8924);
#7489=PLANE('',#8925);
#7490=PLANE('',#8926);
#7491=PLANE('',#8927);
#7492=PLANE('',#8928);
#7493=PLANE('',#8929);
#7494=PLANE('',#8930);
#7495=PLANE('',#8931);
#7496=PLANE('',#8932);
#7497=PLANE('',#8933);
#7498=PLANE('',#8934);
#7499=PLANE('',#8935);
#7500=PLANE('',#8936);
#7501=PLANE('',#8937);
#7502=PLANE('',#8938);
#7503=PLANE('',#8939);
#7504=PLANE('',#8940);
#7505=PLANE('',#8941);
#7506=PLANE('',#8942);
#7507=PLANE('',#8948);
#7508=PLANE('',#8952);
#7509=PLANE('',#8963);
#7510=PLANE('',#8967);
#7511=PLANE('',#9001);
#7512=PLANE('',#9002);
#7513=PLANE('',#9003);
#7514=PLANE('',#9004);
#7515=PLANE('',#9005);
#7516=PLANE('',#9006);
#7517=PLANE('',#9007);
#7518=PLANE('',#9008);
#7519=PLANE('',#9009);
#7520=PLANE('',#9010);
#7521=PLANE('',#9011);
#7522=PLANE('',#9012);
#7523=PLANE('',#9013);
#7524=PLANE('',#9014);
#7525=PLANE('',#9015);
#7526=PLANE('',#9016);
#7527=PLANE('',#9094);
#7528=PLANE('',#9105);
#7529=PLANE('',#9124);
#7530=PLANE('',#9158);
#7531=PLANE('',#9190);
#7532=PLANE('',#9195);
#7533=PLANE('',#9196);
#7534=PLANE('',#9199);
#7535=PLANE('',#9200);
#7536=PLANE('',#9204);
#7537=PLANE('',#9205);
#7538=PLANE('',#9206);
#7539=PLANE('',#9207);
#7540=PLANE('',#9208);
#7541=PLANE('',#9209);
#7542=PLANE('',#9212);
#7543=PLANE('',#9219);
#7544=PLANE('',#9221);
#7545=PLANE('',#9226);
#7546=PLANE('',#9227);
#7547=PLANE('',#9228);
#7548=PLANE('',#9231);
#7549=PLANE('',#9235);
#7550=PLANE('',#9236);
#7551=STYLED_ITEM('',(#14076),#7870);
#7552=STYLED_ITEM('',(#14076),#7871);
#7553=STYLED_ITEM('',(#14076),#7872);
#7554=STYLED_ITEM('',(#14076),#7873);
#7555=STYLED_ITEM('',(#14077),#7874);
#7556=STYLED_ITEM('',(#14077),#7875);
#7557=STYLED_ITEM('',(#14076),#7876);
#7558=STYLED_ITEM('',(#14076),#7877);
#7559=STYLED_ITEM('',(#14076),#7878);
#7560=STYLED_ITEM('',(#14076),#7879);
#7561=STYLED_ITEM('',(#14078),#7880);
#7562=STYLED_ITEM('',(#14078),#7881);
#7563=STYLED_ITEM('',(#14078),#7882);
#7564=STYLED_ITEM('',(#14078),#7883);
#7565=STYLED_ITEM('',(#14077),#7884);
#7566=STYLED_ITEM('',(#14076),#7885);
#7567=STYLED_ITEM('',(#14076),#7886);
#7568=STYLED_ITEM('',(#14076),#7887);
#7569=STYLED_ITEM('',(#14076),#7888);
#7570=STYLED_ITEM('',(#14076),#7889);
#7571=STYLED_ITEM('',(#14076),#7890);
#7572=STYLED_ITEM('',(#14076),#7891);
#7573=STYLED_ITEM('',(#14076),#7892);
#7574=STYLED_ITEM('',(#14075),#201);
#7575=STYLED_ITEM('',(#14076),#7893);
#7576=STYLED_ITEM('',(#14076),#7894);
#7577=STYLED_ITEM('',(#14076),#7895);
#7578=STYLED_ITEM('',(#14076),#7896);
#7579=STYLED_ITEM('',(#14076),#7897);
#7580=STYLED_ITEM('',(#14077),#7898);
#7581=STYLED_ITEM('',(#14076),#7899);
#7582=STYLED_ITEM('',(#14076),#7900);
#7583=STYLED_ITEM('',(#14076),#7901);
#7584=STYLED_ITEM('',(#14076),#7902);
#7585=STYLED_ITEM('',(#14077),#7903);
#7586=STYLED_ITEM('',(#14076),#7904);
#7587=STYLED_ITEM('',(#14076),#7905);
#7588=STYLED_ITEM('',(#14076),#7906);
#7589=STYLED_ITEM('',(#14076),#7907);
#7590=STYLED_ITEM('',(#14077),#7908);
#7591=STYLED_ITEM('',(#14077),#7909);
#7592=STYLED_ITEM('',(#14077),#7910);
#7593=STYLED_ITEM('',(#14077),#7911);
#7594=STYLED_ITEM('',(#14077),#7912);
#7595=STYLED_ITEM('',(#14077),#7913);
#7596=STYLED_ITEM('',(#14077),#7914);
#7597=STYLED_ITEM('',(#14077),#7915);
#7598=STYLED_ITEM('',(#14077),#7916);
#7599=STYLED_ITEM('',(#14077),#7917);
#7600=STYLED_ITEM('',(#14077),#7918);
#7601=STYLED_ITEM('',(#14077),#7919);
#7602=STYLED_ITEM('',(#14075),#202);
#7603=STYLED_ITEM('',(#14076),#7920);
#7604=STYLED_ITEM('',(#14076),#7921);
#7605=STYLED_ITEM('',(#14076),#7922);
#7606=STYLED_ITEM('',(#14076),#7923);
#7607=STYLED_ITEM('',(#14076),#7924);
#7608=STYLED_ITEM('',(#14076),#7925);
#7609=STYLED_ITEM('',(#14076),#7926);
#7610=STYLED_ITEM('',(#14076),#7927);
#7611=STYLED_ITEM('',(#14077),#7928);
#7612=STYLED_ITEM('',(#14077),#7929);
#7613=STYLED_ITEM('',(#14077),#7930);
#7614=STYLED_ITEM('',(#14076),#7931);
#7615=STYLED_ITEM('',(#14077),#7932);
#7616=STYLED_ITEM('',(#14078),#7933);
#7617=STYLED_ITEM('',(#14078),#7934);
#7618=STYLED_ITEM('',(#14078),#7935);
#7619=STYLED_ITEM('',(#14078),#7936);
#7620=STYLED_ITEM('',(#14075),#203);
#7621=STYLED_ITEM('',(#14079),#7937);
#7622=STYLED_ITEM('',(#14079),#7938);
#7623=STYLED_ITEM('',(#14080),#7939);
#7624=STYLED_ITEM('',(#14080),#7940);
#7625=STYLED_ITEM('',(#14080),#7941);
#7626=STYLED_ITEM('',(#14080),#7942);
#7627=STYLED_ITEM('',(#14080),#7943);
#7628=STYLED_ITEM('',(#14080),#7944);
#7629=STYLED_ITEM('',(#14080),#7945);
#7630=STYLED_ITEM('',(#14080),#7946);
#7631=STYLED_ITEM('',(#14080),#7947);
#7632=STYLED_ITEM('',(#14080),#7948);
#7633=STYLED_ITEM('',(#14080),#7949);
#7634=STYLED_ITEM('',(#14080),#7950);
#7635=STYLED_ITEM('',(#14080),#7951);
#7636=STYLED_ITEM('',(#14080),#7952);
#7637=STYLED_ITEM('',(#14080),#7953);
#7638=STYLED_ITEM('',(#14080),#7954);
#7639=STYLED_ITEM('',(#14080),#7955);
#7640=STYLED_ITEM('',(#14080),#7956);
#7641=STYLED_ITEM('',(#14080),#7957);
#7642=STYLED_ITEM('',(#14080),#7958);
#7643=STYLED_ITEM('',(#14080),#7959);
#7644=STYLED_ITEM('',(#14080),#7960);
#7645=STYLED_ITEM('',(#14080),#7961);
#7646=STYLED_ITEM('',(#14080),#7962);
#7647=STYLED_ITEM('',(#14080),#7963);
#7648=STYLED_ITEM('',(#14080),#7964);
#7649=STYLED_ITEM('',(#14080),#7965);
#7650=STYLED_ITEM('',(#14080),#7966);
#7651=STYLED_ITEM('',(#14080),#7967);
#7652=STYLED_ITEM('',(#14080),#7968);
#7653=STYLED_ITEM('',(#14080),#7969);
#7654=STYLED_ITEM('',(#14080),#7970);
#7655=STYLED_ITEM('',(#14080),#7971);
#7656=STYLED_ITEM('',(#14080),#7972);
#7657=STYLED_ITEM('',(#14080),#7973);
#7658=STYLED_ITEM('',(#14080),#7974);
#7659=STYLED_ITEM('',(#14080),#7975);
#7660=STYLED_ITEM('',(#14080),#7976);
#7661=STYLED_ITEM('',(#14080),#7977);
#7662=STYLED_ITEM('',(#14080),#7978);
#7663=STYLED_ITEM('',(#14080),#7979);
#7664=STYLED_ITEM('',(#14080),#7980);
#7665=STYLED_ITEM('',(#14080),#7981);
#7666=STYLED_ITEM('',(#14080),#7982);
#7667=STYLED_ITEM('',(#14080),#7983);
#7668=STYLED_ITEM('',(#14080),#7984);
#7669=STYLED_ITEM('',(#14080),#7985);
#7670=STYLED_ITEM('',(#14080),#7986);
#7671=STYLED_ITEM('',(#14080),#7987);
#7672=STYLED_ITEM('',(#14080),#7988);
#7673=STYLED_ITEM('',(#14080),#7989);
#7674=STYLED_ITEM('',(#14080),#7990);
#7675=STYLED_ITEM('',(#14080),#7991);
#7676=STYLED_ITEM('',(#14080),#7992);
#7677=STYLED_ITEM('',(#14080),#7993);
#7678=STYLED_ITEM('',(#14080),#7994);
#7679=STYLED_ITEM('',(#14080),#7995);
#7680=STYLED_ITEM('',(#14080),#7996);
#7681=STYLED_ITEM('',(#14080),#7997);
#7682=STYLED_ITEM('',(#14080),#7998);
#7683=STYLED_ITEM('',(#14080),#7999);
#7684=STYLED_ITEM('',(#14080),#8000);
#7685=STYLED_ITEM('',(#14080),#8001);
#7686=STYLED_ITEM('',(#14080),#8002);
#7687=STYLED_ITEM('',(#14080),#8003);
#7688=STYLED_ITEM('',(#14080),#8004);
#7689=STYLED_ITEM('',(#14080),#8005);
#7690=STYLED_ITEM('',(#14080),#8006);
#7691=STYLED_ITEM('',(#14080),#8007);
#7692=STYLED_ITEM('',(#14080),#8008);
#7693=STYLED_ITEM('',(#14080),#8009);
#7694=STYLED_ITEM('',(#14080),#8010);
#7695=STYLED_ITEM('',(#14080),#8011);
#7696=STYLED_ITEM('',(#14080),#8012);
#7697=STYLED_ITEM('',(#14080),#8013);
#7698=STYLED_ITEM('',(#14080),#8014);
#7699=STYLED_ITEM('',(#14080),#8015);
#7700=STYLED_ITEM('',(#14080),#8016);
#7701=STYLED_ITEM('',(#14080),#8017);
#7702=STYLED_ITEM('',(#14080),#8018);
#7703=STYLED_ITEM('',(#14080),#8019);
#7704=STYLED_ITEM('',(#14080),#8020);
#7705=STYLED_ITEM('',(#14080),#8021);
#7706=STYLED_ITEM('',(#14080),#8022);
#7707=STYLED_ITEM('',(#14080),#8023);
#7708=STYLED_ITEM('',(#14080),#8024);
#7709=STYLED_ITEM('',(#14080),#8025);
#7710=STYLED_ITEM('',(#14080),#8026);
#7711=STYLED_ITEM('',(#14080),#8027);
#7712=STYLED_ITEM('',(#14080),#8028);
#7713=STYLED_ITEM('',(#14080),#8029);
#7714=STYLED_ITEM('',(#14080),#8030);
#7715=STYLED_ITEM('',(#14080),#8031);
#7716=STYLED_ITEM('',(#14080),#8032);
#7717=STYLED_ITEM('',(#14080),#8033);
#7718=STYLED_ITEM('',(#14080),#8034);
#7719=STYLED_ITEM('',(#14080),#8035);
#7720=STYLED_ITEM('',(#14080),#8036);
#7721=STYLED_ITEM('',(#14080),#8037);
#7722=STYLED_ITEM('',(#14080),#8038);
#7723=STYLED_ITEM('',(#14080),#8039);
#7724=STYLED_ITEM('',(#14080),#8040);
#7725=STYLED_ITEM('',(#14080),#8041);
#7726=STYLED_ITEM('',(#14080),#8042);
#7727=STYLED_ITEM('',(#14080),#8043);
#7728=STYLED_ITEM('',(#14080),#8044);
#7729=STYLED_ITEM('',(#14080),#8045);
#7730=STYLED_ITEM('',(#14080),#8046);
#7731=STYLED_ITEM('',(#14080),#8047);
#7732=STYLED_ITEM('',(#14080),#8048);
#7733=STYLED_ITEM('',(#14081),#8049);
#7734=STYLED_ITEM('',(#14081),#8050);
#7735=STYLED_ITEM('',(#14081),#8051);
#7736=STYLED_ITEM('',(#14081),#8052);
#7737=STYLED_ITEM('',(#14081),#8053);
#7738=STYLED_ITEM('',(#14081),#8054);
#7739=STYLED_ITEM('',(#14081),#8055);
#7740=STYLED_ITEM('',(#14081),#8056);
#7741=STYLED_ITEM('',(#14081),#8057);
#7742=STYLED_ITEM('',(#14081),#8058);
#7743=STYLED_ITEM('',(#14081),#8059);
#7744=STYLED_ITEM('',(#14081),#8060);
#7745=STYLED_ITEM('',(#14081),#8061);
#7746=STYLED_ITEM('',(#14081),#8062);
#7747=STYLED_ITEM('',(#14081),#8063);
#7748=STYLED_ITEM('',(#14080),#8064);
#7749=STYLED_ITEM('',(#14080),#8065);
#7750=STYLED_ITEM('',(#14080),#8066);
#7751=STYLED_ITEM('',(#14080),#8067);
#7752=STYLED_ITEM('',(#14080),#8068);
#7753=STYLED_ITEM('',(#14080),#8069);
#7754=STYLED_ITEM('',(#14080),#8070);
#7755=STYLED_ITEM('',(#14080),#8071);
#7756=STYLED_ITEM('',(#14080),#8072);
#7757=STYLED_ITEM('',(#14080),#8073);
#7758=STYLED_ITEM('',(#14080),#8074);
#7759=STYLED_ITEM('',(#14080),#8075);
#7760=STYLED_ITEM('',(#14080),#8076);
#7761=STYLED_ITEM('',(#14080),#8077);
#7762=STYLED_ITEM('',(#14080),#8078);
#7763=STYLED_ITEM('',(#14080),#8079);
#7764=STYLED_ITEM('',(#14080),#8080);
#7765=STYLED_ITEM('',(#14080),#8081);
#7766=STYLED_ITEM('',(#14080),#8082);
#7767=STYLED_ITEM('',(#14080),#8083);
#7768=STYLED_ITEM('',(#14080),#8084);
#7769=STYLED_ITEM('',(#14080),#8085);
#7770=STYLED_ITEM('',(#14081),#8086);
#7771=STYLED_ITEM('',(#14081),#8087);
#7772=STYLED_ITEM('',(#14081),#8088);
#7773=STYLED_ITEM('',(#14081),#8089);
#7774=STYLED_ITEM('',(#14081),#8090);
#7775=STYLED_ITEM('',(#14081),#8091);
#7776=STYLED_ITEM('',(#14081),#8092);
#7777=STYLED_ITEM('',(#14081),#8093);
#7778=STYLED_ITEM('',(#14081),#8094);
#7779=STYLED_ITEM('',(#14081),#8095);
#7780=STYLED_ITEM('',(#14081),#8096);
#7781=STYLED_ITEM('',(#14081),#8097);
#7782=STYLED_ITEM('',(#14081),#8098);
#7783=STYLED_ITEM('',(#14081),#8099);
#7784=STYLED_ITEM('',(#14081),#8100);
#7785=STYLED_ITEM('',(#14081),#8101);
#7786=STYLED_ITEM('',(#14081),#8102);
#7787=STYLED_ITEM('',(#14081),#8103);
#7788=STYLED_ITEM('',(#14081),#8104);
#7789=STYLED_ITEM('',(#14081),#8105);
#7790=STYLED_ITEM('',(#14081),#8106);
#7791=STYLED_ITEM('',(#14081),#8107);
#7792=STYLED_ITEM('',(#14081),#8108);
#7793=STYLED_ITEM('',(#14081),#8109);
#7794=STYLED_ITEM('',(#14081),#8110);
#7795=STYLED_ITEM('',(#14081),#8111);
#7796=STYLED_ITEM('',(#14081),#8112);
#7797=STYLED_ITEM('',(#14081),#8113);
#7798=STYLED_ITEM('',(#14081),#8114);
#7799=STYLED_ITEM('',(#14081),#8115);
#7800=STYLED_ITEM('',(#14081),#8116);
#7801=STYLED_ITEM('',(#14081),#8117);
#7802=STYLED_ITEM('',(#14081),#8118);
#7803=STYLED_ITEM('',(#14081),#8119);
#7804=STYLED_ITEM('',(#14081),#8120);
#7805=STYLED_ITEM('',(#14081),#8121);
#7806=STYLED_ITEM('',(#14081),#8122);
#7807=STYLED_ITEM('',(#14081),#8123);
#7808=STYLED_ITEM('',(#14081),#8124);
#7809=STYLED_ITEM('',(#14081),#8125);
#7810=STYLED_ITEM('',(#14081),#8126);
#7811=STYLED_ITEM('',(#14081),#8127);
#7812=STYLED_ITEM('',(#14081),#8128);
#7813=STYLED_ITEM('',(#14081),#8129);
#7814=STYLED_ITEM('',(#14081),#8130);
#7815=STYLED_ITEM('',(#14081),#8131);
#7816=STYLED_ITEM('',(#14081),#8132);
#7817=STYLED_ITEM('',(#14081),#8133);
#7818=STYLED_ITEM('',(#14081),#8134);
#7819=STYLED_ITEM('',(#14081),#8135);
#7820=STYLED_ITEM('',(#14081),#8136);
#7821=STYLED_ITEM('',(#14081),#8137);
#7822=STYLED_ITEM('',(#14081),#8138);
#7823=STYLED_ITEM('',(#14081),#8139);
#7824=STYLED_ITEM('',(#14081),#8140);
#7825=STYLED_ITEM('',(#14081),#8141);
#7826=STYLED_ITEM('',(#14081),#8142);
#7827=STYLED_ITEM('',(#14081),#8143);
#7828=STYLED_ITEM('',(#14081),#8144);
#7829=STYLED_ITEM('',(#14081),#8145);
#7830=STYLED_ITEM('',(#14081),#8146);
#7831=STYLED_ITEM('',(#14081),#8147);
#7832=STYLED_ITEM('',(#14081),#8148);
#7833=STYLED_ITEM('',(#14081),#8149);
#7834=STYLED_ITEM('',(#14081),#8150);
#7835=STYLED_ITEM('',(#14081),#8151);
#7836=STYLED_ITEM('',(#14081),#8152);
#7837=STYLED_ITEM('',(#14081),#8153);
#7838=STYLED_ITEM('',(#14081),#8154);
#7839=STYLED_ITEM('',(#14081),#8155);
#7840=STYLED_ITEM('',(#14081),#8156);
#7841=STYLED_ITEM('',(#14081),#8157);
#7842=STYLED_ITEM('',(#14081),#8158);
#7843=STYLED_ITEM('',(#14081),#8159);
#7844=STYLED_ITEM('',(#14081),#8160);
#7845=STYLED_ITEM('',(#14081),#8161);
#7846=STYLED_ITEM('',(#14081),#8162);
#7847=STYLED_ITEM('',(#14081),#8163);
#7848=STYLED_ITEM('',(#14081),#8164);
#7849=STYLED_ITEM('',(#14075),#204);
#7850=STYLED_ITEM('',(#14082),#205);
#7851=STYLED_ITEM('',(#14083),#206);
#7852=STYLED_ITEM('',(#14077),#207);
#7853=STYLED_ITEM('',(#14084),#208);
#7854=STYLED_ITEM('',(#14087),#209);
#7855=STYLED_ITEM('',(#14087),#210);
#7856=STYLED_ITEM('',(#14087),#211);
#7857=STYLED_ITEM('',(#14087),#212);
#7858=STYLED_ITEM('',(#14087),#213);
#7859=STYLED_ITEM('',(#14087),#214);
#7860=STYLED_ITEM('',(#14087),#215);
#7861=STYLED_ITEM('',(#14087),#216);
#7862=STYLED_ITEM('',(#14087),#217);
#7863=STYLED_ITEM('',(#14087),#218);
#7864=STYLED_ITEM('',(#14087),#219);
#7865=STYLED_ITEM('',(#14085),#220);
#7866=STYLED_ITEM('',(#14086),#221);
#7867=STYLED_ITEM('',(#14088),#222);
#7868=STYLED_ITEM('',(#14089),#223);
#7869=STYLED_ITEM('',(#14090),#224);
#7870=ADVANCED_FACE('',(#668),#7228,.F.);
#7871=ADVANCED_FACE('',(#669),#7229,.F.);
#7872=ADVANCED_FACE('',(#670),#7230,.F.);
#7873=ADVANCED_FACE('',(#671),#7231,.F.);
#7874=ADVANCED_FACE('',(#672,#292,#293,#294,#295,#296),#7232,.T.);
#7875=ADVANCED_FACE('',(#673,#297,#298,#299,#300,#301),#7233,.F.);
#7876=ADVANCED_FACE('',(#674),#7234,.F.);
#7877=ADVANCED_FACE('',(#675),#7235,.F.);
#7878=ADVANCED_FACE('',(#676),#7236,.F.);
#7879=ADVANCED_FACE('',(#677),#7237,.F.);
#7880=ADVANCED_FACE('',(#678),#225,.F.);
#7881=ADVANCED_FACE('',(#679),#226,.F.);
#7882=ADVANCED_FACE('',(#680),#227,.F.);
#7883=ADVANCED_FACE('',(#681),#228,.F.);
#7884=ADVANCED_FACE('',(#682),#229,.F.);
#7885=ADVANCED_FACE('',(#683),#230,.T.);
#7886=ADVANCED_FACE('',(#684),#231,.T.);
#7887=ADVANCED_FACE('',(#685),#232,.T.);
#7888=ADVANCED_FACE('',(#686),#233,.T.);
#7889=ADVANCED_FACE('',(#687),#234,.T.);
#7890=ADVANCED_FACE('',(#688),#235,.T.);
#7891=ADVANCED_FACE('',(#689),#236,.T.);
#7892=ADVANCED_FACE('',(#690),#237,.T.);
#7893=ADVANCED_FACE('',(#691),#7238,.F.);
#7894=ADVANCED_FACE('',(#692),#7239,.F.);
#7895=ADVANCED_FACE('',(#693),#7240,.F.);
#7896=ADVANCED_FACE('',(#694),#7241,.F.);
#7897=ADVANCED_FACE('',(#695,#302,#303,#304,#305,#306),#7242,.T.);
#7898=ADVANCED_FACE('',(#696,#307,#308,#309,#310,#311),#7243,.F.);
#7899=ADVANCED_FACE('',(#697),#7244,.F.);
#7900=ADVANCED_FACE('',(#698),#7245,.F.);
#7901=ADVANCED_FACE('',(#699),#7246,.F.);
#7902=ADVANCED_FACE('',(#700),#7247,.F.);
#7903=ADVANCED_FACE('',(#701),#238,.F.);
#7904=ADVANCED_FACE('',(#702),#7248,.F.);
#7905=ADVANCED_FACE('',(#703),#7249,.F.);
#7906=ADVANCED_FACE('',(#704),#7250,.F.);
#7907=ADVANCED_FACE('',(#705),#7251,.T.);
#7908=ADVANCED_FACE('',(#706),#239,.F.);
#7909=ADVANCED_FACE('',(#707,#312),#7252,.F.);
#7910=ADVANCED_FACE('',(#708),#240,.F.);
#7911=ADVANCED_FACE('',(#709),#241,.F.);
#7912=ADVANCED_FACE('',(#710,#313),#7253,.F.);
#7913=ADVANCED_FACE('',(#711),#242,.F.);
#7914=ADVANCED_FACE('',(#712),#243,.F.);
#7915=ADVANCED_FACE('',(#713,#314),#7254,.F.);
#7916=ADVANCED_FACE('',(#714),#244,.F.);
#7917=ADVANCED_FACE('',(#715),#245,.F.);
#7918=ADVANCED_FACE('',(#716,#315),#7255,.F.);
#7919=ADVANCED_FACE('',(#717),#246,.F.);
#7920=ADVANCED_FACE('',(#718),#7256,.F.);
#7921=ADVANCED_FACE('',(#719),#7257,.F.);
#7922=ADVANCED_FACE('',(#720),#7258,.F.);
#7923=ADVANCED_FACE('',(#721),#7259,.F.);
#7924=ADVANCED_FACE('',(#722),#7260,.F.);
#7925=ADVANCED_FACE('',(#723),#7261,.F.);
#7926=ADVANCED_FACE('',(#724),#7262,.F.);
#7927=ADVANCED_FACE('',(#725),#7263,.F.);
#7928=ADVANCED_FACE('',(#726,#316,#317,#318,#319,#320),#7264,.T.);
#7929=ADVANCED_FACE('',(#727,#321,#322,#323,#324,#325),#7265,.F.);
#7930=ADVANCED_FACE('',(#728),#247,.T.);
#7931=ADVANCED_FACE('',(#729,#326),#7266,.F.);
#7932=ADVANCED_FACE('',(#730),#248,.F.);
#7933=ADVANCED_FACE('',(#731),#249,.F.);
#7934=ADVANCED_FACE('',(#732),#250,.F.);
#7935=ADVANCED_FACE('',(#733),#251,.F.);
#7936=ADVANCED_FACE('',(#734),#252,.F.);
#7937=ADVANCED_FACE('',(#735),#7267,.T.);
#7938=ADVANCED_FACE('',(#736),#253,.F.);
#7939=ADVANCED_FACE('',(#737),#7268,.T.);
#7940=ADVANCED_FACE('',(#738),#7269,.T.);
#7941=ADVANCED_FACE('',(#739),#7270,.T.);
#7942=ADVANCED_FACE('',(#740),#7271,.T.);
#7943=ADVANCED_FACE('',(#741),#7272,.F.);
#7944=ADVANCED_FACE('',(#742),#7273,.F.);
#7945=ADVANCED_FACE('',(#743),#7274,.F.);
#7946=ADVANCED_FACE('',(#744),#7275,.F.);
#7947=ADVANCED_FACE('',(#745),#7276,.T.);
#7948=ADVANCED_FACE('',(#746),#7277,.T.);
#7949=ADVANCED_FACE('',(#747),#7278,.T.);
#7950=ADVANCED_FACE('',(#748),#7279,.T.);
#7951=ADVANCED_FACE('',(#749),#7280,.F.);
#7952=ADVANCED_FACE('',(#750),#7281,.F.);
#7953=ADVANCED_FACE('',(#751),#7282,.F.);
#7954=ADVANCED_FACE('',(#752),#7283,.F.);
#7955=ADVANCED_FACE('',(#753),#7284,.T.);
#7956=ADVANCED_FACE('',(#754),#7285,.T.);
#7957=ADVANCED_FACE('',(#755),#7286,.T.);
#7958=ADVANCED_FACE('',(#756),#7287,.T.);
#7959=ADVANCED_FACE('',(#757),#7288,.F.);
#7960=ADVANCED_FACE('',(#758),#7289,.F.);
#7961=ADVANCED_FACE('',(#759),#7290,.F.);
#7962=ADVANCED_FACE('',(#760),#7291,.F.);
#7963=ADVANCED_FACE('',(#761),#7292,.T.);
#7964=ADVANCED_FACE('',(#762),#7293,.T.);
#7965=ADVANCED_FACE('',(#763),#7294,.T.);
#7966=ADVANCED_FACE('',(#764),#7295,.T.);
#7967=ADVANCED_FACE('',(#765),#7296,.F.);
#7968=ADVANCED_FACE('',(#766),#7297,.F.);
#7969=ADVANCED_FACE('',(#767),#7298,.F.);
#7970=ADVANCED_FACE('',(#768),#7299,.F.);
#7971=ADVANCED_FACE('',(#769),#7300,.T.);
#7972=ADVANCED_FACE('',(#770),#7301,.T.);
#7973=ADVANCED_FACE('',(#771),#7302,.T.);
#7974=ADVANCED_FACE('',(#772),#7303,.T.);
#7975=ADVANCED_FACE('',(#773),#7304,.F.);
#7976=ADVANCED_FACE('',(#774),#7305,.F.);
#7977=ADVANCED_FACE('',(#775),#7306,.F.);
#7978=ADVANCED_FACE('',(#776),#7307,.F.);
#7979=ADVANCED_FACE('',(#777),#7308,.F.);
#7980=ADVANCED_FACE('',(#778),#7309,.F.);
#7981=ADVANCED_FACE('',(#779),#7310,.F.);
#7982=ADVANCED_FACE('',(#780),#7311,.F.);
#7983=ADVANCED_FACE('',(#781),#7312,.F.);
#7984=ADVANCED_FACE('',(#782),#7313,.T.);
#7985=ADVANCED_FACE('',(#783),#7314,.F.);
#7986=ADVANCED_FACE('',(#784),#7315,.F.);
#7987=ADVANCED_FACE('',(#785),#7316,.F.);
#7988=ADVANCED_FACE('',(#786),#7317,.F.);
#7989=ADVANCED_FACE('',(#787),#7318,.F.);
#7990=ADVANCED_FACE('',(#788),#254,.F.);
#7991=ADVANCED_FACE('',(#789),#7319,.F.);
#7992=ADVANCED_FACE('',(#790),#255,.T.);
#7993=ADVANCED_FACE('',(#791),#7320,.F.);
#7994=ADVANCED_FACE('',(#792),#7321,.F.);
#7995=ADVANCED_FACE('',(#793),#7322,.F.);
#7996=ADVANCED_FACE('',(#794),#7323,.F.);
#7997=ADVANCED_FACE('',(#795),#7324,.F.);
#7998=ADVANCED_FACE('',(#796),#7325,.T.);
#7999=ADVANCED_FACE('',(#797),#7326,.F.);
#8000=ADVANCED_FACE('',(#798),#7327,.F.);
#8001=ADVANCED_FACE('',(#799),#7328,.F.);
#8002=ADVANCED_FACE('',(#800),#7329,.F.);
#8003=ADVANCED_FACE('',(#801),#7330,.F.);
#8004=ADVANCED_FACE('',(#802),#256,.F.);
#8005=ADVANCED_FACE('',(#803),#7331,.F.);
#8006=ADVANCED_FACE('',(#804),#257,.T.);
#8007=ADVANCED_FACE('',(#805),#7332,.F.);
#8008=ADVANCED_FACE('',(#806),#7333,.F.);
#8009=ADVANCED_FACE('',(#807),#7334,.F.);
#8010=ADVANCED_FACE('',(#808),#7335,.F.);
#8011=ADVANCED_FACE('',(#809),#7336,.F.);
#8012=ADVANCED_FACE('',(#810),#7337,.T.);
#8013=ADVANCED_FACE('',(#811),#7338,.F.);
#8014=ADVANCED_FACE('',(#812),#7339,.F.);
#8015=ADVANCED_FACE('',(#813),#7340,.F.);
#8016=ADVANCED_FACE('',(#814),#7341,.F.);
#8017=ADVANCED_FACE('',(#815),#7342,.F.);
#8018=ADVANCED_FACE('',(#816),#258,.F.);
#8019=ADVANCED_FACE('',(#817),#7343,.F.);
#8020=ADVANCED_FACE('',(#818),#259,.T.);
#8021=ADVANCED_FACE('',(#819),#7344,.F.);
#8022=ADVANCED_FACE('',(#820),#7345,.F.);
#8023=ADVANCED_FACE('',(#821),#7346,.F.);
#8024=ADVANCED_FACE('',(#822),#7347,.F.);
#8025=ADVANCED_FACE('',(#823),#7348,.F.);
#8026=ADVANCED_FACE('',(#824),#7349,.T.);
#8027=ADVANCED_FACE('',(#825),#7350,.F.);
#8028=ADVANCED_FACE('',(#826),#7351,.F.);
#8029=ADVANCED_FACE('',(#827),#7352,.F.);
#8030=ADVANCED_FACE('',(#828),#7353,.F.);
#8031=ADVANCED_FACE('',(#829),#7354,.F.);
#8032=ADVANCED_FACE('',(#830),#260,.F.);
#8033=ADVANCED_FACE('',(#831),#7355,.F.);
#8034=ADVANCED_FACE('',(#832),#261,.T.);
#8035=ADVANCED_FACE('',(#833),#7356,.F.);
#8036=ADVANCED_FACE('',(#834),#7357,.F.);
#8037=ADVANCED_FACE('',(#835),#7358,.F.);
#8038=ADVANCED_FACE('',(#836),#7359,.F.);
#8039=ADVANCED_FACE('',(#837),#7360,.F.);
#8040=ADVANCED_FACE('',(#838),#7361,.T.);
#8041=ADVANCED_FACE('',(#839),#7362,.F.);
#8042=ADVANCED_FACE('',(#840),#7363,.F.);
#8043=ADVANCED_FACE('',(#841),#7364,.F.);
#8044=ADVANCED_FACE('',(#842),#7365,.F.);
#8045=ADVANCED_FACE('',(#843),#7366,.F.);
#8046=ADVANCED_FACE('',(#844),#262,.F.);
#8047=ADVANCED_FACE('',(#845),#7367,.F.);
#8048=ADVANCED_FACE('',(#846),#263,.T.);
#8049=ADVANCED_FACE('',(#847),#7368,.T.);
#8050=ADVANCED_FACE('',(#848),#7369,.F.);
#8051=ADVANCED_FACE('',(#849),#7370,.T.);
#8052=ADVANCED_FACE('',(#850),#7371,.T.);
#8053=ADVANCED_FACE('',(#851),#7372,.F.);
#8054=ADVANCED_FACE('',(#852),#7373,.T.);
#8055=ADVANCED_FACE('',(#853),#7374,.T.);
#8056=ADVANCED_FACE('',(#854),#7375,.F.);
#8057=ADVANCED_FACE('',(#855),#7376,.T.);
#8058=ADVANCED_FACE('',(#856),#7377,.T.);
#8059=ADVANCED_FACE('',(#857),#7378,.F.);
#8060=ADVANCED_FACE('',(#858),#7379,.T.);
#8061=ADVANCED_FACE('',(#859),#7380,.T.);
#8062=ADVANCED_FACE('',(#860),#7381,.F.);
#8063=ADVANCED_FACE('',(#861),#7382,.T.);
#8064=ADVANCED_FACE('',(#862),#7383,.T.);
#8065=ADVANCED_FACE('',(#863),#7384,.T.);
#8066=ADVANCED_FACE('',(#864),#7385,.T.);
#8067=ADVANCED_FACE('',(#865),#7386,.T.);
#8068=ADVANCED_FACE('',(#866),#7387,.F.);
#8069=ADVANCED_FACE('',(#867),#7388,.F.);
#8070=ADVANCED_FACE('',(#868),#7389,.F.);
#8071=ADVANCED_FACE('',(#869),#7390,.F.);
#8072=ADVANCED_FACE('',(#870),#7391,.F.);
#8073=ADVANCED_FACE('',(#871),#7392,.F.);
#8074=ADVANCED_FACE('',(#872),#7393,.F.);
#8075=ADVANCED_FACE('',(#873),#7394,.F.);
#8076=ADVANCED_FACE('',(#874),#7395,.F.);
#8077=ADVANCED_FACE('',(#875,#327),#7396,.T.);
#8078=ADVANCED_FACE('',(#876),#7397,.F.);
#8079=ADVANCED_FACE('',(#877),#7398,.F.);
#8080=ADVANCED_FACE('',(#878),#7399,.F.);
#8081=ADVANCED_FACE('',(#879),#7400,.F.);
#8082=ADVANCED_FACE('',(#880),#7401,.F.);
#8083=ADVANCED_FACE('',(#881),#264,.F.);
#8084=ADVANCED_FACE('',(#882),#7402,.F.);
#8085=ADVANCED_FACE('',(#883),#265,.T.);
#8086=ADVANCED_FACE('',(#884),#7403,.F.);
#8087=ADVANCED_FACE('',(#885),#7404,.F.);
#8088=ADVANCED_FACE('',(#886),#7405,.F.);
#8089=ADVANCED_FACE('',(#887),#7406,.F.);
#8090=ADVANCED_FACE('',(#888),#7407,.T.);
#8091=ADVANCED_FACE('',(#889),#7408,.T.);
#8092=ADVANCED_FACE('',(#890),#7409,.T.);
#8093=ADVANCED_FACE('',(#891),#7410,.T.);
#8094=ADVANCED_FACE('',(#892),#7411,.T.);
#8095=ADVANCED_FACE('',(#893),#7412,.T.);
#8096=ADVANCED_FACE('',(#894),#7413,.T.);
#8097=ADVANCED_FACE('',(#895),#7414,.F.);
#8098=ADVANCED_FACE('',(#896),#7415,.F.);
#8099=ADVANCED_FACE('',(#897),#7416,.F.);
#8100=ADVANCED_FACE('',(#898),#7417,.T.);
#8101=ADVANCED_FACE('',(#899),#7418,.F.);
#8102=ADVANCED_FACE('',(#900),#7419,.F.);
#8103=ADVANCED_FACE('',(#901),#7420,.F.);
#8104=ADVANCED_FACE('',(#902),#7421,.T.);
#8105=ADVANCED_FACE('',(#903),#7422,.F.);
#8106=ADVANCED_FACE('',(#904),#7423,.F.);
#8107=ADVANCED_FACE('',(#905),#7424,.F.);
#8108=ADVANCED_FACE('',(#906),#7425,.T.);
#8109=ADVANCED_FACE('',(#907),#7426,.F.);
#8110=ADVANCED_FACE('',(#908),#7427,.F.);
#8111=ADVANCED_FACE('',(#909),#7428,.F.);
#8112=ADVANCED_FACE('',(#910),#7429,.T.);
#8113=ADVANCED_FACE('',(#911),#7430,.T.);
#8114=ADVANCED_FACE('',(#912),#7431,.F.);
#8115=ADVANCED_FACE('',(#913),#7432,.F.);
#8116=ADVANCED_FACE('',(#914),#7433,.F.);
#8117=ADVANCED_FACE('',(#915),#7434,.F.);
#8118=ADVANCED_FACE('',(#916),#7435,.T.);
#8119=ADVANCED_FACE('',(#917),#266,.F.);
#8120=ADVANCED_FACE('',(#918),#7436,.T.);
#8121=ADVANCED_FACE('',(#919),#7437,.F.);
#8122=ADVANCED_FACE('',(#920),#7438,.F.);
#8123=ADVANCED_FACE('',(#921),#267,.F.);
#8124=ADVANCED_FACE('',(#922),#7439,.F.);
#8125=ADVANCED_FACE('',(#923),#7440,.F.);
#8126=ADVANCED_FACE('',(#924),#7441,.F.);
#8127=ADVANCED_FACE('',(#925),#7442,.T.);
#8128=ADVANCED_FACE('',(#926),#7443,.F.);
#8129=ADVANCED_FACE('',(#927),#7444,.T.);
#8130=ADVANCED_FACE('',(#928),#7445,.T.);
#8131=ADVANCED_FACE('',(#929),#7446,.F.);
#8132=ADVANCED_FACE('',(#930),#7447,.F.);
#8133=ADVANCED_FACE('',(#931),#7448,.F.);
#8134=ADVANCED_FACE('',(#932),#7449,.T.);
#8135=ADVANCED_FACE('',(#933),#7450,.F.);
#8136=ADVANCED_FACE('',(#934),#7451,.F.);
#8137=ADVANCED_FACE('',(#935),#7452,.F.);
#8138=ADVANCED_FACE('',(#936),#7453,.T.);
#8139=ADVANCED_FACE('',(#937),#7454,.T.);
#8140=ADVANCED_FACE('',(#938),#7455,.T.);
#8141=ADVANCED_FACE('',(#939),#7456,.F.);
#8142=ADVANCED_FACE('',(#940),#7457,.F.);
#8143=ADVANCED_FACE('',(#941),#7458,.F.);
#8144=ADVANCED_FACE('',(#942),#7459,.F.);
#8145=ADVANCED_FACE('',(#943),#7460,.F.);
#8146=ADVANCED_FACE('',(#944),#7461,.T.);
#8147=ADVANCED_FACE('',(#945),#7462,.T.);
#8148=ADVANCED_FACE('',(#946),#7463,.T.);
#8149=ADVANCED_FACE('',(#947),#7464,.T.);
#8150=ADVANCED_FACE('',(#948),#7465,.T.);
#8151=ADVANCED_FACE('',(#949),#7466,.F.);
#8152=ADVANCED_FACE('',(#950),#7467,.T.);
#8153=ADVANCED_FACE('',(#951),#7468,.T.);
#8154=ADVANCED_FACE('',(#952),#7469,.F.);
#8155=ADVANCED_FACE('',(#953),#7470,.T.);
#8156=ADVANCED_FACE('',(#954),#7471,.F.);
#8157=ADVANCED_FACE('',(#955),#7472,.F.);
#8158=ADVANCED_FACE('',(#956,#328),#7473,.T.);
#8159=ADVANCED_FACE('',(#957,#329),#7474,.T.);
#8160=ADVANCED_FACE('',(#958,#330),#7475,.T.);
#8161=ADVANCED_FACE('',(#959,#331),#7476,.T.);
#8162=ADVANCED_FACE('',(#960,#332),#7477,.T.);
#8163=ADVANCED_FACE('',(#961,#333),#7478,.T.);
#8164=ADVANCED_FACE('',(#962,#334,#335,#336,#337,#338,#339),#7479,.T.);
#8165=ADVANCED_FACE('',(#963),#268,.T.);
#8166=ADVANCED_FACE('',(#964),#7480,.T.);
#8167=ADVANCED_FACE('',(#965),#7481,.F.);
#8168=ADVANCED_FACE('',(#966),#7482,.T.);
#8169=ADVANCED_FACE('',(#967),#7483,.F.);
#8170=ADVANCED_FACE('',(#968),#170,.T.);
#8171=ADVANCED_FACE('',(#969),#171,.T.);
#8172=ADVANCED_FACE('',(#970),#160,.T.);
#8173=ADVANCED_FACE('',(#971),#172,.T.);
#8174=ADVANCED_FACE('',(#972,#340),#7484,.T.);
#8175=ADVANCED_FACE('',(#973),#127,.F.);
#8176=ADVANCED_FACE('',(#974),#269,.T.);
#8177=ADVANCED_FACE('',(#975),#173,.T.);
#8178=ADVANCED_FACE('',(#976),#270,.T.);
#8179=ADVANCED_FACE('',(#977),#174,.T.);
#8180=ADVANCED_FACE('',(#978),#7485,.T.);
#8181=ADVANCED_FACE('',(#979),#7486,.T.);
#8182=ADVANCED_FACE('',(#980),#7487,.T.);
#8183=ADVANCED_FACE('',(#981),#7488,.T.);
#8184=ADVANCED_FACE('',(#982),#7489,.T.);
#8185=ADVANCED_FACE('',(#983),#7490,.T.);
#8186=ADVANCED_FACE('',(#984),#7491,.T.);
#8187=ADVANCED_FACE('',(#985),#7492,.T.);
#8188=ADVANCED_FACE('',(#986),#7493,.T.);
#8189=ADVANCED_FACE('',(#987),#7494,.T.);
#8190=ADVANCED_FACE('',(#988),#7495,.T.);
#8191=ADVANCED_FACE('',(#989),#7496,.T.);
#8192=ADVANCED_FACE('',(#990),#7497,.T.);
#8193=ADVANCED_FACE('',(#991),#7498,.T.);
#8194=ADVANCED_FACE('',(#992),#7499,.T.);
#8195=ADVANCED_FACE('',(#993),#7500,.T.);
#8196=ADVANCED_FACE('',(#994),#7501,.T.);
#8197=ADVANCED_FACE('',(#995),#7502,.T.);
#8198=ADVANCED_FACE('',(#996),#7503,.T.);
#8199=ADVANCED_FACE('',(#997),#7504,.T.);
#8200=ADVANCED_FACE('',(#998),#7505,.T.);
#8201=ADVANCED_FACE('',(#999),#7506,.F.);
#8202=ADVANCED_FACE('',(#1000),#128,.T.);
#8203=ADVANCED_FACE('',(#1001,#341),#7507,.T.);
#8204=ADVANCED_FACE('',(#1002),#271,.T.);
#8205=ADVANCED_FACE('',(#1003,#342),#7508,.T.);
#8206=ADVANCED_FACE('',(#1004),#129,.T.);
#8207=ADVANCED_FACE('',(#1005),#130,.F.);
#8208=ADVANCED_FACE('',(#1006),#131,.T.);
#8209=ADVANCED_FACE('',(#1007,#343),#7509,.T.);
#8210=ADVANCED_FACE('',(#1008),#272,.F.);
#8211=ADVANCED_FACE('',(#1009,#344),#7510,.T.);
#8212=ADVANCED_FACE('',(#1010),#132,.T.);
#8213=ADVANCED_FACE('',(#1011),#133,.F.);
#8214=ADVANCED_FACE('',(#1012),#273,.F.);
#8215=ADVANCED_FACE('',(#1013),#274,.F.);
#8216=ADVANCED_FACE('',(#1014),#275,.F.);
#8217=ADVANCED_FACE('',(#1015),#276,.F.);
#8218=ADVANCED_FACE('',(#1016),#277,.F.);
#8219=ADVANCED_FACE('',(#1017),#7511,.F.);
#8220=ADVANCED_FACE('',(#1018),#7512,.F.);
#8221=ADVANCED_FACE('',(#1019),#7513,.F.);
#8222=ADVANCED_FACE('',(#1020),#7514,.F.);
#8223=ADVANCED_FACE('',(#1021),#7515,.T.);
#8224=ADVANCED_FACE('',(#1022),#7516,.T.);
#8225=ADVANCED_FACE('',(#1023),#7517,.T.);
#8226=ADVANCED_FACE('',(#1024,#345),#7518,.T.);
#8227=ADVANCED_FACE('',(#1025),#7519,.T.);
#8228=ADVANCED_FACE('',(#1026,#346,#347,#348,#349,#350),#7520,.T.);
#8229=ADVANCED_FACE('',(#1027),#7521,.T.);
#8230=ADVANCED_FACE('',(#1028,#351,#352,#353,#354,#355),#7522,.T.);
#8231=ADVANCED_FACE('',(#1029,#356),#7523,.T.);
#8232=ADVANCED_FACE('',(#1030),#7524,.T.);
#8233=ADVANCED_FACE('',(#1031,#357),#7525,.T.);
#8234=ADVANCED_FACE('',(#1032,#358),#7526,.T.);
#8235=ADVANCED_FACE('',(#1033,#359,#360),#161,.T.);
#8236=ADVANCED_FACE('',(#1034,#361,#362),#162,.T.);
#8237=ADVANCED_FACE('',(#1035,#363,#364),#163,.T.);
#8238=ADVANCED_FACE('',(#1036,#365,#366),#164,.T.);
#8239=ADVANCED_FACE('',(#1037,#367,#368),#165,.T.);
#8240=ADVANCED_FACE('',(#1038,#369,#370),#166,.T.);
#8241=ADVANCED_FACE('',(#1039,#371),#167,.T.);
#8242=ADVANCED_FACE('',(#1040,#372,#373),#168,.T.);
#8243=ADVANCED_FACE('',(#1041,#374,#375),#169,.T.);
#8244=ADVANCED_FACE('',(#1042),#134,.F.);
#8245=ADVANCED_FACE('',(#1043),#135,.F.);
#8246=ADVANCED_FACE('',(#1044),#136,.F.);
#8247=ADVANCED_FACE('',(#1045),#137,.F.);
#8248=ADVANCED_FACE('',(#1046),#138,.F.);
#8249=ADVANCED_FACE('',(#1047),#139,.F.);
#8250=ADVANCED_FACE('',(#1048),#140,.F.);
#8251=ADVANCED_FACE('',(#1049),#141,.F.);
#8252=ADVANCED_FACE('',(#1050,#376),#7527,.T.);
#8253=ADVANCED_FACE('',(#1051),#142,.T.);
#8254=ADVANCED_FACE('',(#1052),#278,.F.);
#8255=ADVANCED_FACE('',(#1053),#143,.T.);
#8256=ADVANCED_FACE('',(#1054,#377),#7528,.T.);
#8257=ADVANCED_FACE('',(#1055),#144,.T.);
#8258=ADVANCED_FACE('',(#1056),#279,.T.);
#8259=ADVANCED_FACE('',(#1057),#145,.F.);
#8260=ADVANCED_FACE('',(#1058),#280,.T.);
#8261=ADVANCED_FACE('',(#1059),#146,.T.);
#8262=ADVANCED_FACE('',(#1060),#281,.T.);
#8263=ADVANCED_FACE('',(#1061),#147,.T.);
#8264=ADVANCED_FACE('',(#1062,#378),#7529,.T.);
#8265=ADVANCED_FACE('',(#1063),#148,.T.);
#8266=ADVANCED_FACE('',(#1064),#282,.F.);
#8267=ADVANCED_FACE('',(#1065),#149,.F.);
#8268=ADVANCED_FACE('',(#1066),#283,.F.);
#8269=ADVANCED_FACE('',(#1067),#150,.T.);
#8270=ADVANCED_FACE('',(#1068,#379),#7530,.T.);
#8271=ADVANCED_FACE('',(#1069),#151,.T.);
#8272=ADVANCED_FACE('',(#1070),#152,.F.);
#8273=ADVANCED_FACE('',(#1071),#153,.F.);
#8274=ADVANCED_FACE('',(#1072),#154,.F.);
#8275=ADVANCED_FACE('',(#1073),#155,.F.);
#8276=ADVANCED_FACE('',(#1074),#156,.F.);
#8277=ADVANCED_FACE('',(#1075),#157,.F.);
#8278=ADVANCED_FACE('',(#1076),#158,.F.);
#8279=ADVANCED_FACE('',(#1077),#159,.F.);
#8280=ADVANCED_FACE('',(#1078,#380),#7531,.F.);
#8281=ADVANCED_FACE('',(#1079),#284,.F.);
#8282=ADVANCED_FACE('',(#1080),#7532,.T.);
#8283=ADVANCED_FACE('',(#1081),#7533,.T.);
#8284=ADVANCED_FACE('',(#1082),#285,.T.);
#8285=ADVANCED_FACE('',(#1083),#7534,.T.);
#8286=ADVANCED_FACE('',(#1084,#381),#7535,.T.);
#8287=ADVANCED_FACE('',(#1085),#286,.F.);
#8288=ADVANCED_FACE('',(#1086),#7536,.T.);
#8289=ADVANCED_FACE('',(#1087,#382),#7537,.T.);
#8290=ADVANCED_FACE('',(#1088),#7538,.T.);
#8291=ADVANCED_FACE('',(#1089,#383),#7539,.T.);
#8292=ADVANCED_FACE('',(#1090),#7540,.T.);
#8293=ADVANCED_FACE('',(#1091),#7541,.F.);
#8294=ADVANCED_FACE('',(#1092,#384),#7542,.F.);
#8295=ADVANCED_FACE('',(#1093),#287,.F.);
#8296=ADVANCED_FACE('',(#1094),#288,.T.);
#8297=ADVANCED_FACE('',(#1095,#385),#7543,.T.);
#8298=ADVANCED_FACE('',(#1096,#386),#7544,.F.);
#8299=ADVANCED_FACE('',(#1097),#289,.F.);
#8300=ADVANCED_FACE('',(#1098),#7545,.T.);
#8301=ADVANCED_FACE('',(#1099),#7546,.T.);
#8302=ADVANCED_FACE('',(#1100),#7547,.T.);
#8303=ADVANCED_FACE('',(#1101),#290,.T.);
#8304=ADVANCED_FACE('',(#1102,#387),#7548,.T.);
#8305=ADVANCED_FACE('',(#1103),#291,.T.);
#8306=ADVANCED_FACE('',(#1104),#7549,.T.);
#8307=ADVANCED_FACE('',(#1105),#7550,.F.);
#8308=CLOSED_SHELL('',(#7870,#7871,#7872,#7873,#7874,#7875,#7876,#7877,
#7878,#7879,#7880,#7881,#7882,#7883,#7884,#7885,#7886,#7887,#7888,#7889,
#7890,#7891,#7892));
#8309=CLOSED_SHELL('',(#7893,#7894,#7895,#7896,#7897,#7898,#7899,#7900,
#7901,#7902,#7903,#7904,#7905,#7906,#7907,#7908,#7909,#7910,#7911,#7912,
#7913,#7914,#7915,#7916,#7917,#7918,#7919));
#8310=CLOSED_SHELL('',(#7920,#7921,#7922,#7923,#7924,#7925,#7926,#7927,
#7928,#7929,#7930,#7931,#7932,#7933,#7934,#7935,#7936));
#8311=CLOSED_SHELL('',(#7937,#7938,#7939,#7940,#7941,#7942,#7943,#7944,
#7945,#7946,#7947,#7948,#7949,#7950,#7951,#7952,#7953,#7954,#7955,#7956,
#7957,#7958,#7959,#7960,#7961,#7962,#7963,#7964,#7965,#7966,#7967,#7968,
#7969,#7970,#7971,#7972,#7973,#7974,#7975,#7976,#7977,#7978,#7979,#7980,
#7981,#7982,#7983,#7984,#7985,#7986,#7987,#7988,#7989,#7990,#7991,#7992,
#7993,#7994,#7995,#7996,#7997,#7998,#7999,#8000,#8001,#8002,#8003,#8004,
#8005,#8006,#8007,#8008,#8009,#8010,#8011,#8012,#8013,#8014,#8015,#8016,
#8017,#8018,#8019,#8020,#8021,#8022,#8023,#8024,#8025,#8026,#8027,#8028,
#8029,#8030,#8031,#8032,#8033,#8034,#8035,#8036,#8037,#8038,#8039,#8040,
#8041,#8042,#8043,#8044,#8045,#8046,#8047,#8048,#8049,#8050,#8051,#8052,
#8053,#8054,#8055,#8056,#8057,#8058,#8059,#8060,#8061,#8062,#8063,#8064,
#8065,#8066,#8067,#8068,#8069,#8070,#8071,#8072,#8073,#8074,#8075,#8076,
#8077,#8078,#8079,#8080,#8081,#8082,#8083,#8084,#8085,#8086,#8087,#8088,
#8089,#8090,#8091,#8092,#8093,#8094,#8095,#8096,#8097,#8098,#8099,#8100,
#8101,#8102,#8103,#8104,#8105,#8106,#8107,#8108,#8109,#8110,#8111,#8112,
#8113,#8114,#8115,#8116,#8117,#8118,#8119,#8120,#8121,#8122,#8123,#8124,
#8125,#8126,#8127,#8128,#8129,#8130,#8131,#8132,#8133,#8134,#8135,#8136,
#8137,#8138,#8139,#8140,#8141,#8142,#8143,#8144,#8145,#8146,#8147,#8148,
#8149,#8150,#8151,#8152,#8153,#8154,#8155,#8156,#8157,#8158,#8159,#8160,
#8161,#8162,#8163,#8164));
#8312=CLOSED_SHELL('',(#8165,#8166,#8167,#8168,#8169,#8170,#8171));
#8313=CLOSED_SHELL('',(#8172,#8173,#8174,#8175,#8176,#8177,#8178,#8179,
#8180,#8181,#8182,#8183,#8184,#8185,#8186,#8187,#8188,#8189,#8190,#8191,
#8192,#8193,#8194,#8195,#8196,#8197,#8198,#8199,#8200,#8201));
#8314=CLOSED_SHELL('',(#8202,#8203,#8204,#8205,#8206,#8207,#8208,#8209,
#8210,#8211,#8212,#8213));
#8315=CLOSED_SHELL('',(#8214,#8215,#8216,#8217,#8218,#8219,#8220,#8221,
#8222,#8223,#8224,#8225,#8226,#8227,#8228,#8229,#8230,#8231,#8232,#8233,
#8234));
#8316=CLOSED_SHELL('',(#8235));
#8317=CLOSED_SHELL('',(#8236));
#8318=CLOSED_SHELL('',(#8237));
#8319=CLOSED_SHELL('',(#8238));
#8320=CLOSED_SHELL('',(#8239));
#8321=CLOSED_SHELL('',(#8240));
#8322=CLOSED_SHELL('',(#8241));
#8323=CLOSED_SHELL('',(#8242));
#8324=CLOSED_SHELL('',(#8243));
#8325=CLOSED_SHELL('',(#8244,#8245,#8246,#8247,#8248,#8249,#8250,#8251,
#8252,#8253,#8254,#8255,#8256,#8257,#8258,#8259,#8260,#8261));
#8326=CLOSED_SHELL('',(#8262,#8263,#8264,#8265,#8266,#8267,#8268,#8269,
#8270,#8271,#8272,#8273,#8274,#8275,#8276,#8277,#8278,#8279));
#8327=CLOSED_SHELL('',(#8280,#8281,#8282,#8283,#8284,#8285,#8286));
#8328=CLOSED_SHELL('',(#8287,#8288,#8289,#8290,#8291,#8292,#8293));
#8329=CLOSED_SHELL('',(#8294,#8295,#8296,#8297));
#8330=CLOSED_SHELL('',(#8298,#8299,#8300,#8301,#8302,#8303,#8304));
#8331=CLOSED_SHELL('',(#8305,#8306,#8307));
#8332=DERIVED_UNIT_ELEMENT(#8358,1.);
#8333=DERIVED_UNIT_ELEMENT(#13913,-3.);
#8334=DERIVED_UNIT_ELEMENT(#8358,1.);
#8335=DERIVED_UNIT_ELEMENT(#13913,-3.);
#8336=DERIVED_UNIT_ELEMENT(#8358,1.);
#8337=DERIVED_UNIT_ELEMENT(#13913,-3.);
#8338=DERIVED_UNIT_ELEMENT(#8358,1.);
#8339=DERIVED_UNIT_ELEMENT(#13913,-3.);
#8340=DERIVED_UNIT_ELEMENT(#8358,1.);
#8341=DERIVED_UNIT_ELEMENT(#13913,-3.);
#8342=DERIVED_UNIT_ELEMENT(#8358,1.);
#8343=DERIVED_UNIT_ELEMENT(#13913,-3.);
#8344=DERIVED_UNIT_ELEMENT(#8358,1.);
#8345=DERIVED_UNIT_ELEMENT(#13913,-3.);
#8346=DERIVED_UNIT_ELEMENT(#8358,1.);
#8347=DERIVED_UNIT_ELEMENT(#13913,-3.);
#8348=DERIVED_UNIT_ELEMENT(#8358,1.);
#8349=DERIVED_UNIT_ELEMENT(#13913,-3.);
#8350=DERIVED_UNIT_ELEMENT(#8358,1.);
#8351=DERIVED_UNIT_ELEMENT(#13913,-3.);
#8352=DERIVED_UNIT_ELEMENT(#8358,1.);
#8353=DERIVED_UNIT_ELEMENT(#13913,-3.);
#8354=DERIVED_UNIT_ELEMENT(#8358,1.);
#8355=DERIVED_UNIT_ELEMENT(#13913,-3.);
#8356=DERIVED_UNIT_ELEMENT(#8358,1.);
#8357=DERIVED_UNIT_ELEMENT(#13913,-3.);
#8358=(
MASS_UNIT()
NAMED_UNIT(*)
SI_UNIT(.KILO.,.GRAM.)
);
#8359=DERIVED_UNIT((#8332,#8333));
#8360=DERIVED_UNIT((#8334,#8335));
#8361=DERIVED_UNIT((#8336,#8337));
#8362=DERIVED_UNIT((#8338,#8339));
#8363=DERIVED_UNIT((#8340,#8341));
#8364=DERIVED_UNIT((#8342,#8343));
#8365=DERIVED_UNIT((#8344,#8345));
#8366=DERIVED_UNIT((#8346,#8347));
#8367=DERIVED_UNIT((#8348,#8349));
#8368=DERIVED_UNIT((#8350,#8351));
#8369=DERIVED_UNIT((#8352,#8353));
#8370=DERIVED_UNIT((#8354,#8355));
#8371=DERIVED_UNIT((#8356,#8357));
#8372=MEASURE_REPRESENTATION_ITEM('density measure',
POSITIVE_RATIO_MEASURE(7850.),#8359);
#8373=MEASURE_REPRESENTATION_ITEM('density measure',
POSITIVE_RATIO_MEASURE(7850.),#8360);
#8374=MEASURE_REPRESENTATION_ITEM('density measure',
POSITIVE_RATIO_MEASURE(7850.),#8361);
#8375=MEASURE_REPRESENTATION_ITEM('density measure',
POSITIVE_RATIO_MEASURE(7850.),#8362);
#8376=MEASURE_REPRESENTATION_ITEM('density measure',
POSITIVE_RATIO_MEASURE(7850.),#8363);
#8377=MEASURE_REPRESENTATION_ITEM('density measure',
POSITIVE_RATIO_MEASURE(7850.),#8364);
#8378=MEASURE_REPRESENTATION_ITEM('density measure',
POSITIVE_RATIO_MEASURE(7850.),#8365);
#8379=MEASURE_REPRESENTATION_ITEM('density measure',
POSITIVE_RATIO_MEASURE(7850.),#8366);
#8380=MEASURE_REPRESENTATION_ITEM('density measure',
POSITIVE_RATIO_MEASURE(7850.),#8367);
#8381=MEASURE_REPRESENTATION_ITEM('density measure',
POSITIVE_RATIO_MEASURE(7850.),#8368);
#8382=MEASURE_REPRESENTATION_ITEM('density measure',
POSITIVE_RATIO_MEASURE(7850.),#8369);
#8383=MEASURE_REPRESENTATION_ITEM('density measure',
POSITIVE_RATIO_MEASURE(7850.),#8370);
#8384=MEASURE_REPRESENTATION_ITEM('density measure',
POSITIVE_RATIO_MEASURE(7850.),#8371);
#8385=PROPERTY_DEFINITION_REPRESENTATION(#8450,#8411);
#8386=PROPERTY_DEFINITION_REPRESENTATION(#8451,#8412);
#8387=PROPERTY_DEFINITION_REPRESENTATION(#8452,#8413);
#8388=PROPERTY_DEFINITION_REPRESENTATION(#8453,#8414);
#8389=PROPERTY_DEFINITION_REPRESENTATION(#8454,#8415);
#8390=PROPERTY_DEFINITION_REPRESENTATION(#8455,#8416);
#8391=PROPERTY_DEFINITION_REPRESENTATION(#8456,#8417);
#8392=PROPERTY_DEFINITION_REPRESENTATION(#8457,#8418);
#8393=PROPERTY_DEFINITION_REPRESENTATION(#8458,#8419);
#8394=PROPERTY_DEFINITION_REPRESENTATION(#8459,#8420);
#8395=PROPERTY_DEFINITION_REPRESENTATION(#8460,#8421);
#8396=PROPERTY_DEFINITION_REPRESENTATION(#8461,#8422);
#8397=PROPERTY_DEFINITION_REPRESENTATION(#8462,#8423);
#8398=PROPERTY_DEFINITION_REPRESENTATION(#8463,#8424);
#8399=PROPERTY_DEFINITION_REPRESENTATION(#8464,#8425);
#8400=PROPERTY_DEFINITION_REPRESENTATION(#8465,#8426);
#8401=PROPERTY_DEFINITION_REPRESENTATION(#8466,#8427);
#8402=PROPERTY_DEFINITION_REPRESENTATION(#8467,#8428);
#8403=PROPERTY_DEFINITION_REPRESENTATION(#8468,#8429);
#8404=PROPERTY_DEFINITION_REPRESENTATION(#8469,#8430);
#8405=PROPERTY_DEFINITION_REPRESENTATION(#8470,#8431);
#8406=PROPERTY_DEFINITION_REPRESENTATION(#8471,#8432);
#8407=PROPERTY_DEFINITION_REPRESENTATION(#8472,#8433);
#8408=PROPERTY_DEFINITION_REPRESENTATION(#8473,#8434);
#8409=PROPERTY_DEFINITION_REPRESENTATION(#8474,#8435);
#8410=PROPERTY_DEFINITION_REPRESENTATION(#8475,#8436);
#8411=REPRESENTATION('material name',(#8437),#13897);
#8412=REPRESENTATION('density',(#8372),#13897);
#8413=REPRESENTATION('material name',(#8438),#13898);
#8414=REPRESENTATION('density',(#8373),#13898);
#8415=REPRESENTATION('material name',(#8439),#13899);
#8416=REPRESENTATION('density',(#8374),#13899);
#8417=REPRESENTATION('material name',(#8440),#13900);
#8418=REPRESENTATION('density',(#8375),#13900);
#8419=REPRESENTATION('material name',(#8441),#13901);
#8420=REPRESENTATION('density',(#8376),#13901);
#8421=REPRESENTATION('material name',(#8442),#13902);
#8422=REPRESENTATION('density',(#8377),#13902);
#8423=REPRESENTATION('material name',(#8443),#13903);
#8424=REPRESENTATION('density',(#8378),#13903);
#8425=REPRESENTATION('material name',(#8444),#13904);
#8426=REPRESENTATION('density',(#8379),#13904);
#8427=REPRESENTATION('material name',(#8445),#13907);
#8428=REPRESENTATION('density',(#8380),#13907);
#8429=REPRESENTATION('material name',(#8446),#13908);
#8430=REPRESENTATION('density',(#8381),#13908);
#8431=REPRESENTATION('material name',(#8447),#13909);
#8432=REPRESENTATION('density',(#8382),#13909);
#8433=REPRESENTATION('material name',(#8448),#13910);
#8434=REPRESENTATION('density',(#8383),#13910);
#8435=REPRESENTATION('material name',(#8449),#13911);
#8436=REPRESENTATION('density',(#8384),#13911);
#8437=DESCRIPTIVE_REPRESENTATION_ITEM('Steel','Steel');
#8438=DESCRIPTIVE_REPRESENTATION_ITEM('Steel','Steel');
#8439=DESCRIPTIVE_REPRESENTATION_ITEM('Steel','Steel');
#8440=DESCRIPTIVE_REPRESENTATION_ITEM('Steel','Steel');
#8441=DESCRIPTIVE_REPRESENTATION_ITEM('Steel','Steel');
#8442=DESCRIPTIVE_REPRESENTATION_ITEM('Steel','Steel');
#8443=DESCRIPTIVE_REPRESENTATION_ITEM('Steel','Steel');
#8444=DESCRIPTIVE_REPRESENTATION_ITEM('Steel','Steel');
#8445=DESCRIPTIVE_REPRESENTATION_ITEM('Steel','Steel');
#8446=DESCRIPTIVE_REPRESENTATION_ITEM('Steel','Steel');
#8447=DESCRIPTIVE_REPRESENTATION_ITEM('Steel','Steel');
#8448=DESCRIPTIVE_REPRESENTATION_ITEM('Steel','Steel');
#8449=DESCRIPTIVE_REPRESENTATION_ITEM('Steel','Steel');
#8450=PROPERTY_DEFINITION('material property','material name',#14003);
#8451=PROPERTY_DEFINITION('material property','density of part',#14003);
#8452=PROPERTY_DEFINITION('material property','material name',#14004);
#8453=PROPERTY_DEFINITION('material property','density of part',#14004);
#8454=PROPERTY_DEFINITION('material property','material name',#14005);
#8455=PROPERTY_DEFINITION('material property','density of part',#14005);
#8456=PROPERTY_DEFINITION('material property','material name',#14006);
#8457=PROPERTY_DEFINITION('material property','density of part',#14006);
#8458=PROPERTY_DEFINITION('material property','material name',#14007);
#8459=PROPERTY_DEFINITION('material property','density of part',#14007);
#8460=PROPERTY_DEFINITION('material property','material name',#14008);
#8461=PROPERTY_DEFINITION('material property','density of part',#14008);
#8462=PROPERTY_DEFINITION('material property','material name',#14009);
#8463=PROPERTY_DEFINITION('material property','density of part',#14009);
#8464=PROPERTY_DEFINITION('material property','material name',#14010);
#8465=PROPERTY_DEFINITION('material property','density of part',#14010);
#8466=PROPERTY_DEFINITION('material property','material name',#14013);
#8467=PROPERTY_DEFINITION('material property','density of part',#14013);
#8468=PROPERTY_DEFINITION('material property','material name',#14014);
#8469=PROPERTY_DEFINITION('material property','density of part',#14014);
#8470=PROPERTY_DEFINITION('material property','material name',#14015);
#8471=PROPERTY_DEFINITION('material property','density of part',#14015);
#8472=PROPERTY_DEFINITION('material property','material name',#14016);
#8473=PROPERTY_DEFINITION('material property','density of part',#14016);
#8474=PROPERTY_DEFINITION('material property','material name',#14017);
#8475=PROPERTY_DEFINITION('material property','density of part',#14017);
#8476=AXIS2_PLACEMENT_3D('',#11574,#9241,#9242);
#8477=AXIS2_PLACEMENT_3D('',#11575,#9243,#9244);
#8478=AXIS2_PLACEMENT_3D('',#11576,#9245,#9246);
#8479=AXIS2_PLACEMENT_3D('',#11577,#9247,#9248);
#8480=AXIS2_PLACEMENT_3D('',#11578,#9249,#9250);
#8481=AXIS2_PLACEMENT_3D('',#11587,#9255,#9256);
#8482=AXIS2_PLACEMENT_3D('',#11596,#9261,#9262);
#8483=AXIS2_PLACEMENT_3D('',#11605,#9267,#9268);
#8484=AXIS2_PLACEMENT_3D('',#11614,#9273,#9274);
#8485=AXIS2_PLACEMENT_3D('',#11618,#9276,#9277);
#8486=AXIS2_PLACEMENT_3D('',#11620,#9278,#9279);
#8487=AXIS2_PLACEMENT_3D('',#11623,#9281,#9282);
#8488=AXIS2_PLACEMENT_3D('',#11625,#9283,#9284);
#8489=AXIS2_PLACEMENT_3D('',#11628,#9286,#9287);
#8490=AXIS2_PLACEMENT_3D('',#11630,#9288,#9289);
#8491=AXIS2_PLACEMENT_3D('',#11633,#9291,#9292);
#8492=AXIS2_PLACEMENT_3D('',#11634,#9293,#9294);
#8493=AXIS2_PLACEMENT_3D('',#11636,#9295,#9296);
#8494=AXIS2_PLACEMENT_3D('',#11638,#9297,#9298);
#8495=AXIS2_PLACEMENT_3D('',#11640,#9299,#9300);
#8496=AXIS2_PLACEMENT_3D('',#11642,#9301,#9302);
#8497=AXIS2_PLACEMENT_3D('',#11644,#9303,#9304);
#8498=AXIS2_PLACEMENT_3D('',#11645,#9305,#9306);
#8499=AXIS2_PLACEMENT_3D('',#11647,#9307,#9308);
#8500=AXIS2_PLACEMENT_3D('',#11650,#9310,#9311);
#8501=AXIS2_PLACEMENT_3D('',#11652,#9312,#9313);
#8502=AXIS2_PLACEMENT_3D('',#11655,#9315,#9316);
#8503=AXIS2_PLACEMENT_3D('',#11657,#9317,#9318);
#8504=AXIS2_PLACEMENT_3D('',#11660,#9320,#9321);
#8505=AXIS2_PLACEMENT_3D('',#11662,#9322,#9323);
#8506=AXIS2_PLACEMENT_3D('',#11665,#9325,#9326);
#8507=AXIS2_PLACEMENT_3D('',#11667,#9327,#9328);
#8508=AXIS2_PLACEMENT_3D('',#11669,#9329,#9330);
#8509=AXIS2_PLACEMENT_3D('',#11671,#9331,#9332);
#8510=AXIS2_PLACEMENT_3D('',#11673,#9333,#9334);
#8511=AXIS2_PLACEMENT_3D('',#11675,#9335,#9336);
#8512=AXIS2_PLACEMENT_3D('',#11676,#9337,#9338);
#8513=AXIS2_PLACEMENT_3D('',#11679,#9341,#9342);
#8514=AXIS2_PLACEMENT_3D('',#11682,#9345,#9346);
#8515=AXIS2_PLACEMENT_3D('',#11685,#9349,#9350);
#8516=AXIS2_PLACEMENT_3D('',#11688,#9353,#9354);
#8517=AXIS2_PLACEMENT_3D('',#11690,#9356,#9357);
#8518=AXIS2_PLACEMENT_3D('',#11692,#9359,#9360);
#8519=AXIS2_PLACEMENT_3D('',#11694,#9362,#9363);
#8520=AXIS2_PLACEMENT_3D('',#11696,#9365,#9366);
#8521=AXIS2_PLACEMENT_3D('',#11698,#9368,#9369);
#8522=AXIS2_PLACEMENT_3D('',#11699,#9370,#9371);
#8523=AXIS2_PLACEMENT_3D('',#11700,#9372,#9373);
#8524=AXIS2_PLACEMENT_3D('',#11701,#9374,#9375);
#8525=AXIS2_PLACEMENT_3D('',#11702,#9376,#9377);
#8526=AXIS2_PLACEMENT_3D('',#11703,#9378,#9379);
#8527=AXIS2_PLACEMENT_3D('',#11704,#9380,#9381);
#8528=AXIS2_PLACEMENT_3D('',#11705,#9382,#9383);
#8529=AXIS2_PLACEMENT_3D('',#11706,#9384,#9385);
#8530=AXIS2_PLACEMENT_3D('',#11707,#9386,#9387);
#8531=AXIS2_PLACEMENT_3D('',#11724,#9396,#9397);
#8532=AXIS2_PLACEMENT_3D('',#11733,#9402,#9403);
#8533=AXIS2_PLACEMENT_3D('',#11742,#9408,#9409);
#8534=AXIS2_PLACEMENT_3D('',#11751,#9414,#9415);
#8535=AXIS2_PLACEMENT_3D('',#11762,#9423,#9424);
#8536=AXIS2_PLACEMENT_3D('',#11764,#9425,#9426);
#8537=AXIS2_PLACEMENT_3D('',#11766,#9427,#9428);
#8538=AXIS2_PLACEMENT_3D('',#11768,#9429,#9430);
#8539=AXIS2_PLACEMENT_3D('',#11770,#9431,#9432);
#8540=AXIS2_PLACEMENT_3D('',#11771,#9433,#9434);
#8541=AXIS2_PLACEMENT_3D('',#11777,#9439,#9440);
#8542=AXIS2_PLACEMENT_3D('',#11779,#9441,#9442);
#8543=AXIS2_PLACEMENT_3D('',#11781,#9443,#9444);
#8544=AXIS2_PLACEMENT_3D('',#11783,#9445,#9446);
#8545=AXIS2_PLACEMENT_3D('',#11785,#9447,#9448);
#8546=AXIS2_PLACEMENT_3D('',#11786,#9449,#9450);
#8547=AXIS2_PLACEMENT_3D('',#11787,#9451,#9452);
#8548=AXIS2_PLACEMENT_3D('',#11788,#9453,#9454);
#8549=AXIS2_PLACEMENT_3D('',#11789,#9455,#9456);
#8550=AXIS2_PLACEMENT_3D('',#11790,#9457,#9458);
#8551=AXIS2_PLACEMENT_3D('',#11792,#9460,#9461);
#8552=AXIS2_PLACEMENT_3D('',#11796,#9464,#9465);
#8553=AXIS2_PLACEMENT_3D('',#11800,#9468,#9469);
#8554=AXIS2_PLACEMENT_3D('',#11802,#9471,#9472);
#8555=AXIS2_PLACEMENT_3D('',#11803,#9473,#9474);
#8556=AXIS2_PLACEMENT_3D('',#11806,#9476,#9477);
#8557=AXIS2_PLACEMENT_3D('',#11807,#9478,#9479);
#8558=AXIS2_PLACEMENT_3D('',#11809,#9480,#9481);
#8559=AXIS2_PLACEMENT_3D('',#11810,#9482,#9483);
#8560=AXIS2_PLACEMENT_3D('',#11812,#9485,#9486);
#8561=AXIS2_PLACEMENT_3D('',#11815,#9488,#9489);
#8562=AXIS2_PLACEMENT_3D('',#11816,#9490,#9491);
#8563=AXIS2_PLACEMENT_3D('',#11818,#9492,#9493);
#8564=AXIS2_PLACEMENT_3D('',#11819,#9494,#9495);
#8565=AXIS2_PLACEMENT_3D('',#11821,#9497,#9498);
#8566=AXIS2_PLACEMENT_3D('',#11824,#9500,#9501);
#8567=AXIS2_PLACEMENT_3D('',#11825,#9502,#9503);
#8568=AXIS2_PLACEMENT_3D('',#11827,#9504,#9505);
#8569=AXIS2_PLACEMENT_3D('',#11828,#9506,#9507);
#8570=AXIS2_PLACEMENT_3D('',#11830,#9509,#9510);
#8571=AXIS2_PLACEMENT_3D('',#11833,#9512,#9513);
#8572=AXIS2_PLACEMENT_3D('',#11834,#9514,#9515);
#8573=AXIS2_PLACEMENT_3D('',#11836,#9516,#9517);
#8574=AXIS2_PLACEMENT_3D('',#11837,#9518,#9519);
#8575=AXIS2_PLACEMENT_3D('',#11839,#9521,#9522);
#8576=AXIS2_PLACEMENT_3D('',#11840,#9523,#9524);
#8577=AXIS2_PLACEMENT_3D('',#11849,#9529,#9530);
#8578=AXIS2_PLACEMENT_3D('',#11855,#9534,#9535);
#8579=AXIS2_PLACEMENT_3D('',#11861,#9539,#9540);
#8580=AXIS2_PLACEMENT_3D('',#11867,#9544,#9545);
#8581=AXIS2_PLACEMENT_3D('',#11873,#9549,#9550);
#8582=AXIS2_PLACEMENT_3D('',#11879,#9554,#9555);
#8583=AXIS2_PLACEMENT_3D('',#11885,#9559,#9560);
#8584=AXIS2_PLACEMENT_3D('',#11888,#9563,#9564);
#8585=AXIS2_PLACEMENT_3D('',#11890,#9565,#9566);
#8586=AXIS2_PLACEMENT_3D('',#11892,#9567,#9568);
#8587=AXIS2_PLACEMENT_3D('',#11894,#9569,#9570);
#8588=AXIS2_PLACEMENT_3D('',#11896,#9571,#9572);
#8589=AXIS2_PLACEMENT_3D('',#11898,#9573,#9574);
#8590=AXIS2_PLACEMENT_3D('',#11899,#9575,#9576);
#8591=AXIS2_PLACEMENT_3D('',#11901,#9577,#9578);
#8592=AXIS2_PLACEMENT_3D('',#11903,#9579,#9580);
#8593=AXIS2_PLACEMENT_3D('',#11905,#9581,#9582);
#8594=AXIS2_PLACEMENT_3D('',#11907,#9583,#9584);
#8595=AXIS2_PLACEMENT_3D('',#11909,#9585,#9586);
#8596=AXIS2_PLACEMENT_3D('',#11910,#9587,#9588);
#8597=AXIS2_PLACEMENT_3D('',#11913,#9590,#9591);
#8598=AXIS2_PLACEMENT_3D('',#11914,#9592,#9593);
#8599=AXIS2_PLACEMENT_3D('',#11916,#9594,#9595);
#8600=AXIS2_PLACEMENT_3D('',#11917,#9596,#9597);
#8601=AXIS2_PLACEMENT_3D('',#11919,#9599,#9600);
#8602=AXIS2_PLACEMENT_3D('',#11921,#9602,#9603);
#8603=AXIS2_PLACEMENT_3D('',#11923,#9605,#9606);
#8604=AXIS2_PLACEMENT_3D('',#11925,#9608,#9609);
#8605=AXIS2_PLACEMENT_3D('',#11927,#9611,#9612);
#8606=AXIS2_PLACEMENT_3D('',#11928,#9613,#9614);
#8607=AXIS2_PLACEMENT_3D('',#11930,#9615,#9616);
#8608=AXIS2_PLACEMENT_3D('',#11931,#9617,#9618);
#8609=AXIS2_PLACEMENT_3D('',#11933,#9619,#9620);
#8610=AXIS2_PLACEMENT_3D('',#11935,#9622,#9623);
#8611=AXIS2_PLACEMENT_3D('',#11944,#9628,#9629);
#8612=AXIS2_PLACEMENT_3D('',#11950,#9633,#9634);
#8613=AXIS2_PLACEMENT_3D('',#11956,#9638,#9639);
#8614=AXIS2_PLACEMENT_3D('',#11959,#9642,#9643);
#8615=AXIS2_PLACEMENT_3D('',#11968,#9648,#9649);
#8616=AXIS2_PLACEMENT_3D('',#11974,#9653,#9654);
#8617=AXIS2_PLACEMENT_3D('',#11980,#9658,#9659);
#8618=AXIS2_PLACEMENT_3D('',#11983,#9662,#9663);
#8619=AXIS2_PLACEMENT_3D('',#11992,#9668,#9669);
#8620=AXIS2_PLACEMENT_3D('',#11998,#9673,#9674);
#8621=AXIS2_PLACEMENT_3D('',#12004,#9678,#9679);
#8622=AXIS2_PLACEMENT_3D('',#12007,#9682,#9683);
#8623=AXIS2_PLACEMENT_3D('',#12016,#9688,#9689);
#8624=AXIS2_PLACEMENT_3D('',#12022,#9693,#9694);
#8625=AXIS2_PLACEMENT_3D('',#12028,#9698,#9699);
#8626=AXIS2_PLACEMENT_3D('',#12031,#9702,#9703);
#8627=AXIS2_PLACEMENT_3D('',#12040,#9708,#9709);
#8628=AXIS2_PLACEMENT_3D('',#12046,#9713,#9714);
#8629=AXIS2_PLACEMENT_3D('',#12052,#9718,#9719);
#8630=AXIS2_PLACEMENT_3D('',#12055,#9722,#9723);
#8631=AXIS2_PLACEMENT_3D('',#12064,#9728,#9729);
#8632=AXIS2_PLACEMENT_3D('',#12070,#9733,#9734);
#8633=AXIS2_PLACEMENT_3D('',#12076,#9738,#9739);
#8634=AXIS2_PLACEMENT_3D('',#12079,#9742,#9743);
#8635=AXIS2_PLACEMENT_3D('',#12088,#9748,#9749);
#8636=AXIS2_PLACEMENT_3D('',#12094,#9753,#9754);
#8637=AXIS2_PLACEMENT_3D('',#12100,#9758,#9759);
#8638=AXIS2_PLACEMENT_3D('',#12103,#9762,#9763);
#8639=AXIS2_PLACEMENT_3D('',#12112,#9768,#9769);
#8640=AXIS2_PLACEMENT_3D('',#12118,#9773,#9774);
#8641=AXIS2_PLACEMENT_3D('',#12124,#9778,#9779);
#8642=AXIS2_PLACEMENT_3D('',#12127,#9782,#9783);
#8643=AXIS2_PLACEMENT_3D('',#12136,#9788,#9789);
#8644=AXIS2_PLACEMENT_3D('',#12142,#9793,#9794);
#8645=AXIS2_PLACEMENT_3D('',#12148,#9798,#9799);
#8646=AXIS2_PLACEMENT_3D('',#12151,#9802,#9803);
#8647=AXIS2_PLACEMENT_3D('',#12160,#9808,#9809);
#8648=AXIS2_PLACEMENT_3D('',#12166,#9813,#9814);
#8649=AXIS2_PLACEMENT_3D('',#12172,#9818,#9819);
#8650=AXIS2_PLACEMENT_3D('',#12175,#9822,#9823);
#8651=AXIS2_PLACEMENT_3D('',#12176,#9824,#9825);
#8652=AXIS2_PLACEMENT_3D('',#12182,#9829,#9830);
#8653=AXIS2_PLACEMENT_3D('',#12186,#9833,#9834);
#8654=AXIS2_PLACEMENT_3D('',#12190,#9837,#9838);
#8655=AXIS2_PLACEMENT_3D('',#12192,#9840,#9841);
#8656=AXIS2_PLACEMENT_3D('',#12193,#9842,#9843);
#8657=AXIS2_PLACEMENT_3D('',#12199,#9847,#9848);
#8658=AXIS2_PLACEMENT_3D('',#12203,#9851,#9852);
#8659=AXIS2_PLACEMENT_3D('',#12207,#9855,#9856);
#8660=AXIS2_PLACEMENT_3D('',#12209,#9858,#9859);
#8661=AXIS2_PLACEMENT_3D('',#12213,#9861,#9862);
#8662=AXIS2_PLACEMENT_3D('',#12214,#9863,#9864);
#8663=AXIS2_PLACEMENT_3D('',#12215,#9865,#9866);
#8664=AXIS2_PLACEMENT_3D('',#12218,#9868,#9869);
#8665=AXIS2_PLACEMENT_3D('',#12219,#9870,#9871);
#8666=AXIS2_PLACEMENT_3D('',#12222,#9873,#9874);
#8667=AXIS2_PLACEMENT_3D('',#12223,#9875,#9876);
#8668=AXIS2_PLACEMENT_3D('',#12225,#9878,#9879);
#8669=AXIS2_PLACEMENT_3D('',#12226,#9880,#9881);
#8670=AXIS2_PLACEMENT_3D('',#12232,#9885,#9886);
#8671=AXIS2_PLACEMENT_3D('',#12236,#9889,#9890);
#8672=AXIS2_PLACEMENT_3D('',#12240,#9893,#9894);
#8673=AXIS2_PLACEMENT_3D('',#12242,#9896,#9897);
#8674=AXIS2_PLACEMENT_3D('',#12243,#9898,#9899);
#8675=AXIS2_PLACEMENT_3D('',#12249,#9903,#9904);
#8676=AXIS2_PLACEMENT_3D('',#12253,#9907,#9908);
#8677=AXIS2_PLACEMENT_3D('',#12257,#9911,#9912);
#8678=AXIS2_PLACEMENT_3D('',#12259,#9914,#9915);
#8679=AXIS2_PLACEMENT_3D('',#12263,#9917,#9918);
#8680=AXIS2_PLACEMENT_3D('',#12264,#9919,#9920);
#8681=AXIS2_PLACEMENT_3D('',#12265,#9921,#9922);
#8682=AXIS2_PLACEMENT_3D('',#12268,#9924,#9925);
#8683=AXIS2_PLACEMENT_3D('',#12269,#9926,#9927);
#8684=AXIS2_PLACEMENT_3D('',#12272,#9929,#9930);
#8685=AXIS2_PLACEMENT_3D('',#12273,#9931,#9932);
#8686=AXIS2_PLACEMENT_3D('',#12275,#9934,#9935);
#8687=AXIS2_PLACEMENT_3D('',#12276,#9936,#9937);
#8688=AXIS2_PLACEMENT_3D('',#12282,#9941,#9942);
#8689=AXIS2_PLACEMENT_3D('',#12286,#9945,#9946);
#8690=AXIS2_PLACEMENT_3D('',#12290,#9949,#9950);
#8691=AXIS2_PLACEMENT_3D('',#12292,#9952,#9953);
#8692=AXIS2_PLACEMENT_3D('',#12293,#9954,#9955);
#8693=AXIS2_PLACEMENT_3D('',#12299,#9959,#9960);
#8694=AXIS2_PLACEMENT_3D('',#12303,#9963,#9964);
#8695=AXIS2_PLACEMENT_3D('',#12307,#9967,#9968);
#8696=AXIS2_PLACEMENT_3D('',#12309,#9970,#9971);
#8697=AXIS2_PLACEMENT_3D('',#12313,#9973,#9974);
#8698=AXIS2_PLACEMENT_3D('',#12314,#9975,#9976);
#8699=AXIS2_PLACEMENT_3D('',#12315,#9977,#9978);
#8700=AXIS2_PLACEMENT_3D('',#12318,#9980,#9981);
#8701=AXIS2_PLACEMENT_3D('',#12319,#9982,#9983);
#8702=AXIS2_PLACEMENT_3D('',#12322,#9985,#9986);
#8703=AXIS2_PLACEMENT_3D('',#12323,#9987,#9988);
#8704=AXIS2_PLACEMENT_3D('',#12325,#9990,#9991);
#8705=AXIS2_PLACEMENT_3D('',#12326,#9992,#9993);
#8706=AXIS2_PLACEMENT_3D('',#12332,#9997,#9998);
#8707=AXIS2_PLACEMENT_3D('',#12336,#10001,#10002);
#8708=AXIS2_PLACEMENT_3D('',#12340,#10005,#10006);
#8709=AXIS2_PLACEMENT_3D('',#12342,#10008,#10009);
#8710=AXIS2_PLACEMENT_3D('',#12343,#10010,#10011);
#8711=AXIS2_PLACEMENT_3D('',#12349,#10015,#10016);
#8712=AXIS2_PLACEMENT_3D('',#12353,#10019,#10020);
#8713=AXIS2_PLACEMENT_3D('',#12357,#10023,#10024);
#8714=AXIS2_PLACEMENT_3D('',#12359,#10026,#10027);
#8715=AXIS2_PLACEMENT_3D('',#12363,#10029,#10030);
#8716=AXIS2_PLACEMENT_3D('',#12364,#10031,#10032);
#8717=AXIS2_PLACEMENT_3D('',#12365,#10033,#10034);
#8718=AXIS2_PLACEMENT_3D('',#12368,#10036,#10037);
#8719=AXIS2_PLACEMENT_3D('',#12369,#10038,#10039);
#8720=AXIS2_PLACEMENT_3D('',#12372,#10041,#10042);
#8721=AXIS2_PLACEMENT_3D('',#12373,#10043,#10044);
#8722=AXIS2_PLACEMENT_3D('',#12375,#10046,#10047);
#8723=AXIS2_PLACEMENT_3D('',#12376,#10048,#10049);
#8724=AXIS2_PLACEMENT_3D('',#12382,#10053,#10054);
#8725=AXIS2_PLACEMENT_3D('',#12386,#10057,#10058);
#8726=AXIS2_PLACEMENT_3D('',#12390,#10061,#10062);
#8727=AXIS2_PLACEMENT_3D('',#12392,#10064,#10065);
#8728=AXIS2_PLACEMENT_3D('',#12393,#10066,#10067);
#8729=AXIS2_PLACEMENT_3D('',#12399,#10071,#10072);
#8730=AXIS2_PLACEMENT_3D('',#12403,#10075,#10076);
#8731=AXIS2_PLACEMENT_3D('',#12407,#10079,#10080);
#8732=AXIS2_PLACEMENT_3D('',#12409,#10082,#10083);
#8733=AXIS2_PLACEMENT_3D('',#12413,#10085,#10086);
#8734=AXIS2_PLACEMENT_3D('',#12414,#10087,#10088);
#8735=AXIS2_PLACEMENT_3D('',#12415,#10089,#10090);
#8736=AXIS2_PLACEMENT_3D('',#12418,#10092,#10093);
#8737=AXIS2_PLACEMENT_3D('',#12419,#10094,#10095);
#8738=AXIS2_PLACEMENT_3D('',#12422,#10097,#10098);
#8739=AXIS2_PLACEMENT_3D('',#12423,#10099,#10100);
#8740=AXIS2_PLACEMENT_3D('',#12425,#10102,#10103);
#8741=AXIS2_PLACEMENT_3D('',#12434,#10108,#10109);
#8742=AXIS2_PLACEMENT_3D('',#12443,#10114,#10115);
#8743=AXIS2_PLACEMENT_3D('',#12446,#10118,#10119);
#8744=AXIS2_PLACEMENT_3D('',#12455,#10124,#10125);
#8745=AXIS2_PLACEMENT_3D('',#12464,#10130,#10131);
#8746=AXIS2_PLACEMENT_3D('',#12467,#10134,#10135);
#8747=AXIS2_PLACEMENT_3D('',#12476,#10140,#10141);
#8748=AXIS2_PLACEMENT_3D('',#12485,#10146,#10147);
#8749=AXIS2_PLACEMENT_3D('',#12488,#10150,#10151);
#8750=AXIS2_PLACEMENT_3D('',#12497,#10156,#10157);
#8751=AXIS2_PLACEMENT_3D('',#12506,#10162,#10163);
#8752=AXIS2_PLACEMENT_3D('',#12509,#10166,#10167);
#8753=AXIS2_PLACEMENT_3D('',#12518,#10172,#10173);
#8754=AXIS2_PLACEMENT_3D('',#12527,#10178,#10179);
#8755=AXIS2_PLACEMENT_3D('',#12530,#10182,#10183);
#8756=AXIS2_PLACEMENT_3D('',#12539,#10188,#10189);
#8757=AXIS2_PLACEMENT_3D('',#12545,#10193,#10194);
#8758=AXIS2_PLACEMENT_3D('',#12551,#10198,#10199);
#8759=AXIS2_PLACEMENT_3D('',#12554,#10202,#10203);
#8760=AXIS2_PLACEMENT_3D('',#12563,#10208,#10209);
#8761=AXIS2_PLACEMENT_3D('',#12569,#10213,#10214);
#8762=AXIS2_PLACEMENT_3D('',#12575,#10218,#10219);
#8763=AXIS2_PLACEMENT_3D('',#12578,#10222,#10223);
#8764=AXIS2_PLACEMENT_3D('',#12579,#10224,#10225);
#8765=AXIS2_PLACEMENT_3D('',#12585,#10229,#10230);
#8766=AXIS2_PLACEMENT_3D('',#12589,#10233,#10234);
#8767=AXIS2_PLACEMENT_3D('',#12593,#10237,#10238);
#8768=AXIS2_PLACEMENT_3D('',#12595,#10240,#10241);
#8769=AXIS2_PLACEMENT_3D('',#12596,#10242,#10243);
#8770=AXIS2_PLACEMENT_3D('',#12602,#10247,#10248);
#8771=AXIS2_PLACEMENT_3D('',#12606,#10251,#10252);
#8772=AXIS2_PLACEMENT_3D('',#12610,#10255,#10256);
#8773=AXIS2_PLACEMENT_3D('',#12612,#10258,#10259);
#8774=AXIS2_PLACEMENT_3D('',#12616,#10261,#10262);
#8775=AXIS2_PLACEMENT_3D('',#12617,#10263,#10264);
#8776=AXIS2_PLACEMENT_3D('',#12618,#10265,#10266);
#8777=AXIS2_PLACEMENT_3D('',#12621,#10268,#10269);
#8778=AXIS2_PLACEMENT_3D('',#12622,#10270,#10271);
#8779=AXIS2_PLACEMENT_3D('',#12625,#10273,#10274);
#8780=AXIS2_PLACEMENT_3D('',#12626,#10275,#10276);
#8781=AXIS2_PLACEMENT_3D('',#12628,#10278,#10279);
#8782=AXIS2_PLACEMENT_3D('',#12637,#10284,#10285);
#8783=AXIS2_PLACEMENT_3D('',#12643,#10289,#10290);
#8784=AXIS2_PLACEMENT_3D('',#12647,#10293,#10294);
#8785=AXIS2_PLACEMENT_3D('',#12656,#10299,#10300);
#8786=AXIS2_PLACEMENT_3D('',#12662,#10304,#10305);
#8787=AXIS2_PLACEMENT_3D('',#12666,#10308,#10309);
#8788=AXIS2_PLACEMENT_3D('',#12675,#10314,#10315);
#8789=AXIS2_PLACEMENT_3D('',#12684,#10320,#10321);
#8790=AXIS2_PLACEMENT_3D('',#12693,#10326,#10327);
#8791=AXIS2_PLACEMENT_3D('',#12702,#10332,#10333);
#8792=AXIS2_PLACEMENT_3D('',#12708,#10337,#10338);
#8793=AXIS2_PLACEMENT_3D('',#12714,#10342,#10343);
#8794=AXIS2_PLACEMENT_3D('',#12718,#10346,#10347);
#8795=AXIS2_PLACEMENT_3D('',#12722,#10350,#10351);
#8796=AXIS2_PLACEMENT_3D('',#12728,#10355,#10356);
#8797=AXIS2_PLACEMENT_3D('',#12734,#10360,#10361);
#8798=AXIS2_PLACEMENT_3D('',#12738,#10364,#10365);
#8799=AXIS2_PLACEMENT_3D('',#12742,#10368,#10369);
#8800=AXIS2_PLACEMENT_3D('',#12748,#10373,#10374);
#8801=AXIS2_PLACEMENT_3D('',#12754,#10378,#10379);
#8802=AXIS2_PLACEMENT_3D('',#12758,#10382,#10383);
#8803=AXIS2_PLACEMENT_3D('',#12762,#10386,#10387);
#8804=AXIS2_PLACEMENT_3D('',#12768,#10391,#10392);
#8805=AXIS2_PLACEMENT_3D('',#12774,#10396,#10397);
#8806=AXIS2_PLACEMENT_3D('',#12778,#10400,#10401);
#8807=AXIS2_PLACEMENT_3D('',#12782,#10404,#10405);
#8808=AXIS2_PLACEMENT_3D('',#12791,#10410,#10411);
#8809=AXIS2_PLACEMENT_3D('',#12797,#10415,#10416);
#8810=AXIS2_PLACEMENT_3D('',#12803,#10420,#10421);
#8811=AXIS2_PLACEMENT_3D('',#12807,#10424,#10425);
#8812=AXIS2_PLACEMENT_3D('',#12811,#10428,#10429);
#8813=AXIS2_PLACEMENT_3D('',#12820,#10434,#10435);
#8814=AXIS2_PLACEMENT_3D('',#12831,#10441,#10442);
#8815=AXIS2_PLACEMENT_3D('',#12833,#10443,#10444);
#8816=AXIS2_PLACEMENT_3D('',#12836,#10446,#10447);
#8817=AXIS2_PLACEMENT_3D('',#12837,#10448,#10449);
#8818=AXIS2_PLACEMENT_3D('',#12845,#10454,#10455);
#8819=AXIS2_PLACEMENT_3D('',#12856,#10461,#10462);
#8820=AXIS2_PLACEMENT_3D('',#12867,#10468,#10469);
#8821=AXIS2_PLACEMENT_3D('',#12868,#10470,#10471);
#8822=AXIS2_PLACEMENT_3D('',#12869,#10472,#10473);
#8823=AXIS2_PLACEMENT_3D('',#12870,#10474,#10475);
#8824=AXIS2_PLACEMENT_3D('',#12879,#10480,#10481);
#8825=AXIS2_PLACEMENT_3D('',#12887,#10486,#10487);
#8826=AXIS2_PLACEMENT_3D('',#12895,#10492,#10493);
#8827=AXIS2_PLACEMENT_3D('',#12904,#10498,#10499);
#8828=AXIS2_PLACEMENT_3D('',#12913,#10504,#10505);
#8829=AXIS2_PLACEMENT_3D('',#12916,#10508,#10509);
#8830=AXIS2_PLACEMENT_3D('',#12925,#10514,#10515);
#8831=AXIS2_PLACEMENT_3D('',#12933,#10520,#10521);
#8832=AXIS2_PLACEMENT_3D('',#12939,#10525,#10526);
#8833=AXIS2_PLACEMENT_3D('',#12944,#10530,#10531);
#8834=AXIS2_PLACEMENT_3D('',#12953,#10536,#10537);
#8835=AXIS2_PLACEMENT_3D('',#12962,#10542,#10543);
#8836=AXIS2_PLACEMENT_3D('',#12967,#10547,#10548);
#8837=AXIS2_PLACEMENT_3D('',#12972,#10552,#10553);
#8838=AXIS2_PLACEMENT_3D('',#12978,#10557,#10558);
#8839=AXIS2_PLACEMENT_3D('',#12984,#10562,#10563);
#8840=AXIS2_PLACEMENT_3D('',#12990,#10567,#10568);
#8841=AXIS2_PLACEMENT_3D('',#12999,#10574,#10575);
#8842=AXIS2_PLACEMENT_3D('',#13006,#10581,#10582);
#8843=AXIS2_PLACEMENT_3D('',#13018,#10590,#10591);
#8844=AXIS2_PLACEMENT_3D('',#13024,#10596,#10597);
#8845=AXIS2_PLACEMENT_3D('',#13041,#10613,#10614);
#8846=AXIS2_PLACEMENT_3D('',#13045,#10617,#10618);
#8847=AXIS2_PLACEMENT_3D('',#13047,#10620,#10621);
#8848=AXIS2_PLACEMENT_3D('',#13048,#10622,#10623);
#8849=AXIS2_PLACEMENT_3D('',#13051,#10626,#10627);
#8850=AXIS2_PLACEMENT_3D('',#13054,#10630,#10631);
#8851=AXIS2_PLACEMENT_3D('',#13059,#10635,#10636);
#8852=AXIS2_PLACEMENT_3D('',#13061,#10638,#10639);
#8853=AXIS2_PLACEMENT_3D('',#13063,#10641,#10642);
#8854=AXIS2_PLACEMENT_3D('',#13065,#10644,#10645);
#8855=AXIS2_PLACEMENT_3D('',#13072,#10652,#10653);
#8856=AXIS2_PLACEMENT_3D('',#13073,#10654,#10655);
#8857=AXIS2_PLACEMENT_3D('',#13074,#10656,#10657);
#8858=AXIS2_PLACEMENT_3D('',#13075,#10658,#10659);
#8859=AXIS2_PLACEMENT_3D('',#13076,#10660,#10661);
#8860=AXIS2_PLACEMENT_3D('',#13077,#10662,#10663);
#8861=AXIS2_PLACEMENT_3D('',#13078,#10664,#10665);
#8862=AXIS2_PLACEMENT_3D('',#13079,#10666,#10667);
#8863=AXIS2_PLACEMENT_3D('',#13080,#10668,#10669);
#8864=AXIS2_PLACEMENT_3D('',#13081,#10670,#10671);
#8865=AXIS2_PLACEMENT_3D('',#13082,#10672,#10673);
#8866=AXIS2_PLACEMENT_3D('',#13087,#10675,#10676);
#8867=AXIS2_PLACEMENT_3D('',#13090,#10678,#10679);
#8868=AXIS2_PLACEMENT_3D('',#13092,#10680,#10681);
#8869=AXIS2_PLACEMENT_3D('',#13095,#10683,#10684);
#8870=AXIS2_PLACEMENT_3D('',#13096,#10685,#10686);
#8871=AXIS2_PLACEMENT_3D('',#13098,#10687,#10688);
#8872=AXIS2_PLACEMENT_3D('',#13099,#10689,#10690);
#8873=AXIS2_PLACEMENT_3D('',#13103,#10692,#10693);
#8874=AXIS2_PLACEMENT_3D('',#13104,#10694,#10695);
#8875=AXIS2_PLACEMENT_3D('',#13112,#10697,#10698);
#8876=AXIS2_PLACEMENT_3D('',#13113,#10699,#10700);
#8877=AXIS2_PLACEMENT_3D('',#13114,#10701,#10702);
#8878=AXIS2_PLACEMENT_3D('',#13116,#10704,#10705);
#8879=AXIS2_PLACEMENT_3D('',#13117,#10706,#10707);
#8880=AXIS2_PLACEMENT_3D('',#13120,#10708,#10709);
#8881=AXIS2_PLACEMENT_3D('',#13122,#10710,#10711);
#8882=AXIS2_PLACEMENT_3D('',#13124,#10712,#10713);
#8883=AXIS2_PLACEMENT_3D('',#13126,#10714,#10715);
#8884=AXIS2_PLACEMENT_3D('',#13128,#10716,#10717);
#8885=AXIS2_PLACEMENT_3D('',#13130,#10718,#10719);
#8886=AXIS2_PLACEMENT_3D('',#13132,#10720,#10721);
#8887=AXIS2_PLACEMENT_3D('',#13134,#10722,#10723);
#8888=AXIS2_PLACEMENT_3D('',#13136,#10724,#10725);
#8889=AXIS2_PLACEMENT_3D('',#13138,#10726,#10727);
#8890=AXIS2_PLACEMENT_3D('',#13140,#10728,#10729);
#8891=AXIS2_PLACEMENT_3D('',#13142,#10730,#10731);
#8892=AXIS2_PLACEMENT_3D('',#13144,#10732,#10733);
#8893=AXIS2_PLACEMENT_3D('',#13146,#10734,#10735);
#8894=AXIS2_PLACEMENT_3D('',#13148,#10736,#10737);
#8895=AXIS2_PLACEMENT_3D('',#13150,#10738,#10739);
#8896=AXIS2_PLACEMENT_3D('',#13152,#10740,#10741);
#8897=AXIS2_PLACEMENT_3D('',#13154,#10742,#10743);
#8898=AXIS2_PLACEMENT_3D('',#13156,#10744,#10745);
#8899=AXIS2_PLACEMENT_3D('',#13158,#10746,#10747);
#8900=AXIS2_PLACEMENT_3D('',#13159,#10748,#10749);
#8901=AXIS2_PLACEMENT_3D('',#13161,#10750,#10751);
#8902=AXIS2_PLACEMENT_3D('',#13163,#10752,#10753);
#8903=AXIS2_PLACEMENT_3D('',#13164,#10754,#10755);
#8904=AXIS2_PLACEMENT_3D('',#13165,#10756,#10757);
#8905=AXIS2_PLACEMENT_3D('',#13167,#10758,#10759);
#8906=AXIS2_PLACEMENT_3D('',#13169,#10761,#10762);
#8907=AXIS2_PLACEMENT_3D('',#13171,#10763,#10764);
#8908=AXIS2_PLACEMENT_3D('',#13172,#10765,#10766);
#8909=AXIS2_PLACEMENT_3D('',#13174,#10767,#10768);
#8910=AXIS2_PLACEMENT_3D('',#13175,#10769,#10770);
#8911=AXIS2_PLACEMENT_3D('',#13176,#10771,#10772);
#8912=AXIS2_PLACEMENT_3D('',#13180,#10774,#10775);
#8913=AXIS2_PLACEMENT_3D('',#13181,#10776,#10777);
#8914=AXIS2_PLACEMENT_3D('',#13182,#10778,#10779);
#8915=AXIS2_PLACEMENT_3D('',#13185,#10780,#10781);
#8916=AXIS2_PLACEMENT_3D('',#13186,#10782,#10783);
#8917=AXIS2_PLACEMENT_3D('',#13188,#10785,#10786);
#8918=AXIS2_PLACEMENT_3D('',#13191,#10788,#10789);
#8919=AXIS2_PLACEMENT_3D('',#13192,#10790,#10791);
#8920=AXIS2_PLACEMENT_3D('',#13195,#10793,#10794);
#8921=AXIS2_PLACEMENT_3D('',#13196,#10795,#10796);
#8922=AXIS2_PLACEMENT_3D('',#13197,#10797,#10798);
#8923=AXIS2_PLACEMENT_3D('',#13203,#10802,#10803);
#8924=AXIS2_PLACEMENT_3D('',#13207,#10806,#10807);
#8925=AXIS2_PLACEMENT_3D('',#13211,#10810,#10811);
#8926=AXIS2_PLACEMENT_3D('',#13215,#10814,#10815);
#8927=AXIS2_PLACEMENT_3D('',#13219,#10818,#10819);
#8928=AXIS2_PLACEMENT_3D('',#13223,#10822,#10823);
#8929=AXIS2_PLACEMENT_3D('',#13227,#10826,#10827);
#8930=AXIS2_PLACEMENT_3D('',#13231,#10830,#10831);
#8931=AXIS2_PLACEMENT_3D('',#13235,#10834,#10835);
#8932=AXIS2_PLACEMENT_3D('',#13239,#10838,#10839);
#8933=AXIS2_PLACEMENT_3D('',#13243,#10842,#10843);
#8934=AXIS2_PLACEMENT_3D('',#13247,#10846,#10847);
#8935=AXIS2_PLACEMENT_3D('',#13251,#10850,#10851);
#8936=AXIS2_PLACEMENT_3D('',#13255,#10854,#10855);
#8937=AXIS2_PLACEMENT_3D('',#13259,#10858,#10859);
#8938=AXIS2_PLACEMENT_3D('',#13263,#10862,#10863);
#8939=AXIS2_PLACEMENT_3D('',#13267,#10866,#10867);
#8940=AXIS2_PLACEMENT_3D('',#13271,#10870,#10871);
#8941=AXIS2_PLACEMENT_3D('',#13275,#10874,#10875);
#8942=AXIS2_PLACEMENT_3D('',#13277,#10877,#10878);
#8943=AXIS2_PLACEMENT_3D('',#13278,#10879,#10880);
#8944=AXIS2_PLACEMENT_3D('',#13279,#10881,#10882);
#8945=AXIS2_PLACEMENT_3D('',#13281,#10883,#10884);
#8946=AXIS2_PLACEMENT_3D('',#13283,#10885,#10886);
#8947=AXIS2_PLACEMENT_3D('',#13284,#10887,#10888);
#8948=AXIS2_PLACEMENT_3D('',#13285,#10889,#10890);
#8949=AXIS2_PLACEMENT_3D('',#13287,#10891,#10892);
#8950=AXIS2_PLACEMENT_3D('',#13288,#10893,#10894);
#8951=AXIS2_PLACEMENT_3D('',#13291,#10896,#10897);
#8952=AXIS2_PLACEMENT_3D('',#13292,#10898,#10899);
#8953=AXIS2_PLACEMENT_3D('',#13294,#10900,#10901);
#8954=AXIS2_PLACEMENT_3D('',#13295,#10902,#10903);
#8955=AXIS2_PLACEMENT_3D('',#13297,#10904,#10905);
#8956=AXIS2_PLACEMENT_3D('',#13298,#10906,#10907);
#8957=AXIS2_PLACEMENT_3D('',#13299,#10908,#10909);
#8958=AXIS2_PLACEMENT_3D('',#13301,#10910,#10911);
#8959=AXIS2_PLACEMENT_3D('',#13302,#10912,#10913);
#8960=AXIS2_PLACEMENT_3D('',#13303,#10914,#10915);
#8961=AXIS2_PLACEMENT_3D('',#13305,#10916,#10917);
#8962=AXIS2_PLACEMENT_3D('',#13306,#10918,#10919);
#8963=AXIS2_PLACEMENT_3D('',#13307,#10920,#10921);
#8964=AXIS2_PLACEMENT_3D('',#13309,#10922,#10923);
#8965=AXIS2_PLACEMENT_3D('',#13310,#10924,#10925);
#8966=AXIS2_PLACEMENT_3D('',#13313,#10927,#10928);
#8967=AXIS2_PLACEMENT_3D('',#13314,#10929,#10930);
#8968=AXIS2_PLACEMENT_3D('',#13316,#10931,#10932);
#8969=AXIS2_PLACEMENT_3D('',#13317,#10933,#10934);
#8970=AXIS2_PLACEMENT_3D('',#13319,#10935,#10936);
#8971=AXIS2_PLACEMENT_3D('',#13320,#10937,#10938);
#8972=AXIS2_PLACEMENT_3D('',#13321,#10939,#10940);
#8973=AXIS2_PLACEMENT_3D('',#13322,#10941,#10942);
#8974=AXIS2_PLACEMENT_3D('',#13323,#10943,#10944);
#8975=AXIS2_PLACEMENT_3D('',#13324,#10945,#10946);
#8976=AXIS2_PLACEMENT_3D('',#13325,#10947,#10948);
#8977=AXIS2_PLACEMENT_3D('',#13326,#10949,#10950);
#8978=AXIS2_PLACEMENT_3D('',#13327,#10951,#10952);
#8979=AXIS2_PLACEMENT_3D('',#13328,#10953,#10954);
#8980=AXIS2_PLACEMENT_3D('',#13329,#10955,#10956);
#8981=AXIS2_PLACEMENT_3D('',#13330,#10957,#10958);
#8982=AXIS2_PLACEMENT_3D('',#13331,#10959,#10960);
#8983=AXIS2_PLACEMENT_3D('',#13332,#10961,#10962);
#8984=AXIS2_PLACEMENT_3D('',#13333,#10963,#10964);
#8985=AXIS2_PLACEMENT_3D('',#13334,#10965,#10966);
#8986=AXIS2_PLACEMENT_3D('',#13335,#10967,#10968);
#8987=AXIS2_PLACEMENT_3D('',#13337,#10969,#10970);
#8988=AXIS2_PLACEMENT_3D('',#13340,#10972,#10973);
#8989=AXIS2_PLACEMENT_3D('',#13341,#10974,#10975);
#8990=AXIS2_PLACEMENT_3D('',#13343,#10976,#10977);
#8991=AXIS2_PLACEMENT_3D('',#13346,#10979,#10980);
#8992=AXIS2_PLACEMENT_3D('',#13347,#10981,#10982);
#8993=AXIS2_PLACEMENT_3D('',#13349,#10983,#10984);
#8994=AXIS2_PLACEMENT_3D('',#13352,#10986,#10987);
#8995=AXIS2_PLACEMENT_3D('',#13353,#10988,#10989);
#8996=AXIS2_PLACEMENT_3D('',#13355,#10990,#10991);
#8997=AXIS2_PLACEMENT_3D('',#13358,#10993,#10994);
#8998=AXIS2_PLACEMENT_3D('',#13359,#10995,#10996);
#8999=AXIS2_PLACEMENT_3D('',#13361,#10997,#10998);
#9000=AXIS2_PLACEMENT_3D('',#13364,#11000,#11001);
#9001=AXIS2_PLACEMENT_3D('',#13365,#11002,#11003);
#9002=AXIS2_PLACEMENT_3D('',#13374,#11008,#11009);
#9003=AXIS2_PLACEMENT_3D('',#13383,#11014,#11015);
#9004=AXIS2_PLACEMENT_3D('',#13392,#11020,#11021);
#9005=AXIS2_PLACEMENT_3D('',#13401,#11026,#11027);
#9006=AXIS2_PLACEMENT_3D('',#13407,#11031,#11032);
#9007=AXIS2_PLACEMENT_3D('',#13413,#11036,#11037);
#9008=AXIS2_PLACEMENT_3D('',#13419,#11041,#11042);
#9009=AXIS2_PLACEMENT_3D('',#13430,#11049,#11050);
#9010=AXIS2_PLACEMENT_3D('',#13436,#11055,#11056);
#9011=AXIS2_PLACEMENT_3D('',#13442,#11061,#11062);
#9012=AXIS2_PLACEMENT_3D('',#13444,#11064,#11065);
#9013=AXIS2_PLACEMENT_3D('',#13450,#11069,#11070);
#9014=AXIS2_PLACEMENT_3D('',#13454,#11073,#11074);
#9015=AXIS2_PLACEMENT_3D('',#13458,#11077,#11078);
#9016=AXIS2_PLACEMENT_3D('',#13460,#11080,#11081);
#9017=AXIS2_PLACEMENT_3D('',#13461,#11082,#11083);
#9018=AXIS2_PLACEMENT_3D('',#13462,#11084,#11085);
#9019=AXIS2_PLACEMENT_3D('',#13463,#11086,#11087);
#9020=AXIS2_PLACEMENT_3D('',#13464,#11088,#11089);
#9021=AXIS2_PLACEMENT_3D('',#13465,#11090,#11091);
#9022=AXIS2_PLACEMENT_3D('',#13466,#11092,#11093);
#9023=AXIS2_PLACEMENT_3D('',#13469,#11094,#11095);
#9024=AXIS2_PLACEMENT_3D('',#13472,#11096,#11097);
#9025=AXIS2_PLACEMENT_3D('',#13475,#11098,#11099);
#9026=AXIS2_PLACEMENT_3D('',#13476,#11100,#11101);
#9027=AXIS2_PLACEMENT_3D('',#13479,#11102,#11103);
#9028=AXIS2_PLACEMENT_3D('',#13482,#11104,#11105);
#9029=AXIS2_PLACEMENT_3D('',#13485,#11106,#11107);
#9030=AXIS2_PLACEMENT_3D('',#13486,#11108,#11109);
#9031=AXIS2_PLACEMENT_3D('',#13489,#11110,#11111);
#9032=AXIS2_PLACEMENT_3D('',#13492,#11112,#11113);
#9033=AXIS2_PLACEMENT_3D('',#13495,#11114,#11115);
#9034=AXIS2_PLACEMENT_3D('',#13496,#11116,#11117);
#9035=AXIS2_PLACEMENT_3D('',#13499,#11118,#11119);
#9036=AXIS2_PLACEMENT_3D('',#13502,#11120,#11121);
#9037=AXIS2_PLACEMENT_3D('',#13505,#11122,#11123);
#9038=AXIS2_PLACEMENT_3D('',#13506,#11124,#11125);
#9039=AXIS2_PLACEMENT_3D('',#13509,#11126,#11127);
#9040=AXIS2_PLACEMENT_3D('',#13512,#11128,#11129);
#9041=AXIS2_PLACEMENT_3D('',#13515,#11130,#11131);
#9042=AXIS2_PLACEMENT_3D('',#13516,#11132,#11133);
#9043=AXIS2_PLACEMENT_3D('',#13519,#11134,#11135);
#9044=AXIS2_PLACEMENT_3D('',#13522,#11136,#11137);
#9045=AXIS2_PLACEMENT_3D('',#13525,#11138,#11139);
#9046=AXIS2_PLACEMENT_3D('',#13526,#11140,#11141);
#9047=AXIS2_PLACEMENT_3D('',#13529,#11142,#11143);
#9048=AXIS2_PLACEMENT_3D('',#13531,#11144,#11145);
#9049=AXIS2_PLACEMENT_3D('',#13533,#11146,#11147);
#9050=AXIS2_PLACEMENT_3D('',#13536,#11148,#11149);
#9051=AXIS2_PLACEMENT_3D('',#13537,#11150,#11151);
#9052=AXIS2_PLACEMENT_3D('',#13540,#11152,#11153);
#9053=AXIS2_PLACEMENT_3D('',#13543,#11154,#11155);
#9054=AXIS2_PLACEMENT_3D('',#13546,#11156,#11157);
#9055=AXIS2_PLACEMENT_3D('',#13547,#11158,#11159);
#9056=AXIS2_PLACEMENT_3D('',#13550,#11160,#11161);
#9057=AXIS2_PLACEMENT_3D('',#13553,#11162,#11163);
#9058=AXIS2_PLACEMENT_3D('',#13556,#11164,#11165);
#9059=AXIS2_PLACEMENT_3D('',#13557,#11166,#11167);
#9060=AXIS2_PLACEMENT_3D('',#13560,#11168,#11169);
#9061=AXIS2_PLACEMENT_3D('',#13562,#11170,#11171);
#9062=AXIS2_PLACEMENT_3D('',#13564,#11172,#11173);
#9063=AXIS2_PLACEMENT_3D('',#13565,#11174,#11175);
#9064=AXIS2_PLACEMENT_3D('',#13566,#11176,#11177);
#9065=AXIS2_PLACEMENT_3D('',#13568,#11178,#11179);
#9066=AXIS2_PLACEMENT_3D('',#13570,#11180,#11181);
#9067=AXIS2_PLACEMENT_3D('',#13572,#11182,#11183);
#9068=AXIS2_PLACEMENT_3D('',#13574,#11184,#11185);
#9069=AXIS2_PLACEMENT_3D('',#13575,#11186,#11187);
#9070=AXIS2_PLACEMENT_3D('',#13576,#11188,#11189);
#9071=AXIS2_PLACEMENT_3D('',#13579,#11190,#11191);
#9072=AXIS2_PLACEMENT_3D('',#13580,#11192,#11193);
#9073=AXIS2_PLACEMENT_3D('',#13581,#11194,#11195);
#9074=AXIS2_PLACEMENT_3D('',#13582,#11196,#11197);
#9075=AXIS2_PLACEMENT_3D('',#13585,#11198,#11199);
#9076=AXIS2_PLACEMENT_3D('',#13586,#11200,#11201);
#9077=AXIS2_PLACEMENT_3D('',#13587,#11202,#11203);
#9078=AXIS2_PLACEMENT_3D('',#13588,#11204,#11205);
#9079=AXIS2_PLACEMENT_3D('',#13591,#11206,#11207);
#9080=AXIS2_PLACEMENT_3D('',#13592,#11208,#11209);
#9081=AXIS2_PLACEMENT_3D('',#13593,#11210,#11211);
#9082=AXIS2_PLACEMENT_3D('',#13594,#11212,#11213);
#9083=AXIS2_PLACEMENT_3D('',#13597,#11214,#11215);
#9084=AXIS2_PLACEMENT_3D('',#13598,#11216,#11217);
#9085=AXIS2_PLACEMENT_3D('',#13599,#11218,#11219);
#9086=AXIS2_PLACEMENT_3D('',#13600,#11220,#11221);
#9087=AXIS2_PLACEMENT_3D('',#13603,#11222,#11223);
#9088=AXIS2_PLACEMENT_3D('',#13604,#11224,#11225);
#9089=AXIS2_PLACEMENT_3D('',#13605,#11226,#11227);
#9090=AXIS2_PLACEMENT_3D('',#13606,#11228,#11229);
#9091=AXIS2_PLACEMENT_3D('',#13609,#11230,#11231);
#9092=AXIS2_PLACEMENT_3D('',#13610,#11232,#11233);
#9093=AXIS2_PLACEMENT_3D('',#13611,#11234,#11235);
#9094=AXIS2_PLACEMENT_3D('',#13612,#11236,#11237);
#9095=AXIS2_PLACEMENT_3D('',#13614,#11238,#11239);
#9096=AXIS2_PLACEMENT_3D('',#13616,#11240,#11241);
#9097=AXIS2_PLACEMENT_3D('',#13617,#11242,#11243);
#9098=AXIS2_PLACEMENT_3D('',#13619,#11244,#11245);
#9099=AXIS2_PLACEMENT_3D('',#13620,#11246,#11247);
#9100=AXIS2_PLACEMENT_3D('',#13621,#11248,#11249);
#9101=AXIS2_PLACEMENT_3D('',#13624,#11251,#11252);
#9102=AXIS2_PLACEMENT_3D('',#13625,#11253,#11254);
#9103=AXIS2_PLACEMENT_3D('',#13627,#11255,#11256);
#9104=AXIS2_PLACEMENT_3D('',#13628,#11257,#11258);
#9105=AXIS2_PLACEMENT_3D('',#13629,#11259,#11260);
#9106=AXIS2_PLACEMENT_3D('',#13631,#11261,#11262);
#9107=AXIS2_PLACEMENT_3D('',#13632,#11263,#11264);
#9108=AXIS2_PLACEMENT_3D('',#13634,#11265,#11266);
#9109=AXIS2_PLACEMENT_3D('',#13635,#11267,#11268);
#9110=AXIS2_PLACEMENT_3D('',#13636,#11269,#11270);
#9111=AXIS2_PLACEMENT_3D('',#13638,#11272,#11273);
#9112=AXIS2_PLACEMENT_3D('',#13639,#11274,#11275);
#9113=AXIS2_PLACEMENT_3D('',#13640,#11276,#11277);
#9114=AXIS2_PLACEMENT_3D('',#13641,#11278,#11279);
#9115=AXIS2_PLACEMENT_3D('',#13644,#11281,#11282);
#9116=AXIS2_PLACEMENT_3D('',#13645,#11283,#11284);
#9117=AXIS2_PLACEMENT_3D('',#13646,#11285,#11286);
#9118=AXIS2_PLACEMENT_3D('',#13647,#11287,#11288);
#9119=AXIS2_PLACEMENT_3D('',#13649,#11289,#11290);
#9120=AXIS2_PLACEMENT_3D('',#13652,#11292,#11293);
#9121=AXIS2_PLACEMENT_3D('',#13653,#11294,#11295);
#9122=AXIS2_PLACEMENT_3D('',#13655,#11296,#11297);
#9123=AXIS2_PLACEMENT_3D('',#13656,#11298,#11299);
#9124=AXIS2_PLACEMENT_3D('',#13657,#11300,#11301);
#9125=AXIS2_PLACEMENT_3D('',#13659,#11302,#11303);
#9126=AXIS2_PLACEMENT_3D('',#13660,#11304,#11305);
#9127=AXIS2_PLACEMENT_3D('',#13662,#11306,#11307);
#9128=AXIS2_PLACEMENT_3D('',#13663,#11308,#11309);
#9129=AXIS2_PLACEMENT_3D('',#13664,#11310,#11311);
#9130=AXIS2_PLACEMENT_3D('',#13667,#11312,#11313);
#9131=AXIS2_PLACEMENT_3D('',#13669,#11314,#11315);
#9132=AXIS2_PLACEMENT_3D('',#13671,#11316,#11317);
#9133=AXIS2_PLACEMENT_3D('',#13674,#11319,#11320);
#9134=AXIS2_PLACEMENT_3D('',#13676,#11321,#11322);
#9135=AXIS2_PLACEMENT_3D('',#13678,#11323,#11324);
#9136=AXIS2_PLACEMENT_3D('',#13680,#11325,#11326);
#9137=AXIS2_PLACEMENT_3D('',#13682,#11327,#11328);
#9138=AXIS2_PLACEMENT_3D('',#13684,#11329,#11330);
#9139=AXIS2_PLACEMENT_3D('',#13685,#11331,#11332);
#9140=AXIS2_PLACEMENT_3D('',#13686,#11333,#11334);
#9141=AXIS2_PLACEMENT_3D('',#13688,#11335,#11336);
#9142=AXIS2_PLACEMENT_3D('',#13690,#11337,#11338);
#9143=AXIS2_PLACEMENT_3D('',#13691,#11339,#11340);
#9144=AXIS2_PLACEMENT_3D('',#13692,#11341,#11342);
#9145=AXIS2_PLACEMENT_3D('',#13694,#11343,#11344);
#9146=AXIS2_PLACEMENT_3D('',#13698,#11346,#11347);
#9147=AXIS2_PLACEMENT_3D('',#13699,#11348,#11349);
#9148=AXIS2_PLACEMENT_3D('',#13701,#11350,#11351);
#9149=AXIS2_PLACEMENT_3D('',#13703,#11352,#11353);
#9150=AXIS2_PLACEMENT_3D('',#13705,#11354,#11355);
#9151=AXIS2_PLACEMENT_3D('',#13707,#11356,#11357);
#9152=AXIS2_PLACEMENT_3D('',#13709,#11358,#11359);
#9153=AXIS2_PLACEMENT_3D('',#13711,#11360,#11361);
#9154=AXIS2_PLACEMENT_3D('',#13712,#11362,#11363);
#9155=AXIS2_PLACEMENT_3D('',#13713,#11364,#11365);
#9156=AXIS2_PLACEMENT_3D('',#13715,#11366,#11367);
#9157=AXIS2_PLACEMENT_3D('',#13716,#11368,#11369);
#9158=AXIS2_PLACEMENT_3D('',#13717,#11370,#11371);
#9159=AXIS2_PLACEMENT_3D('',#13719,#11372,#11373);
#9160=AXIS2_PLACEMENT_3D('',#13720,#11374,#11375);
#9161=AXIS2_PLACEMENT_3D('',#13721,#11376,#11377);
#9162=AXIS2_PLACEMENT_3D('',#13722,#11378,#11379);
#9163=AXIS2_PLACEMENT_3D('',#13723,#11380,#11381);
#9164=AXIS2_PLACEMENT_3D('',#13724,#11382,#11383);
#9165=AXIS2_PLACEMENT_3D('',#13725,#11384,#11385);
#9166=AXIS2_PLACEMENT_3D('',#13726,#11386,#11387);
#9167=AXIS2_PLACEMENT_3D('',#13727,#11388,#11389);
#9168=AXIS2_PLACEMENT_3D('',#13728,#11390,#11391);
#9169=AXIS2_PLACEMENT_3D('',#13729,#11392,#11393);
#9170=AXIS2_PLACEMENT_3D('',#13730,#11394,#11395);
#9171=AXIS2_PLACEMENT_3D('',#13731,#11396,#11397);
#9172=AXIS2_PLACEMENT_3D('',#13732,#11398,#11399);
#9173=AXIS2_PLACEMENT_3D('',#13733,#11400,#11401);
#9174=AXIS2_PLACEMENT_3D('',#13734,#11402,#11403);
#9175=AXIS2_PLACEMENT_3D('',#13735,#11404,#11405);
#9176=AXIS2_PLACEMENT_3D('',#13736,#11406,#11407);
#9177=AXIS2_PLACEMENT_3D('',#13737,#11408,#11409);
#9178=AXIS2_PLACEMENT_3D('',#13738,#11410,#11411);
#9179=AXIS2_PLACEMENT_3D('',#13739,#11412,#11413);
#9180=AXIS2_PLACEMENT_3D('',#13740,#11414,#11415);
#9181=AXIS2_PLACEMENT_3D('',#13741,#11416,#11417);
#9182=AXIS2_PLACEMENT_3D('',#13742,#11418,#11419);
#9183=AXIS2_PLACEMENT_3D('',#13743,#11420,#11421);
#9184=AXIS2_PLACEMENT_3D('',#13744,#11422,#11423);
#9185=AXIS2_PLACEMENT_3D('',#13745,#11424,#11425);
#9186=AXIS2_PLACEMENT_3D('',#13746,#11426,#11427);
#9187=AXIS2_PLACEMENT_3D('',#13747,#11428,#11429);
#9188=AXIS2_PLACEMENT_3D('',#13748,#11430,#11431);
#9189=AXIS2_PLACEMENT_3D('',#13749,#11432,#11433);
#9190=AXIS2_PLACEMENT_3D('',#13750,#11434,#11435);
#9191=AXIS2_PLACEMENT_3D('',#13758,#11439,#11440);
#9192=AXIS2_PLACEMENT_3D('',#13760,#11441,#11442);
#9193=AXIS2_PLACEMENT_3D('',#13761,#11443,#11444);
#9194=AXIS2_PLACEMENT_3D('',#13763,#11445,#11446);
#9195=AXIS2_PLACEMENT_3D('',#13765,#11448,#11449);
#9196=AXIS2_PLACEMENT_3D('',#13771,#11453,#11454);
#9197=AXIS2_PLACEMENT_3D('',#13775,#11457,#11458);
#9198=AXIS2_PLACEMENT_3D('',#13777,#11459,#11460);
#9199=AXIS2_PLACEMENT_3D('',#13779,#11462,#11463);
#9200=AXIS2_PLACEMENT_3D('',#13781,#11465,#11466);
#9201=AXIS2_PLACEMENT_3D('',#13782,#11467,#11468);
#9202=AXIS2_PLACEMENT_3D('',#13784,#11469,#11470);
#9203=AXIS2_PLACEMENT_3D('',#13787,#11472,#11473);
#9204=AXIS2_PLACEMENT_3D('',#13788,#11474,#11475);
#9205=AXIS2_PLACEMENT_3D('',#13797,#11480,#11481);
#9206=AXIS2_PLACEMENT_3D('',#13803,#11485,#11486);
#9207=AXIS2_PLACEMENT_3D('',#13809,#11490,#11491);
#9208=AXIS2_PLACEMENT_3D('',#13812,#11494,#11495);
#9209=AXIS2_PLACEMENT_3D('',#13813,#11496,#11497);
#9210=AXIS2_PLACEMENT_3D('',#13814,#11498,#11499);
#9211=AXIS2_PLACEMENT_3D('',#13815,#11500,#11501);
#9212=AXIS2_PLACEMENT_3D('',#13816,#11502,#11503);
#9213=AXIS2_PLACEMENT_3D('',#13818,#11504,#11505);
#9214=AXIS2_PLACEMENT_3D('',#13820,#11506,#11507);
#9215=AXIS2_PLACEMENT_3D('',#13821,#11508,#11509);
#9216=AXIS2_PLACEMENT_3D('',#13823,#11510,#11511);
#9217=AXIS2_PLACEMENT_3D('',#13825,#11513,#11514);
#9218=AXIS2_PLACEMENT_3D('',#13827,#11515,#11516);
#9219=AXIS2_PLACEMENT_3D('',#13829,#11518,#11519);
#9220=AXIS2_PLACEMENT_3D('',#13830,#11520,#11521);
#9221=AXIS2_PLACEMENT_3D('',#13831,#11522,#11523);
#9222=AXIS2_PLACEMENT_3D('',#13834,#11524,#11525);
#9223=AXIS2_PLACEMENT_3D('',#13841,#11529,#11530);
#9224=AXIS2_PLACEMENT_3D('',#13842,#11531,#11532);
#9225=AXIS2_PLACEMENT_3D('',#13844,#11533,#11534);
#9226=AXIS2_PLACEMENT_3D('',#13846,#11536,#11537);
#9227=AXIS2_PLACEMENT_3D('',#13852,#11541,#11542);
#9228=AXIS2_PLACEMENT_3D('',#13856,#11545,#11546);
#9229=AXIS2_PLACEMENT_3D('',#13860,#11549,#11550);
#9230=AXIS2_PLACEMENT_3D('',#13861,#11551,#11552);
#9231=AXIS2_PLACEMENT_3D('',#13862,#11553,#11554);
#9232=AXIS2_PLACEMENT_3D('',#13863,#11555,#11556);
#9233=AXIS2_PLACEMENT_3D('',#13865,#11557,#11558);
#9234=AXIS2_PLACEMENT_3D('',#13868,#11560,#11561);
#9235=AXIS2_PLACEMENT_3D('',#13869,#11562,#11563);
#9236=AXIS2_PLACEMENT_3D('',#13870,#11564,#11565);
#9237=AXIS2_PLACEMENT_3D('',#13871,#11566,#11567);
#9238=AXIS2_PLACEMENT_3D('',#13872,#11568,#11569);
#9239=AXIS2_PLACEMENT_3D('',#13873,#11570,#11571);
#9240=AXIS2_PLACEMENT_3D('',#13874,#11572,#11573);
#9241=DIRECTION('axis',(0.,0.,1.));
#9242=DIRECTION('refdir',(1.,0.,0.));
#9243=DIRECTION('axis',(0.,0.,1.));
#9244=DIRECTION('refdir',(1.,0.,0.));
#9245=DIRECTION('axis',(0.,0.,1.));
#9246=DIRECTION('refdir',(1.,0.,0.));
#9247=DIRECTION('axis',(0.,0.,1.));
#9248=DIRECTION('refdir',(1.,0.,0.));
#9249=DIRECTION('center_axis',(0.,1.,0.));
#9250=DIRECTION('ref_axis',(0.,0.,1.));
#9251=DIRECTION('',(1.,0.,0.));
#9252=DIRECTION('',(0.,0.,1.));
#9253=DIRECTION('',(1.,0.,0.));
#9254=DIRECTION('',(0.,0.,-1.));
#9255=DIRECTION('center_axis',(-1.,0.,0.));
#9256=DIRECTION('ref_axis',(0.,0.,1.));
#9257=DIRECTION('',(0.,1.,0.));
#9258=DIRECTION('',(0.,0.,-1.));
#9259=DIRECTION('',(0.,1.,0.));
#9260=DIRECTION('',(0.,0.,1.));
#9261=DIRECTION('center_axis',(0.,-1.,0.));
#9262=DIRECTION('ref_axis',(0.,0.,-1.));
#9263=DIRECTION('',(-1.,0.,0.));
#9264=DIRECTION('',(0.,0.,1.));
#9265=DIRECTION('',(-1.,0.,0.));
#9266=DIRECTION('',(0.,0.,-1.));
#9267=DIRECTION('center_axis',(1.,0.,0.));
#9268=DIRECTION('ref_axis',(0.,0.,-1.));
#9269=DIRECTION('',(0.,-1.,0.));
#9270=DIRECTION('',(0.,0.,1.));
#9271=DIRECTION('',(0.,-1.,0.));
#9272=DIRECTION('',(0.,0.,-1.));
#9273=DIRECTION('center_axis',(0.,0.,1.));
#9274=DIRECTION('ref_axis',(1.,0.,0.));
#9275=DIRECTION('',(0.707106781186548,-0.707106781186548,0.));
#9276=DIRECTION('center_axis',(0.,0.,1.));
#9277=DIRECTION('ref_axis',(1.,0.,0.));
#9278=DIRECTION('center_axis',(0.,0.,1.));
#9279=DIRECTION('ref_axis',(1.,0.,0.));
#9280=DIRECTION('',(0.707106781186548,0.707106781186548,0.));
#9281=DIRECTION('center_axis',(0.,0.,1.));
#9282=DIRECTION('ref_axis',(1.,0.,0.));
#9283=DIRECTION('center_axis',(0.,0.,1.));
#9284=DIRECTION('ref_axis',(1.,0.,0.));
#9285=DIRECTION('',(-0.707106781186548,0.707106781186548,0.));
#9286=DIRECTION('center_axis',(0.,0.,1.));
#9287=DIRECTION('ref_axis',(1.,0.,0.));
#9288=DIRECTION('center_axis',(0.,0.,1.));
#9289=DIRECTION('ref_axis',(1.,0.,0.));
#9290=DIRECTION('',(-0.707106781186548,-0.707106781186548,0.));
#9291=DIRECTION('center_axis',(0.,0.,1.));
#9292=DIRECTION('ref_axis',(1.,0.,0.));
#9293=DIRECTION('center_axis',(0.,0.,1.));
#9294=DIRECTION('ref_axis',(1.,0.,0.));
#9295=DIRECTION('center_axis',(0.,0.,-1.));
#9296=DIRECTION('ref_axis',(-1.,0.,0.));
#9297=DIRECTION('center_axis',(0.,0.,1.));
#9298=DIRECTION('ref_axis',(-1.,0.,0.));
#9299=DIRECTION('center_axis',(0.,0.,1.));
#9300=DIRECTION('ref_axis',(-1.,0.,0.));
#9301=DIRECTION('center_axis',(0.,0.,1.));
#9302=DIRECTION('ref_axis',(-1.,0.,0.));
#9303=DIRECTION('center_axis',(0.,0.,1.));
#9304=DIRECTION('ref_axis',(-1.,0.,0.));
#9305=DIRECTION('center_axis',(0.,0.,1.));
#9306=DIRECTION('ref_axis',(1.,0.,0.));
#9307=DIRECTION('center_axis',(0.,0.,1.));
#9308=DIRECTION('ref_axis',(1.,0.,0.));
#9309=DIRECTION('',(-0.707106781186548,0.707106781186548,0.));
#9310=DIRECTION('center_axis',(0.,0.,1.));
#9311=DIRECTION('ref_axis',(1.,0.,0.));
#9312=DIRECTION('center_axis',(0.,0.,1.));
#9313=DIRECTION('ref_axis',(1.,0.,0.));
#9314=DIRECTION('',(0.707106781186548,0.707106781186548,0.));
#9315=DIRECTION('center_axis',(0.,0.,1.));
#9316=DIRECTION('ref_axis',(1.,0.,0.));
#9317=DIRECTION('center_axis',(0.,0.,1.));
#9318=DIRECTION('ref_axis',(1.,0.,0.));
#9319=DIRECTION('',(0.707106781186548,-0.707106781186548,0.));
#9320=DIRECTION('center_axis',(0.,0.,1.));
#9321=DIRECTION('ref_axis',(1.,0.,0.));
#9322=DIRECTION('center_axis',(0.,0.,1.));
#9323=DIRECTION('ref_axis',(1.,0.,0.));
#9324=DIRECTION('',(-0.707106781186548,-0.707106781186548,0.));
#9325=DIRECTION('center_axis',(0.,0.,1.));
#9326=DIRECTION('ref_axis',(1.,0.,0.));
#9327=DIRECTION('center_axis',(0.,0.,1.));
#9328=DIRECTION('ref_axis',(1.,0.,0.));
#9329=DIRECTION('center_axis',(0.,0.,1.));
#9330=DIRECTION('ref_axis',(1.,0.,0.));
#9331=DIRECTION('center_axis',(0.,0.,1.));
#9332=DIRECTION('ref_axis',(1.,0.,0.));
#9333=DIRECTION('center_axis',(0.,0.,1.));
#9334=DIRECTION('ref_axis',(1.,0.,0.));
#9335=DIRECTION('center_axis',(0.,0.,1.));
#9336=DIRECTION('ref_axis',(1.,0.,0.));
#9337=DIRECTION('center_axis',(0.707106781186548,-0.707106781186548,0.));
#9338=DIRECTION('ref_axis',(0.,0.,-1.));
#9339=DIRECTION('',(0.,0.,1.));
#9340=DIRECTION('',(0.,0.,-1.));
#9341=DIRECTION('center_axis',(-0.707106781186548,-0.707106781186548,0.));
#9342=DIRECTION('ref_axis',(0.,0.,-1.));
#9343=DIRECTION('',(0.,0.,-1.));
#9344=DIRECTION('',(0.,0.,1.));
#9345=DIRECTION('center_axis',(-0.707106781186548,0.707106781186548,0.));
#9346=DIRECTION('ref_axis',(0.,0.,-1.));
#9347=DIRECTION('',(0.,0.,-1.));
#9348=DIRECTION('',(0.,0.,1.));
#9349=DIRECTION('center_axis',(0.707106781186548,0.707106781186548,0.));
#9350=DIRECTION('ref_axis',(0.,0.,-1.));
#9351=DIRECTION('',(0.,0.,1.));
#9352=DIRECTION('',(0.,0.,-1.));
#9353=DIRECTION('center_axis',(0.,0.,1.));
#9354=DIRECTION('ref_axis',(1.,0.,0.));
#9355=DIRECTION('',(0.,0.,1.));
#9356=DIRECTION('center_axis',(0.,0.,1.));
#9357=DIRECTION('ref_axis',(1.,0.,0.));
#9358=DIRECTION('',(0.,0.,1.));
#9359=DIRECTION('center_axis',(0.,0.,1.));
#9360=DIRECTION('ref_axis',(1.,0.,0.));
#9361=DIRECTION('',(0.,0.,1.));
#9362=DIRECTION('center_axis',(0.,0.,1.));
#9363=DIRECTION('ref_axis',(1.,0.,0.));
#9364=DIRECTION('',(0.,0.,1.));
#9365=DIRECTION('center_axis',(0.,0.,1.));
#9366=DIRECTION('ref_axis',(1.,0.,0.));
#9367=DIRECTION('',(0.,0.,1.));
#9368=DIRECTION('center_axis',(0.,0.,-1.));
#9369=DIRECTION('ref_axis',(-1.,0.,0.));
#9370=DIRECTION('center_axis',(0.,0.,1.));
#9371=DIRECTION('ref_axis',(1.,0.,0.));
#9372=DIRECTION('center_axis',(0.,0.,-1.));
#9373=DIRECTION('ref_axis',(-1.,0.,0.));
#9374=DIRECTION('center_axis',(0.,0.,1.));
#9375=DIRECTION('ref_axis',(1.,0.,0.));
#9376=DIRECTION('center_axis',(0.,0.,-1.));
#9377=DIRECTION('ref_axis',(-1.,0.,0.));
#9378=DIRECTION('center_axis',(0.,0.,1.));
#9379=DIRECTION('ref_axis',(1.,0.,0.));
#9380=DIRECTION('center_axis',(0.,0.,-1.));
#9381=DIRECTION('ref_axis',(-1.,0.,0.));
#9382=DIRECTION('center_axis',(0.,0.,1.));
#9383=DIRECTION('ref_axis',(1.,0.,0.));
#9384=DIRECTION('axis',(0.,0.,1.));
#9385=DIRECTION('refdir',(1.,0.,0.));
#9386=DIRECTION('center_axis',(-1.,0.,0.));
#9387=DIRECTION('ref_axis',(0.,0.,1.));
#9388=DIRECTION('',(0.,-1.,0.));
#9389=DIRECTION('',(0.,0.,1.));
#9390=DIRECTION('',(0.,-1.,0.));
#9391=DIRECTION('',(0.,0.,1.));
#9392=DIRECTION('',(0.,1.,0.));
#9393=DIRECTION('',(0.,0.,1.));
#9394=DIRECTION('',(0.,-1.,0.));
#9395=DIRECTION('',(0.,0.,1.));
#9396=DIRECTION('center_axis',(0.,0.,-1.));
#9397=DIRECTION('ref_axis',(-1.,0.,0.));
#9398=DIRECTION('',(-1.,0.,0.));
#9399=DIRECTION('',(0.,-1.,0.));
#9400=DIRECTION('',(-1.,0.,0.));
#9401=DIRECTION('',(0.,1.,0.));
#9402=DIRECTION('center_axis',(1.,0.,0.));
#9403=DIRECTION('ref_axis',(0.,0.,-1.));
#9404=DIRECTION('',(0.,0.,-1.));
#9405=DIRECTION('',(0.,-1.,0.));
#9406=DIRECTION('',(0.,0.,-1.));
#9407=DIRECTION('',(0.,1.,0.));
#9408=DIRECTION('center_axis',(0.,0.,1.));
#9409=DIRECTION('ref_axis',(1.,0.,0.));
#9410=DIRECTION('',(1.,0.,0.));
#9411=DIRECTION('',(0.,-1.,0.));
#9412=DIRECTION('',(1.,0.,0.));
#9413=DIRECTION('',(0.,1.,0.));
#9414=DIRECTION('center_axis',(0.,-1.,0.));
#9415=DIRECTION('ref_axis',(0.,0.,-1.));
#9416=DIRECTION('',(-0.707106781186547,0.,-0.707106781186548));
#9417=DIRECTION('',(-1.,0.,4.33680868994202E-16));
#9418=DIRECTION('',(0.,0.,-1.));
#9419=DIRECTION('',(1.,0.,4.33680868994202E-16));
#9420=DIRECTION('',(0.707106781186548,0.,-0.707106781186547));
#9421=DIRECTION('',(0.707106781186547,0.,0.707106781186548));
#9422=DIRECTION('',(-0.707106781186548,0.,0.707106781186547));
#9423=DIRECTION('center_axis',(0.,1.,0.));
#9424=DIRECTION('ref_axis',(0.,0.,-1.));
#9425=DIRECTION('center_axis',(0.,1.,0.));
#9426=DIRECTION('ref_axis',(0.,0.,-1.));
#9427=DIRECTION('center_axis',(0.,1.,0.));
#9428=DIRECTION('ref_axis',(0.,0.,-1.));
#9429=DIRECTION('center_axis',(0.,1.,0.));
#9430=DIRECTION('ref_axis',(0.,0.,-1.));
#9431=DIRECTION('center_axis',(0.,1.,0.));
#9432=DIRECTION('ref_axis',(1.,0.,0.));
#9433=DIRECTION('center_axis',(0.,-1.,0.));
#9434=DIRECTION('ref_axis',(0.,0.,-1.));
#9435=DIRECTION('',(0.707106781186547,0.,0.707106781186548));
#9436=DIRECTION('',(0.707106781186548,0.,-0.707106781186547));
#9437=DIRECTION('',(-0.707106781186547,0.,-0.707106781186548));
#9438=DIRECTION('',(-0.707106781186548,0.,0.707106781186547));
#9439=DIRECTION('center_axis',(0.,-1.,0.));
#9440=DIRECTION('ref_axis',(0.,0.,-1.));
#9441=DIRECTION('center_axis',(0.,-1.,0.));
#9442=DIRECTION('ref_axis',(0.,0.,-1.));
#9443=DIRECTION('center_axis',(0.,-1.,0.));
#9444=DIRECTION('ref_axis',(0.,0.,-1.));
#9445=DIRECTION('center_axis',(0.,-1.,0.));
#9446=DIRECTION('ref_axis',(0.,0.,-1.));
#9447=DIRECTION('center_axis',(0.,-1.,0.));
#9448=DIRECTION('ref_axis',(0.,0.,-1.));
#9449=DIRECTION('center_axis',(-0.707106781186548,0.,0.707106781186547));
#9450=DIRECTION('ref_axis',(0.,1.,0.));
#9451=DIRECTION('center_axis',(0.707106781186547,0.,0.707106781186548));
#9452=DIRECTION('ref_axis',(0.,1.,0.));
#9453=DIRECTION('center_axis',(0.707106781186548,0.,-0.707106781186547));
#9454=DIRECTION('ref_axis',(0.,1.,0.));
#9455=DIRECTION('center_axis',(-0.707106781186547,0.,-0.707106781186548));
#9456=DIRECTION('ref_axis',(0.,1.,0.));
#9457=DIRECTION('center_axis',(0.,-1.,0.));
#9458=DIRECTION('ref_axis',(0.,0.,-1.));
#9459=DIRECTION('',(0.,-1.,0.));
#9460=DIRECTION('center_axis',(4.33680868994202E-16,0.,1.));
#9461=DIRECTION('ref_axis',(1.,0.,-4.33680868994202E-16));
#9462=DIRECTION('',(-1.,0.,4.33680868994202E-16));
#9463=DIRECTION('',(0.,-1.,0.));
#9464=DIRECTION('center_axis',(4.33680868994202E-16,0.,-1.));
#9465=DIRECTION('ref_axis',(-1.,0.,-4.33680868994202E-16));
#9466=DIRECTION('',(0.,-1.,0.));
#9467=DIRECTION('',(1.,0.,4.33680868994202E-16));
#9468=DIRECTION('center_axis',(-1.,0.,0.));
#9469=DIRECTION('ref_axis',(0.,0.,1.));
#9470=DIRECTION('',(0.,0.,-1.));
#9471=DIRECTION('center_axis',(0.,1.,0.));
#9472=DIRECTION('ref_axis',(0.,0.,1.));
#9473=DIRECTION('center_axis',(0.,-1.,0.));
#9474=DIRECTION('ref_axis',(0.,0.,-1.));
#9475=DIRECTION('',(0.,-1.,0.));
#9476=DIRECTION('center_axis',(0.,-1.,0.));
#9477=DIRECTION('ref_axis',(1.,0.,0.));
#9478=DIRECTION('center_axis',(0.,1.,0.));
#9479=DIRECTION('ref_axis',(0.,0.,1.));
#9480=DIRECTION('center_axis',(0.,-1.,0.));
#9481=DIRECTION('ref_axis',(0.,0.,-1.));
#9482=DIRECTION('center_axis',(0.,1.,0.));
#9483=DIRECTION('ref_axis',(0.,0.,-1.));
#9484=DIRECTION('',(0.,1.,0.));
#9485=DIRECTION('center_axis',(0.,-1.,0.));
#9486=DIRECTION('ref_axis',(0.,0.,-1.));
#9487=DIRECTION('',(0.,-1.,0.));
#9488=DIRECTION('center_axis',(0.,-1.,0.));
#9489=DIRECTION('ref_axis',(1.,0.,0.));
#9490=DIRECTION('center_axis',(0.,1.,0.));
#9491=DIRECTION('ref_axis',(0.,0.,1.));
#9492=DIRECTION('center_axis',(0.,-1.,0.));
#9493=DIRECTION('ref_axis',(0.,0.,-1.));
#9494=DIRECTION('center_axis',(0.,1.,0.));
#9495=DIRECTION('ref_axis',(0.,0.,-1.));
#9496=DIRECTION('',(0.,1.,0.));
#9497=DIRECTION('center_axis',(0.,-1.,0.));
#9498=DIRECTION('ref_axis',(0.,0.,-1.));
#9499=DIRECTION('',(0.,-1.,0.));
#9500=DIRECTION('center_axis',(0.,-1.,0.));
#9501=DIRECTION('ref_axis',(1.,0.,0.));
#9502=DIRECTION('center_axis',(0.,1.,0.));
#9503=DIRECTION('ref_axis',(0.,0.,1.));
#9504=DIRECTION('center_axis',(0.,-1.,0.));
#9505=DIRECTION('ref_axis',(0.,0.,-1.));
#9506=DIRECTION('center_axis',(0.,1.,0.));
#9507=DIRECTION('ref_axis',(0.,0.,-1.));
#9508=DIRECTION('',(0.,1.,0.));
#9509=DIRECTION('center_axis',(0.,-1.,0.));
#9510=DIRECTION('ref_axis',(0.,0.,-1.));
#9511=DIRECTION('',(0.,-1.,0.));
#9512=DIRECTION('center_axis',(0.,-1.,0.));
#9513=DIRECTION('ref_axis',(1.,0.,0.));
#9514=DIRECTION('center_axis',(0.,1.,0.));
#9515=DIRECTION('ref_axis',(0.,0.,1.));
#9516=DIRECTION('center_axis',(0.,-1.,0.));
#9517=DIRECTION('ref_axis',(0.,0.,-1.));
#9518=DIRECTION('center_axis',(0.,1.,0.));
#9519=DIRECTION('ref_axis',(0.,0.,-1.));
#9520=DIRECTION('',(0.,1.,0.));
#9521=DIRECTION('axis',(0.,0.,1.));
#9522=DIRECTION('refdir',(1.,0.,0.));
#9523=DIRECTION('center_axis',(-0.707106781186548,-0.707106781186548,0.));
#9524=DIRECTION('ref_axis',(0.707106781186547,-0.707106781186547,0.));
#9525=DIRECTION('',(-0.707106781186548,0.707106781186548,0.));
#9526=DIRECTION('',(0.,0.,-1.));
#9527=DIRECTION('',(-0.707106781186548,0.707106781186548,0.));
#9528=DIRECTION('',(0.,0.,-1.));
#9529=DIRECTION('center_axis',(0.,-1.,0.));
#9530=DIRECTION('ref_axis',(0.,0.,-1.));
#9531=DIRECTION('',(-1.,0.,0.));
#9532=DIRECTION('',(0.,0.,-1.));
#9533=DIRECTION('',(-1.,0.,0.));
#9534=DIRECTION('center_axis',(0.707106781186548,-0.707106781186548,0.));
#9535=DIRECTION('ref_axis',(0.707106781186547,0.707106781186547,0.));
#9536=DIRECTION('',(-0.707106781186548,-0.707106781186548,0.));
#9537=DIRECTION('',(0.,0.,-1.));
#9538=DIRECTION('',(-0.707106781186548,-0.707106781186548,0.));
#9539=DIRECTION('center_axis',(1.,0.,0.));
#9540=DIRECTION('ref_axis',(0.,0.,-1.));
#9541=DIRECTION('',(0.,-1.,0.));
#9542=DIRECTION('',(0.,0.,-1.));
#9543=DIRECTION('',(0.,-1.,0.));
#9544=DIRECTION('center_axis',(0.707106781186548,0.707106781186547,0.));
#9545=DIRECTION('ref_axis',(-0.707106781186547,0.707106781186548,0.));
#9546=DIRECTION('',(0.707106781186547,-0.707106781186548,0.));
#9547=DIRECTION('',(0.,0.,-1.));
#9548=DIRECTION('',(0.707106781186547,-0.707106781186548,0.));
#9549=DIRECTION('center_axis',(-9.91270557701033E-17,1.,0.));
#9550=DIRECTION('ref_axis',(-1.,-9.91270557701033E-17,0.));
#9551=DIRECTION('',(1.,9.91270557701033E-17,0.));
#9552=DIRECTION('',(0.,0.,-1.));
#9553=DIRECTION('',(1.,9.91270557701033E-17,0.));
#9554=DIRECTION('center_axis',(-0.707106781186548,0.707106781186548,0.));
#9555=DIRECTION('ref_axis',(-0.707106781186547,-0.707106781186547,0.));
#9556=DIRECTION('',(0.707106781186548,0.707106781186548,0.));
#9557=DIRECTION('',(0.,0.,-1.));
#9558=DIRECTION('',(0.707106781186548,0.707106781186548,0.));
#9559=DIRECTION('center_axis',(-1.,0.,0.));
#9560=DIRECTION('ref_axis',(0.,0.,1.));
#9561=DIRECTION('',(0.,1.,0.));
#9562=DIRECTION('',(0.,1.,0.));
#9563=DIRECTION('center_axis',(0.,0.,1.));
#9564=DIRECTION('ref_axis',(1.,0.,0.));
#9565=DIRECTION('center_axis',(0.,0.,1.));
#9566=DIRECTION('ref_axis',(1.,9.91270557701033E-17,0.));
#9567=DIRECTION('center_axis',(0.,0.,1.));
#9568=DIRECTION('ref_axis',(1.,9.91270557701033E-17,0.));
#9569=DIRECTION('center_axis',(0.,0.,1.));
#9570=DIRECTION('ref_axis',(1.,9.91270557701033E-17,0.));
#9571=DIRECTION('center_axis',(0.,0.,1.));
#9572=DIRECTION('ref_axis',(1.,9.91270557701033E-17,0.));
#9573=DIRECTION('center_axis',(0.,0.,-1.));
#9574=DIRECTION('ref_axis',(1.,9.91270557701032E-17,0.));
#9575=DIRECTION('center_axis',(0.,0.,1.));
#9576=DIRECTION('ref_axis',(1.,0.,0.));
#9577=DIRECTION('center_axis',(0.,0.,1.));
#9578=DIRECTION('ref_axis',(1.,0.,0.));
#9579=DIRECTION('center_axis',(0.,0.,1.));
#9580=DIRECTION('ref_axis',(1.,0.,0.));
#9581=DIRECTION('center_axis',(0.,0.,1.));
#9582=DIRECTION('ref_axis',(1.,0.,0.));
#9583=DIRECTION('center_axis',(0.,0.,1.));
#9584=DIRECTION('ref_axis',(1.,0.,0.));
#9585=DIRECTION('center_axis',(0.,0.,1.));
#9586=DIRECTION('ref_axis',(1.,0.,0.));
#9587=DIRECTION('center_axis',(0.,0.,-1.));
#9588=DIRECTION('ref_axis',(-1.,0.,0.));
#9589=DIRECTION('',(0.,0.,1.));
#9590=DIRECTION('center_axis',(0.,0.,-1.));
#9591=DIRECTION('ref_axis',(1.,9.91270557701032E-17,0.));
#9592=DIRECTION('center_axis',(0.,0.,-1.));
#9593=DIRECTION('ref_axis',(-1.,0.,0.));
#9594=DIRECTION('center_axis',(0.,0.,-1.));
#9595=DIRECTION('ref_axis',(1.,0.,0.));
#9596=DIRECTION('center_axis',(0.,0.,1.));
#9597=DIRECTION('ref_axis',(1.,0.,0.));
#9598=DIRECTION('',(0.,0.,1.));
#9599=DIRECTION('center_axis',(0.,0.,1.));
#9600=DIRECTION('ref_axis',(1.,0.,0.));
#9601=DIRECTION('',(0.,0.,1.));
#9602=DIRECTION('center_axis',(0.,0.,1.));
#9603=DIRECTION('ref_axis',(1.,0.,0.));
#9604=DIRECTION('',(0.,0.,1.));
#9605=DIRECTION('center_axis',(0.,0.,1.));
#9606=DIRECTION('ref_axis',(1.,0.,0.));
#9607=DIRECTION('',(0.,0.,1.));
#9608=DIRECTION('center_axis',(0.,0.,1.));
#9609=DIRECTION('ref_axis',(1.,0.,0.));
#9610=DIRECTION('',(0.,0.,1.));
#9611=DIRECTION('axis',(0.,0.,1.));
#9612=DIRECTION('refdir',(1.,0.,0.));
#9613=DIRECTION('center_axis',(3.10037164341102E-17,-1.,0.));
#9614=DIRECTION('ref_axis',(-1.,-3.10037164341102E-17,0.));
#9615=DIRECTION('center_axis',(3.10037164341102E-17,-1.,0.));
#9616=DIRECTION('ref_axis',(-1.,-3.10037164341102E-17,0.));
#9617=DIRECTION('center_axis',(-3.10037164341102E-17,1.,0.));
#9618=DIRECTION('ref_axis',(1.,3.10037164341102E-17,0.));
#9619=DIRECTION('center_axis',(0.,-1.,8.34001671142695E-17));
#9620=DIRECTION('ref_axis',(0.,-8.34001671142695E-17,-1.));
#9621=DIRECTION('',(-3.10037164341102E-17,1.,0.));
#9622=DIRECTION('center_axis',(0.,-0.707106781186548,0.707106781186548));
#9623=DIRECTION('ref_axis',(1.,0.,0.));
#9624=DIRECTION('',(0.577350269189625,0.577350269189626,0.577350269189626));
#9625=DIRECTION('',(1.,0.,0.));
#9626=DIRECTION('',(0.577350269189624,-0.577350269189627,-0.577350269189627));
#9627=DIRECTION('',(-1.,0.,0.));
#9628=DIRECTION('center_axis',(-0.707106781186549,-0.707106781186546,3.65631507055267E-16));
#9629=DIRECTION('ref_axis',(4.33680868994202E-16,8.34001671142697E-17,1.));
#9630=DIRECTION('',(0.577350269189624,-0.577350269189627,0.577350269189627));
#9631=DIRECTION('',(-4.33680868994202E-16,-8.34001671142695E-17,-1.));
#9632=DIRECTION('',(4.33680868994202E-16,8.34001671142695E-17,1.));
#9633=DIRECTION('center_axis',(0.707106781186548,-0.707106781186547,5.89728237185912E-17));
#9634=DIRECTION('ref_axis',(-1.23259516440783E-32,-8.34001671142695E-17,
-1.));
#9635=DIRECTION('',(0.577350269189625,0.577350269189626,-0.577350269189626));
#9636=DIRECTION('',(0.,-8.34001671142695E-17,-1.));
#9637=DIRECTION('',(0.,8.34001671142695E-17,1.));
#9638=DIRECTION('center_axis',(0.,-0.707106781186548,-0.707106781186548));
#9639=DIRECTION('ref_axis',(-1.,0.,0.));
#9640=DIRECTION('',(-1.,0.,0.));
#9641=DIRECTION('',(1.,0.,0.));
#9642=DIRECTION('center_axis',(0.,0.707106781186548,0.707106781186548));
#9643=DIRECTION('ref_axis',(1.,0.,0.));
#9644=DIRECTION('',(0.577350269189626,0.577350269189626,-0.577350269189626));
#9645=DIRECTION('',(-1.,0.,0.));
#9646=DIRECTION('',(0.577350269189626,-0.577350269189626,0.577350269189626));
#9647=DIRECTION('',(1.,0.,0.));
#9648=DIRECTION('center_axis',(-0.707106781186548,0.,0.707106781186548));
#9649=DIRECTION('ref_axis',(0.,1.,0.));
#9650=DIRECTION('',(0.577350269189626,0.577350269189626,0.577350269189626));
#9651=DIRECTION('',(0.,1.,0.));
#9652=DIRECTION('',(0.,-1.,0.));
#9653=DIRECTION('center_axis',(0.707106781186548,0.,0.707106781186548));
#9654=DIRECTION('ref_axis',(0.,-1.,0.));
#9655=DIRECTION('',(0.577350269189626,-0.577350269189626,-0.577350269189626));
#9656=DIRECTION('',(0.,1.,0.));
#9657=DIRECTION('',(0.,-1.,0.));
#9658=DIRECTION('center_axis',(0.,-0.707106781186548,0.707106781186548));
#9659=DIRECTION('ref_axis',(-1.,0.,0.));
#9660=DIRECTION('',(1.,0.,0.));
#9661=DIRECTION('',(-1.,0.,0.));
#9662=DIRECTION('center_axis',(0.,-0.707106781186548,0.707106781186548));
#9663=DIRECTION('ref_axis',(1.,0.,0.));
#9664=DIRECTION('',(0.577350269189625,0.577350269189626,0.577350269189626));
#9665=DIRECTION('',(1.,0.,0.));
#9666=DIRECTION('',(0.577350269189624,-0.577350269189627,-0.577350269189627));
#9667=DIRECTION('',(-1.,0.,0.));
#9668=DIRECTION('center_axis',(-0.707106781186549,-0.707106781186546,3.65631507055267E-16));
#9669=DIRECTION('ref_axis',(4.33680868994202E-16,8.34001671142697E-17,1.));
#9670=DIRECTION('',(0.577350269189624,-0.577350269189627,0.577350269189627));
#9671=DIRECTION('',(-4.33680868994202E-16,-8.34001671142695E-17,-1.));
#9672=DIRECTION('',(4.33680868994202E-16,8.34001671142695E-17,1.));
#9673=DIRECTION('center_axis',(0.707106781186548,-0.707106781186547,5.89728237185912E-17));
#9674=DIRECTION('ref_axis',(-1.23259516440783E-32,-8.34001671142695E-17,
-1.));
#9675=DIRECTION('',(0.577350269189625,0.577350269189626,-0.577350269189626));
#9676=DIRECTION('',(0.,-8.34001671142695E-17,-1.));
#9677=DIRECTION('',(0.,8.34001671142695E-17,1.));
#9678=DIRECTION('center_axis',(0.,-0.707106781186548,-0.707106781186548));
#9679=DIRECTION('ref_axis',(-1.,0.,0.));
#9680=DIRECTION('',(-1.,0.,0.));
#9681=DIRECTION('',(1.,0.,0.));
#9682=DIRECTION('center_axis',(0.,0.707106781186548,0.707106781186548));
#9683=DIRECTION('ref_axis',(1.,0.,0.));
#9684=DIRECTION('',(0.577350269189626,0.577350269189626,-0.577350269189626));
#9685=DIRECTION('',(-1.,0.,0.));
#9686=DIRECTION('',(0.577350269189626,-0.577350269189626,0.577350269189626));
#9687=DIRECTION('',(1.,0.,0.));
#9688=DIRECTION('center_axis',(-0.707106781186548,0.,0.707106781186548));
#9689=DIRECTION('ref_axis',(0.,1.,0.));
#9690=DIRECTION('',(0.577350269189626,0.577350269189626,0.577350269189626));
#9691=DIRECTION('',(0.,1.,0.));
#9692=DIRECTION('',(0.,-1.,0.));
#9693=DIRECTION('center_axis',(0.707106781186548,0.,0.707106781186548));
#9694=DIRECTION('ref_axis',(0.,-1.,0.));
#9695=DIRECTION('',(0.577350269189626,-0.577350269189626,-0.577350269189626));
#9696=DIRECTION('',(0.,1.,0.));
#9697=DIRECTION('',(0.,-1.,0.));
#9698=DIRECTION('center_axis',(0.,-0.707106781186548,0.707106781186548));
#9699=DIRECTION('ref_axis',(-1.,0.,0.));
#9700=DIRECTION('',(1.,0.,0.));
#9701=DIRECTION('',(-1.,0.,0.));
#9702=DIRECTION('center_axis',(0.,-0.707106781186548,0.707106781186548));
#9703=DIRECTION('ref_axis',(1.,0.,0.));
#9704=DIRECTION('',(0.577350269189625,0.577350269189626,0.577350269189626));
#9705=DIRECTION('',(1.,0.,0.));
#9706=DIRECTION('',(0.577350269189624,-0.577350269189627,-0.577350269189627));
#9707=DIRECTION('',(-1.,0.,0.));
#9708=DIRECTION('center_axis',(-0.707106781186549,-0.707106781186546,3.65631507055267E-16));
#9709=DIRECTION('ref_axis',(4.33680868994202E-16,8.34001671142697E-17,1.));
#9710=DIRECTION('',(0.577350269189624,-0.577350269189627,0.577350269189627));
#9711=DIRECTION('',(-4.33680868994202E-16,-8.34001671142695E-17,-1.));
#9712=DIRECTION('',(4.33680868994202E-16,8.34001671142695E-17,1.));
#9713=DIRECTION('center_axis',(0.707106781186548,-0.707106781186547,5.89728237185912E-17));
#9714=DIRECTION('ref_axis',(-1.23259516440783E-32,-8.34001671142695E-17,
-1.));
#9715=DIRECTION('',(0.577350269189625,0.577350269189626,-0.577350269189626));
#9716=DIRECTION('',(0.,-8.34001671142695E-17,-1.));
#9717=DIRECTION('',(0.,8.34001671142695E-17,1.));
#9718=DIRECTION('center_axis',(0.,-0.707106781186548,-0.707106781186548));
#9719=DIRECTION('ref_axis',(-1.,0.,0.));
#9720=DIRECTION('',(-1.,0.,0.));
#9721=DIRECTION('',(1.,0.,0.));
#9722=DIRECTION('center_axis',(0.,0.707106781186541,0.707106781186554));
#9723=DIRECTION('ref_axis',(1.,0.,0.));
#9724=DIRECTION('',(0.577350269189629,0.577350269189629,-0.577350269189619));
#9725=DIRECTION('',(-1.,0.,0.));
#9726=DIRECTION('',(0.577350269189629,-0.577350269189629,0.577350269189619));
#9727=DIRECTION('',(1.,0.,0.));
#9728=DIRECTION('center_axis',(-0.707106781186541,0.,0.707106781186554));
#9729=DIRECTION('ref_axis',(0.,1.,0.));
#9730=DIRECTION('',(0.577350269189629,0.577350269189629,0.577350269189619));
#9731=DIRECTION('',(0.,1.,0.));
#9732=DIRECTION('',(0.,-1.,0.));
#9733=DIRECTION('center_axis',(0.707106781186541,0.,0.707106781186554));
#9734=DIRECTION('ref_axis',(0.,-1.,0.));
#9735=DIRECTION('',(0.577350269189629,-0.577350269189629,-0.577350269189619));
#9736=DIRECTION('',(0.,1.,0.));
#9737=DIRECTION('',(0.,-1.,0.));
#9738=DIRECTION('center_axis',(0.,-0.707106781186541,0.707106781186554));
#9739=DIRECTION('ref_axis',(-1.,0.,0.));
#9740=DIRECTION('',(1.,0.,0.));
#9741=DIRECTION('',(-1.,0.,0.));
#9742=DIRECTION('center_axis',(0.,-0.707106781186548,0.707106781186548));
#9743=DIRECTION('ref_axis',(1.,0.,0.));
#9744=DIRECTION('',(0.577350269189625,0.577350269189626,0.577350269189626));
#9745=DIRECTION('',(1.,0.,0.));
#9746=DIRECTION('',(0.577350269189624,-0.577350269189627,-0.577350269189627));
#9747=DIRECTION('',(-1.,0.,0.));
#9748=DIRECTION('center_axis',(-0.707106781186549,-0.707106781186546,3.65631507055267E-16));
#9749=DIRECTION('ref_axis',(4.33680868994202E-16,8.34001671142697E-17,1.));
#9750=DIRECTION('',(0.577350269189624,-0.577350269189627,0.577350269189627));
#9751=DIRECTION('',(-4.33680868994202E-16,-8.34001671142695E-17,-1.));
#9752=DIRECTION('',(4.33680868994202E-16,8.34001671142695E-17,1.));
#9753=DIRECTION('center_axis',(0.707106781186548,-0.707106781186547,5.89728237185912E-17));
#9754=DIRECTION('ref_axis',(-1.23259516440783E-32,-8.34001671142695E-17,
-1.));
#9755=DIRECTION('',(0.577350269189625,0.577350269189626,-0.577350269189626));
#9756=DIRECTION('',(0.,-8.34001671142695E-17,-1.));
#9757=DIRECTION('',(0.,8.34001671142695E-17,1.));
#9758=DIRECTION('center_axis',(0.,-0.707106781186548,-0.707106781186548));
#9759=DIRECTION('ref_axis',(-1.,0.,0.));
#9760=DIRECTION('',(-1.,0.,0.));
#9761=DIRECTION('',(1.,0.,0.));
#9762=DIRECTION('center_axis',(0.,0.707106781186548,0.707106781186548));
#9763=DIRECTION('ref_axis',(1.,0.,0.));
#9764=DIRECTION('',(0.577350269189626,0.577350269189626,-0.577350269189626));
#9765=DIRECTION('',(-1.,0.,0.));
#9766=DIRECTION('',(0.577350269189626,-0.577350269189626,0.577350269189626));
#9767=DIRECTION('',(1.,0.,0.));
#9768=DIRECTION('center_axis',(-0.707106781186548,0.,0.707106781186548));
#9769=DIRECTION('ref_axis',(0.,1.,0.));
#9770=DIRECTION('',(0.577350269189626,0.577350269189626,0.577350269189626));
#9771=DIRECTION('',(0.,1.,0.));
#9772=DIRECTION('',(0.,-1.,0.));
#9773=DIRECTION('center_axis',(0.707106781186548,0.,0.707106781186548));
#9774=DIRECTION('ref_axis',(0.,-1.,0.));
#9775=DIRECTION('',(0.577350269189626,-0.577350269189626,-0.577350269189626));
#9776=DIRECTION('',(0.,1.,0.));
#9777=DIRECTION('',(0.,-1.,0.));
#9778=DIRECTION('center_axis',(0.,-0.707106781186548,0.707106781186548));
#9779=DIRECTION('ref_axis',(-1.,0.,0.));
#9780=DIRECTION('',(1.,0.,0.));
#9781=DIRECTION('',(-1.,0.,0.));
#9782=DIRECTION('center_axis',(0.,-0.707106781186535,0.70710678118656));
#9783=DIRECTION('ref_axis',(1.,0.,0.));
#9784=DIRECTION('',(0.577350269189619,0.577350269189639,0.577350269189619));
#9785=DIRECTION('',(1.,0.,0.));
#9786=DIRECTION('',(0.577350269189617,-0.57735026918964,-0.57735026918962));
#9787=DIRECTION('',(-1.,0.,0.));
#9788=DIRECTION('center_axis',(-0.707106781186561,-0.707106781186534,3.65631507055271E-16));
#9789=DIRECTION('ref_axis',(4.33680868994202E-16,8.34001671142695E-17,1.));
#9790=DIRECTION('',(0.577350269189618,-0.57735026918964,0.57735026918962));
#9791=DIRECTION('',(-4.33680868994202E-16,-8.34001671142695E-17,-1.));
#9792=DIRECTION('',(4.33680868994202E-16,8.34001671142695E-17,1.));
#9793=DIRECTION('center_axis',(0.70710678118656,-0.707106781186535,5.89728237185902E-17));
#9794=DIRECTION('ref_axis',(-1.23259516440783E-32,-8.34001671142695E-17,
-1.));
#9795=DIRECTION('',(0.577350269189619,0.577350269189639,-0.577350269189619));
#9796=DIRECTION('',(0.,-8.34001671142695E-17,-1.));
#9797=DIRECTION('',(0.,8.34001671142695E-17,1.));
#9798=DIRECTION('center_axis',(0.,-0.707106781186535,-0.70710678118656));
#9799=DIRECTION('ref_axis',(-1.,0.,0.));
#9800=DIRECTION('',(-1.,0.,0.));
#9801=DIRECTION('',(1.,0.,0.));
#9802=DIRECTION('center_axis',(0.,0.707106781186541,0.707106781186554));
#9803=DIRECTION('ref_axis',(1.,0.,0.));
#9804=DIRECTION('',(0.577350269189629,0.577350269189629,-0.577350269189619));
#9805=DIRECTION('',(-1.,0.,0.));
#9806=DIRECTION('',(0.577350269189629,-0.577350269189629,0.577350269189619));
#9807=DIRECTION('',(1.,0.,0.));
#9808=DIRECTION('center_axis',(-0.707106781186541,0.,0.707106781186554));
#9809=DIRECTION('ref_axis',(0.,1.,0.));
#9810=DIRECTION('',(0.577350269189629,0.577350269189629,0.577350269189619));
#9811=DIRECTION('',(0.,1.,0.));
#9812=DIRECTION('',(0.,-1.,0.));
#9813=DIRECTION('center_axis',(0.707106781186541,0.,0.707106781186554));
#9814=DIRECTION('ref_axis',(0.,-1.,0.));
#9815=DIRECTION('',(0.577350269189629,-0.577350269189629,-0.577350269189619));
#9816=DIRECTION('',(0.,1.,0.));
#9817=DIRECTION('',(0.,-1.,0.));
#9818=DIRECTION('center_axis',(0.,-0.707106781186541,0.707106781186554));
#9819=DIRECTION('ref_axis',(-1.,0.,0.));
#9820=DIRECTION('',(1.,0.,0.));
#9821=DIRECTION('',(-1.,0.,0.));
#9822=DIRECTION('center_axis',(0.,0.,1.));
#9823=DIRECTION('ref_axis',(0.,-1.,0.));
#9824=DIRECTION('center_axis',(-6.20714952264044E-33,-1.,-4.17692634192948E-17));
#9825=DIRECTION('ref_axis',(0.,4.17692634192948E-17,-1.));
#9826=DIRECTION('',(0.,0.,-1.));
#9827=DIRECTION('',(0.,0.,-1.));
#9828=DIRECTION('',(-1.,0.,0.));
#9829=DIRECTION('center_axis',(-1.,0.,0.));
#9830=DIRECTION('ref_axis',(0.,1.,0.));
#9831=DIRECTION('',(0.,0.,-1.));
#9832=DIRECTION('',(0.,1.,0.));
#9833=DIRECTION('center_axis',(-2.65784418286298E-16,1.,3.70727194462579E-17));
#9834=DIRECTION('ref_axis',(-1.,-2.65784418286298E-16,0.));
#9835=DIRECTION('',(0.,0.,-1.));
#9836=DIRECTION('',(1.,0.,0.));
#9837=DIRECTION('center_axis',(1.,0.,0.));
#9838=DIRECTION('ref_axis',(0.,-1.,0.));
#9839=DIRECTION('',(0.,-1.,0.));
#9840=DIRECTION('center_axis',(0.,-1.,8.34001671142695E-17));
#9841=DIRECTION('ref_axis',(0.,-8.34001671142695E-17,-1.));
#9842=DIRECTION('center_axis',(1.,0.,-4.33680868994202E-16));
#9843=DIRECTION('ref_axis',(-4.33680868994202E-16,0.,-1.));
#9844=DIRECTION('',(0.,1.,0.));
#9845=DIRECTION('',(0.,1.,0.));
#9846=DIRECTION('',(-4.33680868994202E-16,-8.34001671142695E-17,-1.));
#9847=DIRECTION('center_axis',(0.,0.,1.));
#9848=DIRECTION('ref_axis',(0.,-1.,0.));
#9849=DIRECTION('',(0.,1.,0.));
#9850=DIRECTION('',(1.,0.,0.));
#9851=DIRECTION('center_axis',(-1.,0.,0.));
#9852=DIRECTION('ref_axis',(0.,1.,0.));
#9853=DIRECTION('',(0.,1.,0.));
#9854=DIRECTION('',(0.,8.34001671142695E-17,1.));
#9855=DIRECTION('center_axis',(0.,0.,-1.));
#9856=DIRECTION('ref_axis',(0.,1.,0.));
#9857=DIRECTION('',(-1.,0.,0.));
#9858=DIRECTION('center_axis',(1.,0.,0.));
#9859=DIRECTION('ref_axis',(0.,-1.,0.));
#9860=DIRECTION('',(0.,1.,0.));
#9861=DIRECTION('center_axis',(1.,0.,0.));
#9862=DIRECTION('ref_axis',(0.,0.00118956613032395,0.99999929246596));
#9863=DIRECTION('center_axis',(-1.,0.,0.));
#9864=DIRECTION('ref_axis',(0.,0.999999944889731,-0.000331994782544055));
#9865=DIRECTION('center_axis',(1.,-6.15929579916775E-17,-1.18615248968804E-16));
#9866=DIRECTION('ref_axis',(-1.18615248968804E-16,0.,-1.));
#9867=DIRECTION('',(-1.,0.,0.));
#9868=DIRECTION('center_axis',(-1.,0.,0.));
#9869=DIRECTION('ref_axis',(0.,0.99999435890342,0.00335889287400284));
#9870=DIRECTION('center_axis',(-1.,0.,0.));
#9871=DIRECTION('ref_axis',(0.,1.,0.));
#9872=DIRECTION('',(0.,-1.,0.));
#9873=DIRECTION('center_axis',(1.,0.,0.));
#9874=DIRECTION('ref_axis',(0.,-0.000273967130707537,0.999999962471005));
#9875=DIRECTION('center_axis',(1.,-5.98932208481543E-17,4.82352875145641E-17));
#9876=DIRECTION('ref_axis',(5.98932208481543E-17,1.,0.));
#9877=DIRECTION('',(1.,0.,0.));
#9878=DIRECTION('center_axis',(0.,0.,1.));
#9879=DIRECTION('ref_axis',(0.,-1.,0.));
#9880=DIRECTION('center_axis',(2.10324901180378E-33,-1.,-4.17692634192948E-17));
#9881=DIRECTION('ref_axis',(0.,4.17692634192948E-17,-1.));
#9882=DIRECTION('',(0.,0.,-1.));
#9883=DIRECTION('',(0.,0.,-1.));
#9884=DIRECTION('',(-1.,0.,0.));
#9885=DIRECTION('center_axis',(-1.,0.,0.));
#9886=DIRECTION('ref_axis',(0.,1.,0.));
#9887=DIRECTION('',(0.,0.,-1.));
#9888=DIRECTION('',(0.,1.,0.));
#9889=DIRECTION('center_axis',(-1.27626084301999E-16,1.,3.79720576538485E-17));
#9890=DIRECTION('ref_axis',(-1.,-1.27626084301999E-16,0.));
#9891=DIRECTION('',(0.,0.,-1.));
#9892=DIRECTION('',(1.,0.,0.));
#9893=DIRECTION('center_axis',(1.,0.,0.));
#9894=DIRECTION('ref_axis',(0.,-1.,0.));
#9895=DIRECTION('',(0.,-1.,0.));
#9896=DIRECTION('center_axis',(0.,-1.,8.34001671142695E-17));
#9897=DIRECTION('ref_axis',(0.,-8.34001671142695E-17,-1.));
#9898=DIRECTION('center_axis',(1.,0.,-4.33680868994202E-16));
#9899=DIRECTION('ref_axis',(-4.33680868994202E-16,0.,-1.));
#9900=DIRECTION('',(0.,1.,0.));
#9901=DIRECTION('',(0.,1.,0.));
#9902=DIRECTION('',(-4.33680868994202E-16,-8.34001671142695E-17,-1.));
#9903=DIRECTION('center_axis',(0.,0.,1.));
#9904=DIRECTION('ref_axis',(0.,-1.,0.));
#9905=DIRECTION('',(0.,1.,0.));
#9906=DIRECTION('',(1.,0.,0.));
#9907=DIRECTION('center_axis',(-1.,0.,0.));
#9908=DIRECTION('ref_axis',(0.,1.,0.));
#9909=DIRECTION('',(0.,1.,0.));
#9910=DIRECTION('',(0.,8.34001671142695E-17,1.));
#9911=DIRECTION('center_axis',(0.,0.,-1.));
#9912=DIRECTION('ref_axis',(0.,1.,0.));
#9913=DIRECTION('',(-1.,0.,0.));
#9914=DIRECTION('center_axis',(1.,0.,0.));
#9915=DIRECTION('ref_axis',(0.,-1.,0.));
#9916=DIRECTION('',(0.,1.,0.));
#9917=DIRECTION('center_axis',(1.,0.,0.));
#9918=DIRECTION('ref_axis',(0.,0.00118956613032326,0.99999929246596));
#9919=DIRECTION('center_axis',(-1.,0.,0.));
#9920=DIRECTION('ref_axis',(0.,0.999999944889714,-0.000331994834280358));
#9921=DIRECTION('center_axis',(1.,-3.66721550499999E-17,3.80125349455355E-17));
#9922=DIRECTION('ref_axis',(3.80125349455355E-17,0.,-1.));
#9923=DIRECTION('',(-1.,0.,0.));
#9924=DIRECTION('center_axis',(-1.,0.,0.));
#9925=DIRECTION('ref_axis',(0.,0.999994358903419,0.00335889287400284));
#9926=DIRECTION('center_axis',(-1.,0.,0.));
#9927=DIRECTION('ref_axis',(0.,1.,0.));
#9928=DIRECTION('',(0.,-1.,0.));
#9929=DIRECTION('center_axis',(1.,0.,0.));
#9930=DIRECTION('ref_axis',(0.,-0.000273967183372543,0.999999962470991));
#9931=DIRECTION('center_axis',(1.,-2.0173772588284E-16,2.41669959822777E-16));
#9932=DIRECTION('ref_axis',(-2.8227243382518E-17,0.707127326342541,0.707086235433593));
#9933=DIRECTION('',(1.,0.,0.));
#9934=DIRECTION('center_axis',(0.,0.,1.));
#9935=DIRECTION('ref_axis',(0.,-1.,0.));
#9936=DIRECTION('center_axis',(-2.63925785990487E-16,-1.,-3.41748518885167E-17));
#9937=DIRECTION('ref_axis',(1.,-2.63925785990487E-16,0.));
#9938=DIRECTION('',(0.,0.,-1.));
#9939=DIRECTION('',(0.,0.,-1.));
#9940=DIRECTION('',(-1.,0.,0.));
#9941=DIRECTION('center_axis',(-1.,0.,0.));
#9942=DIRECTION('ref_axis',(0.,1.,0.));
#9943=DIRECTION('',(0.,0.,-1.));
#9944=DIRECTION('',(0.,1.,0.));
#9945=DIRECTION('center_axis',(-2.45339463032751E-16,1.,2.69801462277266E-17));
#9946=DIRECTION('ref_axis',(-1.,-2.45339463032751E-16,0.));
#9947=DIRECTION('',(0.,0.,-1.));
#9948=DIRECTION('',(1.,0.,0.));
#9949=DIRECTION('center_axis',(1.,0.,0.));
#9950=DIRECTION('ref_axis',(0.,-1.,0.));
#9951=DIRECTION('',(0.,-1.,0.));
#9952=DIRECTION('center_axis',(0.,-1.,8.34001671142695E-17));
#9953=DIRECTION('ref_axis',(0.,-8.34001671142695E-17,-1.));
#9954=DIRECTION('center_axis',(1.,0.,-4.33680868994202E-16));
#9955=DIRECTION('ref_axis',(-4.33680868994202E-16,0.,-1.));
#9956=DIRECTION('',(0.,1.,0.));
#9957=DIRECTION('',(0.,1.,0.));
#9958=DIRECTION('',(-4.33680868994202E-16,-8.34001671142695E-17,-1.));
#9959=DIRECTION('center_axis',(0.,0.,1.));
#9960=DIRECTION('ref_axis',(0.,-1.,0.));
#9961=DIRECTION('',(0.,1.,0.));
#9962=DIRECTION('',(1.,0.,0.));
#9963=DIRECTION('center_axis',(-1.,0.,0.));
#9964=DIRECTION('ref_axis',(0.,1.,0.));
#9965=DIRECTION('',(0.,1.,0.));
#9966=DIRECTION('',(0.,8.34001671142695E-17,1.));
#9967=DIRECTION('center_axis',(0.,0.,-1.));
#9968=DIRECTION('ref_axis',(0.,1.,0.));
#9969=DIRECTION('',(-1.,0.,0.));
#9970=DIRECTION('center_axis',(1.,0.,0.));
#9971=DIRECTION('ref_axis',(0.,-1.,0.));
#9972=DIRECTION('',(0.,1.,0.));
#9973=DIRECTION('center_axis',(1.,0.,0.));
#9974=DIRECTION('ref_axis',(0.,0.00118956613052214,0.99999929246596));
#9975=DIRECTION('center_axis',(-1.,0.,0.));
#9976=DIRECTION('ref_axis',(0.,0.999999944889741,-0.000331994751959827));
#9977=DIRECTION('center_axis',(1.,9.23756000096885E-17,-6.61083258673017E-17));
#9978=DIRECTION('ref_axis',(-9.23756000096885E-17,1.,0.));
#9979=DIRECTION('',(-1.,0.,0.));
#9980=DIRECTION('center_axis',(-1.,0.,0.));
#9981=DIRECTION('ref_axis',(0.,0.999994358903419,0.00335889287427439));
#9982=DIRECTION('center_axis',(-1.,0.,0.));
#9983=DIRECTION('ref_axis',(0.,1.,0.));
#9984=DIRECTION('',(0.,-1.,0.));
#9985=DIRECTION('center_axis',(1.,0.,0.));
#9986=DIRECTION('ref_axis',(0.,-0.000273967099988992,0.999999962471013));
#9987=DIRECTION('center_axis',(1.,3.74323660213407E-17,3.62348842663072E-17));
#9988=DIRECTION('ref_axis',(-3.74323660213407E-17,1.,0.));
#9989=DIRECTION('',(1.,0.,0.));
#9990=DIRECTION('center_axis',(0.,0.,1.));
#9991=DIRECTION('ref_axis',(0.,-1.,0.));
#9992=DIRECTION('center_axis',(-1.11517937743508E-17,-1.,-4.17692634192926E-17));
#9993=DIRECTION('ref_axis',(0.,4.17692634192926E-17,-1.));
#9994=DIRECTION('',(0.,0.,-1.));
#9995=DIRECTION('',(0.,0.,-1.));
#9996=DIRECTION('',(-1.,0.,0.));
#9997=DIRECTION('center_axis',(-1.,0.,0.));
#9998=DIRECTION('ref_axis',(0.,1.,0.));
#9999=DIRECTION('',(0.,0.,-1.));
#10000=DIRECTION('',(0.,1.,0.));
#10001=DIRECTION('center_axis',(9.54097911788844E-17,1.,2.75797050327884E-17));
#10002=DIRECTION('ref_axis',(-1.,9.54097911788844E-17,0.));
#10003=DIRECTION('',(0.,0.,-1.));
#10004=DIRECTION('',(1.,0.,0.));
#10005=DIRECTION('center_axis',(1.,0.,0.));
#10006=DIRECTION('ref_axis',(0.,-1.,0.));
#10007=DIRECTION('',(0.,-1.,0.));
#10008=DIRECTION('center_axis',(0.,-1.,8.34001671142695E-17));
#10009=DIRECTION('ref_axis',(0.,-8.34001671142695E-17,-1.));
#10010=DIRECTION('center_axis',(1.,0.,-4.33680868994202E-16));
#10011=DIRECTION('ref_axis',(-4.33680868994202E-16,0.,-1.));
#10012=DIRECTION('',(0.,1.,0.));
#10013=DIRECTION('',(0.,1.,0.));
#10014=DIRECTION('',(-4.33680868994202E-16,-8.34001671142695E-17,-1.));
#10015=DIRECTION('center_axis',(0.,0.,1.));
#10016=DIRECTION('ref_axis',(0.,-1.,0.));
#10017=DIRECTION('',(0.,1.,0.));
#10018=DIRECTION('',(1.,0.,0.));
#10019=DIRECTION('center_axis',(-1.,0.,0.));
#10020=DIRECTION('ref_axis',(0.,1.,0.));
#10021=DIRECTION('',(0.,1.,0.));
#10022=DIRECTION('',(0.,8.34001671142695E-17,1.));
#10023=DIRECTION('center_axis',(0.,0.,-1.));
#10024=DIRECTION('ref_axis',(0.,1.,0.));
#10025=DIRECTION('',(-1.,0.,0.));
#10026=DIRECTION('center_axis',(1.,0.,0.));
#10027=DIRECTION('ref_axis',(0.,-1.,0.));
#10028=DIRECTION('',(0.,1.,0.));
#10029=DIRECTION('center_axis',(1.,0.,0.));
#10030=DIRECTION('ref_axis',(0.,0.00118956613032395,0.99999929246596));
#10031=DIRECTION('center_axis',(-1.,0.,0.));
#10032=DIRECTION('ref_axis',(0.,0.999999944889741,-0.000331994751869048));
#10033=DIRECTION('center_axis',(1.,-1.82097892091638E-16,1.46740853519444E-16));
#10034=DIRECTION('ref_axis',(1.82097892091638E-16,1.,0.));
#10035=DIRECTION('',(-1.,0.,0.));
#10036=DIRECTION('center_axis',(-1.,0.,0.));
#10037=DIRECTION('ref_axis',(0.,0.999994358903419,0.00335889287400215));
#10038=DIRECTION('center_axis',(-1.,0.,0.));
#10039=DIRECTION('ref_axis',(0.,1.,0.));
#10040=DIRECTION('',(0.,-1.,0.));
#10041=DIRECTION('center_axis',(1.,0.,0.));
#10042=DIRECTION('ref_axis',(0.,-0.000273967099876923,0.999999962471013));
#10043=DIRECTION('center_axis',(1.,-2.41563815914749E-16,3.44509284839767E-16));
#10044=DIRECTION('ref_axis',(-7.27813980001524E-17,0.707127326342915,0.707086235433218));
#10045=DIRECTION('',(1.,0.,0.));
#10046=DIRECTION('center_axis',(0.,0.,1.));
#10047=DIRECTION('ref_axis',(0.,-1.,0.));
#10048=DIRECTION('center_axis',(-1.45592863160779E-16,-1.,-3.60734547712118E-17));
#10049=DIRECTION('ref_axis',(1.,-1.45592863160779E-16,0.));
#10050=DIRECTION('',(0.,0.,-1.));
#10051=DIRECTION('',(0.,0.,-1.));
#10052=DIRECTION('',(-1.,0.,0.));
#10053=DIRECTION('center_axis',(-1.,0.,0.));
#10054=DIRECTION('ref_axis',(0.,1.,0.));
#10055=DIRECTION('',(0.,0.,-1.));
#10056=DIRECTION('',(0.,1.,0.));
#10057=DIRECTION('center_axis',(-6.81498508420953E-17,1.,3.37751460184193E-17));
#10058=DIRECTION('ref_axis',(-1.,-6.81498508420953E-17,0.));
#10059=DIRECTION('',(0.,0.,-1.));
#10060=DIRECTION('',(1.,0.,0.));
#10061=DIRECTION('center_axis',(1.,0.,0.));
#10062=DIRECTION('ref_axis',(0.,-1.,0.));
#10063=DIRECTION('',(0.,-1.,0.));
#10064=DIRECTION('center_axis',(0.,-1.,8.34001671142695E-17));
#10065=DIRECTION('ref_axis',(0.,-8.34001671142695E-17,-1.));
#10066=DIRECTION('center_axis',(1.,0.,-4.33680868994202E-16));
#10067=DIRECTION('ref_axis',(-4.33680868994202E-16,0.,-1.));
#10068=DIRECTION('',(0.,1.,0.));
#10069=DIRECTION('',(0.,1.,0.));
#10070=DIRECTION('',(-4.33680868994202E-16,-8.34001671142695E-17,-1.));
#10071=DIRECTION('center_axis',(0.,0.,1.));
#10072=DIRECTION('ref_axis',(0.,-1.,0.));
#10073=DIRECTION('',(0.,1.,0.));
#10074=DIRECTION('',(1.,0.,0.));
#10075=DIRECTION('center_axis',(-1.,0.,0.));
#10076=DIRECTION('ref_axis',(0.,1.,0.));
#10077=DIRECTION('',(0.,1.,0.));
#10078=DIRECTION('',(0.,8.34001671142695E-17,1.));
#10079=DIRECTION('center_axis',(0.,0.,-1.));
#10080=DIRECTION('ref_axis',(0.,1.,0.));
#10081=DIRECTION('',(-1.,0.,0.));
#10082=DIRECTION('center_axis',(1.,0.,0.));
#10083=DIRECTION('ref_axis',(0.,-1.,0.));
#10084=DIRECTION('',(0.,1.,0.));
#10085=DIRECTION('center_axis',(1.,0.,0.));
#10086=DIRECTION('ref_axis',(0.,0.00118956613037308,0.99999929246596));
#10087=DIRECTION('center_axis',(-1.,0.,0.));
#10088=DIRECTION('ref_axis',(0.,0.999999944889741,-0.000331994751959827));
#10089=DIRECTION('center_axis',(1.,-1.29294625114788E-16,9.45878011960777E-17));
#10090=DIRECTION('ref_axis',(1.29294625114788E-16,1.,0.));
#10091=DIRECTION('',(-1.,0.,0.));
#10092=DIRECTION('center_axis',(-1.,0.,0.));
#10093=DIRECTION('ref_axis',(0.,0.99999435890342,0.00335889287395617));
#10094=DIRECTION('center_axis',(-1.,0.,0.));
#10095=DIRECTION('ref_axis',(0.,1.,0.));
#10096=DIRECTION('',(0.,-1.,0.));
#10097=DIRECTION('center_axis',(1.,0.,0.));
#10098=DIRECTION('ref_axis',(0.,-0.000273967099988992,0.999999962471013));
#10099=DIRECTION('center_axis',(1.,-2.54337755507512E-16,-2.50368886690026E-17));
#10100=DIRECTION('ref_axis',(2.54337755507512E-16,1.,0.));
#10101=DIRECTION('',(1.,0.,0.));
#10102=DIRECTION('center_axis',(1.,-1.25704599708464E-16,0.));
#10103=DIRECTION('ref_axis',(-1.25704599708464E-16,-1.,0.));
#10104=DIRECTION('',(1.25704599708464E-16,1.,0.));
#10105=DIRECTION('',(0.,0.,1.));
#10106=DIRECTION('',(1.25704599708464E-16,1.,0.));
#10107=DIRECTION('',(0.,0.,1.));
#10108=DIRECTION('center_axis',(1.,1.25704599708464E-16,0.));
#10109=DIRECTION('ref_axis',(1.25704599708464E-16,-1.,0.));
#10110=DIRECTION('',(-1.25704599708464E-16,1.,0.));
#10111=DIRECTION('',(0.,0.,1.));
#10112=DIRECTION('',(-1.25704599708464E-16,1.,0.));
#10113=DIRECTION('',(0.,0.,1.));
#10114=DIRECTION('center_axis',(0.,-1.,0.));
#10115=DIRECTION('ref_axis',(-1.,0.,0.));
#10116=DIRECTION('',(1.,0.,0.));
#10117=DIRECTION('',(1.,0.,0.));
#10118=DIRECTION('center_axis',(1.,-1.25704599708464E-16,0.));
#10119=DIRECTION('ref_axis',(-1.25704599708464E-16,-1.,0.));
#10120=DIRECTION('',(1.25704599708464E-16,1.,0.));
#10121=DIRECTION('',(0.,0.,1.));
#10122=DIRECTION('',(1.25704599708464E-16,1.,0.));
#10123=DIRECTION('',(0.,0.,1.));
#10124=DIRECTION('center_axis',(1.,1.25704599708464E-16,0.));
#10125=DIRECTION('ref_axis',(1.25704599708464E-16,-1.,0.));
#10126=DIRECTION('',(-1.25704599708464E-16,1.,0.));
#10127=DIRECTION('',(0.,0.,1.));
#10128=DIRECTION('',(-1.25704599708464E-16,1.,0.));
#10129=DIRECTION('',(0.,0.,1.));
#10130=DIRECTION('center_axis',(0.,-1.,0.));
#10131=DIRECTION('ref_axis',(-1.,0.,0.));
#10132=DIRECTION('',(1.,0.,0.));
#10133=DIRECTION('',(1.,0.,0.));
#10134=DIRECTION('center_axis',(1.,-1.25704599708464E-16,0.));
#10135=DIRECTION('ref_axis',(-1.25704599708464E-16,-1.,0.));
#10136=DIRECTION('',(1.25704599708464E-16,1.,0.));
#10137=DIRECTION('',(0.,0.,1.));
#10138=DIRECTION('',(1.25704599708464E-16,1.,0.));
#10139=DIRECTION('',(0.,0.,1.));
#10140=DIRECTION('center_axis',(1.,1.25704599708464E-16,0.));
#10141=DIRECTION('ref_axis',(1.25704599708464E-16,-1.,0.));
#10142=DIRECTION('',(-1.25704599708464E-16,1.,0.));
#10143=DIRECTION('',(0.,0.,1.));
#10144=DIRECTION('',(-1.25704599708464E-16,1.,0.));
#10145=DIRECTION('',(0.,0.,1.));
#10146=DIRECTION('center_axis',(0.,-1.,0.));
#10147=DIRECTION('ref_axis',(-1.,0.,0.));
#10148=DIRECTION('',(1.,0.,0.));
#10149=DIRECTION('',(1.,0.,0.));
#10150=DIRECTION('center_axis',(1.,-1.25704599708464E-16,0.));
#10151=DIRECTION('ref_axis',(-1.25704599708464E-16,-1.,0.));
#10152=DIRECTION('',(1.25704599708464E-16,1.,0.));
#10153=DIRECTION('',(0.,0.,1.));
#10154=DIRECTION('',(1.25704599708464E-16,1.,0.));
#10155=DIRECTION('',(0.,0.,1.));
#10156=DIRECTION('center_axis',(1.,1.25704599708464E-16,0.));
#10157=DIRECTION('ref_axis',(1.25704599708464E-16,-1.,0.));
#10158=DIRECTION('',(-1.25704599708464E-16,1.,0.));
#10159=DIRECTION('',(0.,0.,1.));
#10160=DIRECTION('',(-1.25704599708464E-16,1.,0.));
#10161=DIRECTION('',(0.,0.,1.));
#10162=DIRECTION('center_axis',(0.,-1.,0.));
#10163=DIRECTION('ref_axis',(-1.,0.,0.));
#10164=DIRECTION('',(1.,0.,0.));
#10165=DIRECTION('',(1.,0.,0.));
#10166=DIRECTION('center_axis',(1.,-1.25704599708464E-16,0.));
#10167=DIRECTION('ref_axis',(-1.25704599708464E-16,-1.,0.));
#10168=DIRECTION('',(1.25704599708464E-16,1.,0.));
#10169=DIRECTION('',(0.,0.,1.));
#10170=DIRECTION('',(1.25704599708464E-16,1.,0.));
#10171=DIRECTION('',(0.,0.,1.));
#10172=DIRECTION('center_axis',(1.,1.25704599708464E-16,0.));
#10173=DIRECTION('ref_axis',(1.25704599708464E-16,-1.,0.));
#10174=DIRECTION('',(-1.25704599708464E-16,1.,0.));
#10175=DIRECTION('',(0.,0.,1.));
#10176=DIRECTION('',(-1.25704599708464E-16,1.,0.));
#10177=DIRECTION('',(0.,0.,1.));
#10178=DIRECTION('center_axis',(0.,-1.,0.));
#10179=DIRECTION('ref_axis',(-1.,0.,0.));
#10180=DIRECTION('',(1.,0.,0.));
#10181=DIRECTION('',(1.,0.,0.));
#10182=DIRECTION('center_axis',(0.,-0.707106781186535,0.70710678118656));
#10183=DIRECTION('ref_axis',(1.,0.,0.));
#10184=DIRECTION('',(0.577350269189619,0.577350269189639,0.577350269189619));
#10185=DIRECTION('',(1.,0.,0.));
#10186=DIRECTION('',(0.577350269189617,-0.57735026918964,-0.57735026918962));
#10187=DIRECTION('',(-1.,0.,0.));
#10188=DIRECTION('center_axis',(-0.707106781186561,-0.707106781186534,3.65631507055271E-16));
#10189=DIRECTION('ref_axis',(4.33680868994202E-16,8.34001671142695E-17,
1.));
#10190=DIRECTION('',(0.577350269189618,-0.57735026918964,0.57735026918962));
#10191=DIRECTION('',(-4.33680868994202E-16,-8.34001671142695E-17,-1.));
#10192=DIRECTION('',(4.33680868994202E-16,8.34001671142695E-17,1.));
#10193=DIRECTION('center_axis',(0.70710678118656,-0.707106781186535,5.89728237185902E-17));
#10194=DIRECTION('ref_axis',(-1.23259516440783E-32,-8.34001671142695E-17,
-1.));
#10195=DIRECTION('',(0.577350269189619,0.577350269189639,-0.577350269189619));
#10196=DIRECTION('',(0.,-8.34001671142695E-17,-1.));
#10197=DIRECTION('',(0.,8.34001671142695E-17,1.));
#10198=DIRECTION('center_axis',(0.,-0.707106781186535,-0.70710678118656));
#10199=DIRECTION('ref_axis',(-1.,0.,0.));
#10200=DIRECTION('',(-1.,0.,0.));
#10201=DIRECTION('',(1.,0.,0.));
#10202=DIRECTION('center_axis',(0.,0.707106781186548,0.707106781186548));
#10203=DIRECTION('ref_axis',(1.,0.,0.));
#10204=DIRECTION('',(0.577350269189626,0.577350269189626,-0.577350269189626));
#10205=DIRECTION('',(-1.,0.,0.));
#10206=DIRECTION('',(0.577350269189626,-0.577350269189626,0.577350269189626));
#10207=DIRECTION('',(1.,0.,0.));
#10208=DIRECTION('center_axis',(-0.707106781186548,0.,0.707106781186548));
#10209=DIRECTION('ref_axis',(0.,1.,0.));
#10210=DIRECTION('',(0.577350269189626,0.577350269189626,0.577350269189626));
#10211=DIRECTION('',(0.,1.,0.));
#10212=DIRECTION('',(0.,-1.,0.));
#10213=DIRECTION('center_axis',(0.707106781186548,0.,0.707106781186548));
#10214=DIRECTION('ref_axis',(0.,-1.,0.));
#10215=DIRECTION('',(0.577350269189626,-0.577350269189626,-0.577350269189626));
#10216=DIRECTION('',(0.,1.,0.));
#10217=DIRECTION('',(0.,-1.,0.));
#10218=DIRECTION('center_axis',(0.,-0.707106781186548,0.707106781186548));
#10219=DIRECTION('ref_axis',(-1.,0.,0.));
#10220=DIRECTION('',(1.,0.,0.));
#10221=DIRECTION('',(-1.,0.,0.));
#10222=DIRECTION('center_axis',(0.,0.,1.));
#10223=DIRECTION('ref_axis',(0.,-1.,0.));
#10224=DIRECTION('center_axis',(0.,-1.,-4.17692634192948E-17));
#10225=DIRECTION('ref_axis',(0.,4.17692634192948E-17,-1.));
#10226=DIRECTION('',(0.,0.,-1.));
#10227=DIRECTION('',(0.,0.,-1.));
#10228=DIRECTION('',(-1.,0.,0.));
#10229=DIRECTION('center_axis',(-1.,0.,0.));
#10230=DIRECTION('ref_axis',(0.,1.,0.));
#10231=DIRECTION('',(0.,0.,-1.));
#10232=DIRECTION('',(0.,1.,0.));
#10233=DIRECTION('center_axis',(-2.65784418283591E-16,1.,3.70727194462578E-17));
#10234=DIRECTION('ref_axis',(-1.,-2.65784418283591E-16,0.));
#10235=DIRECTION('',(0.,0.,-1.));
#10236=DIRECTION('',(1.,0.,0.));
#10237=DIRECTION('center_axis',(1.,0.,0.));
#10238=DIRECTION('ref_axis',(0.,-1.,0.));
#10239=DIRECTION('',(0.,-1.,0.));
#10240=DIRECTION('center_axis',(0.,-1.,8.34001671142695E-17));
#10241=DIRECTION('ref_axis',(0.,-8.34001671142695E-17,-1.));
#10242=DIRECTION('center_axis',(1.,0.,-4.33680868994202E-16));
#10243=DIRECTION('ref_axis',(-4.33680868994202E-16,0.,-1.));
#10244=DIRECTION('',(0.,1.,0.));
#10245=DIRECTION('',(0.,1.,0.));
#10246=DIRECTION('',(-4.33680868994202E-16,-8.34001671142695E-17,-1.));
#10247=DIRECTION('center_axis',(0.,0.,1.));
#10248=DIRECTION('ref_axis',(0.,-1.,0.));
#10249=DIRECTION('',(0.,1.,0.));
#10250=DIRECTION('',(1.,0.,0.));
#10251=DIRECTION('center_axis',(-1.,0.,0.));
#10252=DIRECTION('ref_axis',(0.,1.,0.));
#10253=DIRECTION('',(0.,1.,0.));
#10254=DIRECTION('',(0.,8.34001671142695E-17,1.));
#10255=DIRECTION('center_axis',(0.,0.,-1.));
#10256=DIRECTION('ref_axis',(0.,1.,0.));
#10257=DIRECTION('',(-1.,0.,0.));
#10258=DIRECTION('center_axis',(1.,0.,0.));
#10259=DIRECTION('ref_axis',(0.,-1.,0.));
#10260=DIRECTION('',(0.,1.,0.));
#10261=DIRECTION('center_axis',(1.,2.4606503798534E-16,5.93658672202799E-16));
#10262=DIRECTION('ref_axis',(-6.05313234770609E-16,0.00118956613032395,
0.99999929246596));
#10263=DIRECTION('center_axis',(-1.,0.,0.));
#10264=DIRECTION('ref_axis',(0.,0.999999944889657,-0.000331995004188257));
#10265=DIRECTION('center_axis',(1.,-1.80119304248167E-16,1.48275565646924E-16));
#10266=DIRECTION('ref_axis',(1.80119304248167E-16,1.,0.));
#10267=DIRECTION('',(-1.,0.,0.));
#10268=DIRECTION('center_axis',(-1.,-5.67791545416967E-16,-4.82259797819101E-16));
#10269=DIRECTION('ref_axis',(-6.05313234770609E-16,0.999994358903419,0.00335889287400215));
#10270=DIRECTION('center_axis',(-1.,0.,0.));
#10271=DIRECTION('ref_axis',(0.,1.,0.));
#10272=DIRECTION('',(0.,-1.,0.));
#10273=DIRECTION('center_axis',(1.,1.0901680791112E-16,2.63276574274472E-16));
#10274=DIRECTION('ref_axis',(-2.70055278395163E-16,-0.000273967460933144,
0.999999962470914));
#10275=DIRECTION('center_axis',(1.,1.17174846577718E-16,-1.21206152149737E-16));
#10276=DIRECTION('ref_axis',(2.84566586891881E-18,0.707127326304497,0.707086235471638));
#10277=DIRECTION('',(1.,0.,0.));
#10278=DIRECTION('center_axis',(1.,1.92747052886312E-16,0.));
#10279=DIRECTION('ref_axis',(-1.92747052886312E-16,1.,0.));
#10280=DIRECTION('',(-2.36047061362308E-32,1.22464679914735E-16,1.));
#10281=DIRECTION('',(-1.92747052886312E-16,1.,0.));
#10282=DIRECTION('',(-1.47434379156799E-16,0.764911198117051,-0.64413574578278));
#10283=DIRECTION('',(1.92747052886312E-16,-1.,0.));
#10284=DIRECTION('center_axis',(1.24155266658357E-16,-0.64413574578278,
-0.764911198117051));
#10285=DIRECTION('ref_axis',(1.23259516440783E-32,0.764911198117051,-0.64413574578278));
#10286=DIRECTION('',(-1.47434379156799E-16,0.764911198117051,-0.64413574578278));
#10287=DIRECTION('',(1.,1.92747052886312E-16,0.));
#10288=DIRECTION('',(1.,1.92747052886312E-16,0.));
#10289=DIRECTION('center_axis',(0.,0.,-1.));
#10290=DIRECTION('ref_axis',(0.,1.,0.));
#10291=DIRECTION('',(-1.92747052886312E-16,1.,0.));
#10292=DIRECTION('',(1.,1.92747052886312E-16,0.));
#10293=DIRECTION('center_axis',(-1.,0.,0.));
#10294=DIRECTION('ref_axis',(0.,1.,0.));
#10295=DIRECTION('',(0.,1.22464679914735E-16,1.));
#10296=DIRECTION('',(0.,-1.,0.));
#10297=DIRECTION('',(0.,0.764911198117051,-0.64413574578278));
#10298=DIRECTION('',(0.,1.,0.));
#10299=DIRECTION('center_axis',(0.,0.,1.));
#10300=DIRECTION('ref_axis',(0.,-1.,0.));
#10301=DIRECTION('',(0.,1.,0.));
#10302=DIRECTION('',(-1.,0.,0.));
#10303=DIRECTION('',(-1.,0.,0.));
#10304=DIRECTION('center_axis',(0.,0.64413574578278,0.764911198117051));
#10305=DIRECTION('ref_axis',(0.,-0.764911198117051,0.64413574578278));
#10306=DIRECTION('',(0.,0.764911198117051,-0.64413574578278));
#10307=DIRECTION('',(-1.,0.,0.));
#10308=DIRECTION('center_axis',(0.,0.707106781186545,-0.70710678118655));
#10309=DIRECTION('ref_axis',(1.,0.,0.));
#10310=DIRECTION('',(0.,0.70710678118655,0.707106781186545));
#10311=DIRECTION('',(1.,0.,0.));
#10312=DIRECTION('',(-1.36292748149633E-16,-0.70710678118655,-0.707106781186545));
#10313=DIRECTION('',(-1.,0.,0.));
#10314=DIRECTION('center_axis',(0.,0.707106781186545,-0.70710678118655));
#10315=DIRECTION('ref_axis',(1.,0.,0.));
#10316=DIRECTION('',(0.,0.70710678118655,0.707106781186545));
#10317=DIRECTION('',(1.,0.,0.));
#10318=DIRECTION('',(-1.36292748149633E-16,-0.70710678118655,-0.707106781186545));
#10319=DIRECTION('',(-1.,0.,0.));
#10320=DIRECTION('center_axis',(0.,0.707106781186545,-0.70710678118655));
#10321=DIRECTION('ref_axis',(1.,0.,0.));
#10322=DIRECTION('',(0.,0.70710678118655,0.707106781186545));
#10323=DIRECTION('',(1.,0.,0.));
#10324=DIRECTION('',(-1.36292748149633E-16,-0.70710678118655,-0.707106781186545));
#10325=DIRECTION('',(-1.,0.,0.));
#10326=DIRECTION('center_axis',(0.,0.707106781186545,-0.70710678118655));
#10327=DIRECTION('ref_axis',(1.,0.,0.));
#10328=DIRECTION('',(0.,0.70710678118655,0.707106781186545));
#10329=DIRECTION('',(1.,0.,0.));
#10330=DIRECTION('',(-1.36292748149633E-16,-0.70710678118655,-0.707106781186545));
#10331=DIRECTION('',(-1.,0.,0.));
#10332=DIRECTION('center_axis',(0.,1.,0.));
#10333=DIRECTION('ref_axis',(1.,0.,0.));
#10334=DIRECTION('',(0.,0.,-1.));
#10335=DIRECTION('',(1.92747052886312E-16,0.,1.));
#10336=DIRECTION('',(1.,0.,0.));
#10337=DIRECTION('center_axis',(0.,0.,1.));
#10338=DIRECTION('ref_axis',(0.,-1.,0.));
#10339=DIRECTION('',(0.,-1.,0.));
#10340=DIRECTION('',(0.,-1.,0.));
#10341=DIRECTION('',(-1.,0.,0.));
#10342=DIRECTION('center_axis',(-1.,0.,0.));
#10343=DIRECTION('ref_axis',(0.,1.,0.));
#10344=DIRECTION('',(0.,-1.,0.));
#10345=DIRECTION('',(0.,0.,-1.));
#10346=DIRECTION('center_axis',(1.,0.,-1.92747052886312E-16));
#10347=DIRECTION('ref_axis',(-1.92747052886312E-16,0.,-1.));
#10348=DIRECTION('',(1.92747052886312E-16,0.,1.));
#10349=DIRECTION('',(0.,-1.,0.));
#10350=DIRECTION('center_axis',(0.,1.,0.));
#10351=DIRECTION('ref_axis',(1.,0.,0.));
#10352=DIRECTION('',(0.,0.,-1.));
#10353=DIRECTION('',(1.92747052886312E-16,0.,1.));
#10354=DIRECTION('',(1.,0.,0.));
#10355=DIRECTION('center_axis',(0.,0.,1.));
#10356=DIRECTION('ref_axis',(0.,-1.,0.));
#10357=DIRECTION('',(0.,-1.,0.));
#10358=DIRECTION('',(0.,-1.,0.));
#10359=DIRECTION('',(-1.,0.,0.));
#10360=DIRECTION('center_axis',(-1.,0.,0.));
#10361=DIRECTION('ref_axis',(0.,1.,0.));
#10362=DIRECTION('',(0.,-1.,0.));
#10363=DIRECTION('',(0.,0.,-1.));
#10364=DIRECTION('center_axis',(1.,0.,-1.92747052886312E-16));
#10365=DIRECTION('ref_axis',(-1.92747052886312E-16,0.,-1.));
#10366=DIRECTION('',(1.92747052886312E-16,0.,1.));
#10367=DIRECTION('',(0.,-1.,0.));
#10368=DIRECTION('center_axis',(0.,1.,0.));
#10369=DIRECTION('ref_axis',(1.,0.,0.));
#10370=DIRECTION('',(0.,0.,-1.));
#10371=DIRECTION('',(1.92747052886312E-16,0.,1.));
#10372=DIRECTION('',(1.,0.,0.));
#10373=DIRECTION('center_axis',(0.,0.,1.));
#10374=DIRECTION('ref_axis',(0.,-1.,0.));
#10375=DIRECTION('',(0.,-1.,0.));
#10376=DIRECTION('',(0.,-1.,0.));
#10377=DIRECTION('',(-1.,0.,0.));
#10378=DIRECTION('center_axis',(-1.,0.,0.));
#10379=DIRECTION('ref_axis',(0.,1.,0.));
#10380=DIRECTION('',(0.,-1.,0.));
#10381=DIRECTION('',(0.,0.,-1.));
#10382=DIRECTION('center_axis',(1.,0.,-1.92747052886312E-16));
#10383=DIRECTION('ref_axis',(-1.92747052886312E-16,0.,-1.));
#10384=DIRECTION('',(1.92747052886312E-16,0.,1.));
#10385=DIRECTION('',(0.,-1.,0.));
#10386=DIRECTION('center_axis',(0.,1.,0.));
#10387=DIRECTION('ref_axis',(1.,0.,0.));
#10388=DIRECTION('',(0.,0.,-1.));
#10389=DIRECTION('',(1.92747052886312E-16,0.,1.));
#10390=DIRECTION('',(1.,0.,0.));
#10391=DIRECTION('center_axis',(0.,0.,1.));
#10392=DIRECTION('ref_axis',(0.,-1.,0.));
#10393=DIRECTION('',(0.,-1.,0.));
#10394=DIRECTION('',(0.,-1.,0.));
#10395=DIRECTION('',(-1.,0.,0.));
#10396=DIRECTION('center_axis',(-1.,0.,0.));
#10397=DIRECTION('ref_axis',(0.,1.,0.));
#10398=DIRECTION('',(0.,-1.,0.));
#10399=DIRECTION('',(0.,0.,-1.));
#10400=DIRECTION('center_axis',(1.,0.,-1.92747052886312E-16));
#10401=DIRECTION('ref_axis',(-1.92747052886312E-16,0.,-1.));
#10402=DIRECTION('',(1.92747052886312E-16,0.,1.));
#10403=DIRECTION('',(0.,-1.,0.));
#10404=DIRECTION('center_axis',(0.,0.707106781186545,-0.70710678118655));
#10405=DIRECTION('ref_axis',(1.,0.,0.));
#10406=DIRECTION('',(0.,0.70710678118655,0.707106781186545));
#10407=DIRECTION('',(1.,0.,0.));
#10408=DIRECTION('',(-1.36292748149633E-16,-0.70710678118655,-0.707106781186545));
#10409=DIRECTION('',(-1.,0.,0.));
#10410=DIRECTION('center_axis',(0.,1.,0.));
#10411=DIRECTION('ref_axis',(1.,0.,0.));
#10412=DIRECTION('',(0.,0.,-1.));
#10413=DIRECTION('',(1.92747052886312E-16,0.,1.));
#10414=DIRECTION('',(1.,0.,0.));
#10415=DIRECTION('center_axis',(0.,0.,1.));
#10416=DIRECTION('ref_axis',(0.,-1.,0.));
#10417=DIRECTION('',(0.,-1.,0.));
#10418=DIRECTION('',(0.,-1.,0.));
#10419=DIRECTION('',(-1.,0.,0.));
#10420=DIRECTION('center_axis',(-1.,0.,0.));
#10421=DIRECTION('ref_axis',(0.,1.,0.));
#10422=DIRECTION('',(0.,-1.,0.));
#10423=DIRECTION('',(0.,0.,-1.));
#10424=DIRECTION('center_axis',(1.,0.,-1.92747052886312E-16));
#10425=DIRECTION('ref_axis',(-1.92747052886312E-16,0.,-1.));
#10426=DIRECTION('',(1.92747052886312E-16,0.,1.));
#10427=DIRECTION('',(0.,-1.,0.));
#10428=DIRECTION('center_axis',(0.,0.707106781186544,0.707106781186551));
#10429=DIRECTION('ref_axis',(1.,0.,0.));
#10430=DIRECTION('',(-8.51829675935213E-17,-0.707106781186551,0.707106781186544));
#10431=DIRECTION('',(1.,0.,0.));
#10432=DIRECTION('',(0.,0.707106781186551,-0.707106781186544));
#10433=DIRECTION('',(1.,0.,0.));
#10434=DIRECTION('center_axis',(1.92747052886312E-16,-1.,0.));
#10435=DIRECTION('ref_axis',(-1.,-1.92747052886312E-16,0.));
#10436=DIRECTION('',(0.707106781186546,1.36292748149633E-16,-0.707106781186549));
#10437=DIRECTION('',(1.,1.92747052886312E-16,0.));
#10438=DIRECTION('',(0.,0.,-1.));
#10439=DIRECTION('',(1.,1.92747052886312E-16,0.));
#10440=DIRECTION('',(0.,0.,1.));
#10441=DIRECTION('center_axis',(1.,1.92747052886312E-16,0.));
#10442=DIRECTION('ref_axis',(1.92747052886312E-16,-1.,0.));
#10443=DIRECTION('center_axis',(-1.,-1.92747052886312E-16,0.));
#10444=DIRECTION('ref_axis',(-1.92747052886312E-16,1.,0.));
#10445=DIRECTION('',(1.,1.92747052886312E-16,0.));
#10446=DIRECTION('center_axis',(1.,0.,0.));
#10447=DIRECTION('ref_axis',(0.,-1.,0.));
#10448=DIRECTION('center_axis',(-1.92747052886312E-16,1.,-5.78241158658936E-16));
#10449=DIRECTION('ref_axis',(0.,5.78241158658936E-16,1.));
#10450=DIRECTION('',(-1.11454279189076E-31,5.78241158658936E-16,1.));
#10451=DIRECTION('',(1.,1.92747052886312E-16,0.));
#10452=DIRECTION('',(-0.707106781186546,2.72585496299268E-16,0.707106781186549));
#10453=DIRECTION('',(0.,-5.78241158658936E-16,-1.));
#10454=DIRECTION('center_axis',(0.,-1.,5.78241158658936E-16));
#10455=DIRECTION('ref_axis',(0.,-5.78241158658936E-16,-1.));
#10456=DIRECTION('',(-6.96589244931726E-32,-5.78241158658936E-16,-1.));
#10457=DIRECTION('',(0.707106781186546,4.08878244448901E-16,0.707106781186549));
#10458=DIRECTION('',(-1.,0.,0.));
#10459=DIRECTION('',(0.,5.78241158658936E-16,1.));
#10460=DIRECTION('',(-1.,0.,0.));
#10461=DIRECTION('center_axis',(0.,1.,0.));
#10462=DIRECTION('ref_axis',(1.,0.,0.));
#10463=DIRECTION('',(0.,0.,1.));
#10464=DIRECTION('',(-1.,0.,0.));
#10465=DIRECTION('',(0.,0.,-1.));
#10466=DIRECTION('',(-1.,0.,0.));
#10467=DIRECTION('',(-0.707106781186546,0.,-0.707106781186549));
#10468=DIRECTION('center_axis',(-1.,0.,0.));
#10469=DIRECTION('ref_axis',(0.,1.,0.));
#10470=DIRECTION('center_axis',(1.,-1.20466908053945E-16,0.));
#10471=DIRECTION('ref_axis',(1.20466908053945E-16,1.,0.));
#10472=DIRECTION('center_axis',(-1.,0.,0.));
#10473=DIRECTION('ref_axis',(0.,1.,0.));
#10474=DIRECTION('center_axis',(0.,0.,1.));
#10475=DIRECTION('ref_axis',(0.,-1.,0.));
#10476=DIRECTION('',(-1.,6.82961998416066E-17,0.));
#10477=DIRECTION('',(0.,1.,0.));
#10478=DIRECTION('',(1.,0.,0.));
#10479=DIRECTION('',(0.,1.,0.));
#10480=DIRECTION('center_axis',(1.,0.,0.));
#10481=DIRECTION('ref_axis',(0.,-1.,0.));
#10482=DIRECTION('',(0.,0.,1.));
#10483=DIRECTION('',(0.,0.,-1.));
#10484=DIRECTION('',(0.,1.,0.));
#10485=DIRECTION('',(0.,0.707106781186545,-0.70710678118655));
#10486=DIRECTION('center_axis',(-1.,0.,1.07081696047951E-16));
#10487=DIRECTION('ref_axis',(1.07081696047951E-16,0.,1.));
#10488=DIRECTION('',(-1.07081696047951E-16,7.31327291266904E-33,-1.));
#10489=DIRECTION('',(7.57181934164632E-17,-0.707106781186545,0.70710678118655));
#10490=DIRECTION('',(0.,1.,0.));
#10491=DIRECTION('',(1.07081696047951E-16,0.,1.));
#10492=DIRECTION('center_axis',(1.,-1.25704599708464E-16,0.));
#10493=DIRECTION('ref_axis',(-1.25704599708464E-16,-1.,0.));
#10494=DIRECTION('',(1.25704599708464E-16,1.,0.));
#10495=DIRECTION('',(0.,0.,1.));
#10496=DIRECTION('',(1.25704599708464E-16,1.,0.));
#10497=DIRECTION('',(0.,0.,1.));
#10498=DIRECTION('center_axis',(1.,1.25704599708464E-16,0.));
#10499=DIRECTION('ref_axis',(1.25704599708464E-16,-1.,0.));
#10500=DIRECTION('',(-1.25704599708464E-16,1.,0.));
#10501=DIRECTION('',(0.,0.,1.));
#10502=DIRECTION('',(-1.25704599708464E-16,1.,0.));
#10503=DIRECTION('',(0.,0.,1.));
#10504=DIRECTION('center_axis',(0.,-1.,0.));
#10505=DIRECTION('ref_axis',(-1.,0.,0.));
#10506=DIRECTION('',(1.,0.,0.));
#10507=DIRECTION('',(1.,0.,0.));
#10508=DIRECTION('center_axis',(6.82961998416066E-17,1.,0.));
#10509=DIRECTION('ref_axis',(1.,-6.82961998416066E-17,0.));
#10510=DIRECTION('',(-1.94102690726305E-16,1.32564761556373E-32,-1.));
#10511=DIRECTION('',(-1.,6.82961998416066E-17,0.));
#10512=DIRECTION('',(1.66373734908262E-16,-1.13626938476891E-32,1.));
#10513=DIRECTION('',(-1.,6.82961998416066E-17,0.));
#10514=DIRECTION('center_axis',(1.,0.,-1.66373734908262E-16));
#10515=DIRECTION('ref_axis',(-1.66373734908262E-16,0.,-1.));
#10516=DIRECTION('',(1.66373734908262E-16,-1.13626938476891E-32,1.));
#10517=DIRECTION('',(0.,1.,0.));
#10518=DIRECTION('',(-1.66373734908262E-16,0.,-1.));
#10519=DIRECTION('',(0.,1.,0.));
#10520=DIRECTION('center_axis',(0.,0.,-1.));
#10521=DIRECTION('ref_axis',(0.,1.,0.));
#10522=DIRECTION('',(1.,-6.82961998416066E-17,0.));
#10523=DIRECTION('',(-1.,0.,0.));
#10524=DIRECTION('',(0.,1.,0.));
#10525=DIRECTION('center_axis',(-1.,0.,1.94102690726305E-16));
#10526=DIRECTION('ref_axis',(1.94102690726305E-16,0.,1.));
#10527=DIRECTION('',(-1.94102690726305E-16,1.32564761556373E-32,-1.));
#10528=DIRECTION('',(1.94102690726305E-16,0.,1.));
#10529=DIRECTION('',(0.,1.,0.));
#10530=DIRECTION('center_axis',(6.82961998416066E-17,1.,0.));
#10531=DIRECTION('ref_axis',(1.,-6.82961998416066E-17,0.));
#10532=DIRECTION('',(-8.87326586177395E-16,6.06010338543419E-32,-1.));
#10533=DIRECTION('',(-1.,6.82961998416066E-17,2.44929359829471E-16));
#10534=DIRECTION('',(4.43663293088698E-16,-3.0300516927171E-32,1.));
#10535=DIRECTION('',(-1.,6.82961998416066E-17,0.));
#10536=DIRECTION('center_axis',(-9.03501810404586E-16,0.,-1.));
#10537=DIRECTION('ref_axis',(-1.,0.,9.03501810404586E-16));
#10538=DIRECTION('',(1.,-6.82961998416066E-17,-9.03501810404586E-16));
#10539=DIRECTION('',(0.,1.,0.));
#10540=DIRECTION('',(-1.,0.,9.03501810404586E-16));
#10541=DIRECTION('',(0.,1.,0.));
#10542=DIRECTION('center_axis',(-1.,0.,8.87326586177395E-16));
#10543=DIRECTION('ref_axis',(8.87326586177395E-16,0.,1.));
#10544=DIRECTION('',(-8.87326586177395E-16,6.06010338543419E-32,-1.));
#10545=DIRECTION('',(8.87326586177395E-16,0.,1.));
#10546=DIRECTION('',(0.,1.,0.));
#10547=DIRECTION('center_axis',(1.,0.,-4.43663293088698E-16));
#10548=DIRECTION('ref_axis',(-4.43663293088698E-16,0.,-1.));
#10549=DIRECTION('',(4.43663293088698E-16,-3.0300516927171E-32,1.));
#10550=DIRECTION('',(0.,1.,0.));
#10551=DIRECTION('',(-4.43663293088697E-16,0.,-1.));
#10552=DIRECTION('center_axis',(-4.82927060372718E-17,-0.70710678118655,
-0.707106781186545));
#10553=DIRECTION('ref_axis',(-1.,6.82961998416066E-17,-1.23259516440783E-32));
#10554=DIRECTION('',(-1.,6.82961998416066E-17,0.));
#10555=DIRECTION('',(-0.577350269189625,-0.577350269189624,0.577350269189628));
#10556=DIRECTION('',(1.,-6.82961998416066E-17,0.));
#10557=DIRECTION('center_axis',(0.707106781186549,-8.5182967593521E-17,
-0.707106781186546));
#10558=DIRECTION('ref_axis',(-1.20466908053945E-16,-1.,-1.23259516440783E-32));
#10559=DIRECTION('',(1.20466908053945E-16,1.,0.));
#10560=DIRECTION('',(-0.577350269189625,-0.577350269189625,-0.577350269189628));
#10561=DIRECTION('',(-1.20466908053945E-16,-1.,0.));
#10562=DIRECTION('center_axis',(6.03658825465897E-17,0.707106781186549,
-0.707106781186546));
#10563=DIRECTION('ref_axis',(1.,-8.53702498020082E-17,4.93038065763132E-32));
#10564=DIRECTION('',(-0.577350269189625,0.577350269189625,0.577350269189628));
#10565=DIRECTION('',(1.,-8.53702498020082E-17,0.));
#10566=DIRECTION('',(-1.,8.53702498020082E-17,0.));
#10567=DIRECTION('center_axis',(-1.,1.20466908053945E-16,0.));
#10568=DIRECTION('ref_axis',(1.20466908053945E-16,1.,0.));
#10569=DIRECTION('',(-1.20466908053945E-16,-1.,0.));
#10570=DIRECTION('',(1.11200222819026E-16,1.,0.));
#10571=DIRECTION('',(0.,0.,-1.));
#10572=DIRECTION('',(1.20466908053945E-16,1.,0.));
#10573=DIRECTION('',(0.,0.,-1.));
#10574=DIRECTION('center_axis',(6.82961998416066E-17,1.,0.));
#10575=DIRECTION('ref_axis',(1.,-6.82961998416066E-17,0.));
#10576=DIRECTION('',(1.,-6.82961998416066E-17,0.));
#10577=DIRECTION('',(0.,0.,-1.));
#10578=DIRECTION('',(-1.,6.82961998416066E-17,0.));
#10579=DIRECTION('',(-1.,6.82961998416066E-17,0.));
#10580=DIRECTION('',(-1.,6.82961998416066E-17,0.));
#10581=DIRECTION('center_axis',(-6.24001250351369E-17,-1.,0.));
#10582=DIRECTION('ref_axis',(-1.,6.24001250351369E-17,0.));
#10583=DIRECTION('',(1.,-6.24001250351369E-17,0.));
#10584=DIRECTION('',(0.,0.,1.));
#10585=DIRECTION('',(1.,-6.24001250351369E-17,0.));
#10586=DIRECTION('',(1.,-6.24001250351369E-17,0.));
#10587=DIRECTION('',(1.,-6.24001250351369E-17,0.));
#10588=DIRECTION('',(0.,0.,1.));
#10589=DIRECTION('',(1.,-6.24001250351369E-17,0.));
#10590=DIRECTION('center_axis',(1.,0.,0.));
#10591=DIRECTION('ref_axis',(0.,-1.,0.));
#10592=DIRECTION('',(0.,1.,0.));
#10593=DIRECTION('',(0.,1.,0.));
#10594=DIRECTION('',(0.,0.,1.));
#10595=DIRECTION('',(0.,1.,0.));
#10596=DIRECTION('center_axis',(1.76208172539188E-17,1.,0.));
#10597=DIRECTION('ref_axis',(1.,-1.76208172539188E-17,0.));
#10598=DIRECTION('',(-1.,1.76208172539188E-17,0.));
#10599=DIRECTION('',(1.,0.,0.));
#10600=DIRECTION('',(-1.,1.76208172539188E-17,0.));
#10601=DIRECTION('',(1.,0.,0.));
#10602=DIRECTION('',(-1.,1.76208172539188E-17,0.));
#10603=DIRECTION('',(-1.,1.76208172539188E-17,0.));
#10604=DIRECTION('',(0.,0.,1.));
#10605=DIRECTION('',(-1.,1.76208172539188E-17,0.));
#10606=DIRECTION('',(1.,0.,0.));
#10607=DIRECTION('',(-1.,1.76208172539188E-17,0.));
#10608=DIRECTION('',(1.,0.,0.));
#10609=DIRECTION('',(-1.,1.76208172539188E-17,0.));
#10610=DIRECTION('',(1.,0.,0.));
#10611=DIRECTION('',(-1.,1.76208172539188E-17,0.));
#10612=DIRECTION('',(1.,0.,0.));
#10613=DIRECTION('center_axis',(-4.82927060372718E-17,-0.70710678118655,
-0.707106781186545));
#10614=DIRECTION('ref_axis',(-1.,6.82961998416066E-17,-1.23259516440783E-32));
#10615=DIRECTION('',(-0.577350269189625,0.577350269189624,-0.577350269189628));
#10616=DIRECTION('',(-1.,6.82961998416066E-17,0.));
#10617=DIRECTION('center_axis',(0.707106781186549,-8.5182967593521E-17,
-0.707106781186546));
#10618=DIRECTION('ref_axis',(-1.20466908053945E-16,-1.,-1.23259516440783E-32));
#10619=DIRECTION('',(-1.20466908053945E-16,-1.,0.));
#10620=DIRECTION('center_axis',(0.,0.,-1.));
#10621=DIRECTION('ref_axis',(0.,1.,0.));
#10622=DIRECTION('center_axis',(-0.707106781186549,0.,-0.707106781186546));
#10623=DIRECTION('ref_axis',(0.,1.,0.));
#10624=DIRECTION('',(0.,1.,0.));
#10625=DIRECTION('',(0.,-1.,0.));
#10626=DIRECTION('center_axis',(-0.707106781186549,0.,-0.707106781186546));
#10627=DIRECTION('ref_axis',(0.,1.,0.));
#10628=DIRECTION('',(0.,-1.,0.));
#10629=DIRECTION('',(0.,1.,0.));
#10630=DIRECTION('center_axis',(1.,0.,0.));
#10631=DIRECTION('ref_axis',(0.,-1.,0.));
#10632=DIRECTION('',(0.,1.,0.));
#10633=DIRECTION('',(0.,1.,0.));
#10634=DIRECTION('',(0.,0.,-1.));
#10635=DIRECTION('center_axis',(0.,0.,-1.));
#10636=DIRECTION('ref_axis',(0.,1.,0.));
#10637=DIRECTION('',(0.,-1.,0.));
#10638=DIRECTION('center_axis',(0.,0.,-1.));
#10639=DIRECTION('ref_axis',(0.,1.,0.));
#10640=DIRECTION('',(0.,-1.,0.));
#10641=DIRECTION('center_axis',(-1.,0.,0.));
#10642=DIRECTION('ref_axis',(0.,1.,0.));
#10643=DIRECTION('',(0.,-1.,0.));
#10644=DIRECTION('center_axis',(0.,0.,-1.));
#10645=DIRECTION('ref_axis',(0.,1.,0.));
#10646=DIRECTION('',(1.,-1.70740499604016E-17,0.));
#10647=DIRECTION('',(1.,-1.70740499604016E-17,0.));
#10648=DIRECTION('',(1.,-1.70740499604016E-17,0.));
#10649=DIRECTION('',(1.,-1.70740499604016E-17,0.));
#10650=DIRECTION('',(1.,-1.70740499604016E-17,0.));
#10651=DIRECTION('',(1.,-1.70740499604016E-17,0.));
#10652=DIRECTION('center_axis',(-8.53702498020082E-17,-1.,0.));
#10653=DIRECTION('ref_axis',(-1.,8.53702498020082E-17,0.));
#10654=DIRECTION('center_axis',(0.,0.,-1.));
#10655=DIRECTION('ref_axis',(0.,1.,0.));
#10656=DIRECTION('center_axis',(0.,0.,1.));
#10657=DIRECTION('ref_axis',(0.,-1.,0.));
#10658=DIRECTION('center_axis',(0.,0.,1.));
#10659=DIRECTION('ref_axis',(0.,-1.,0.));
#10660=DIRECTION('center_axis',(0.,0.,1.));
#10661=DIRECTION('ref_axis',(0.,-1.,0.));
#10662=DIRECTION('center_axis',(0.,0.,1.));
#10663=DIRECTION('ref_axis',(0.,-1.,0.));
#10664=DIRECTION('center_axis',(0.,0.,1.));
#10665=DIRECTION('ref_axis',(0.,-1.,0.));
#10666=DIRECTION('center_axis',(0.,0.,1.));
#10667=DIRECTION('ref_axis',(0.,-1.,0.));
#10668=DIRECTION('center_axis',(0.,0.,-1.));
#10669=DIRECTION('ref_axis',(0.,1.,0.));
#10670=DIRECTION('axis',(0.,0.,1.));
#10671=DIRECTION('refdir',(1.,0.,0.));
#10672=DIRECTION('center_axis',(0.,0.,1.));
#10673=DIRECTION('ref_axis',(1.,0.,0.));
#10674=DIRECTION('',(0.,0.,1.));
#10675=DIRECTION('center_axis',(0.,0.,-1.));
#10676=DIRECTION('ref_axis',(-1.,0.,0.));
#10677=DIRECTION('',(0.,0.,-1.));
#10678=DIRECTION('center_axis',(0.,0.,-1.));
#10679=DIRECTION('ref_axis',(-1.,0.,0.));
#10680=DIRECTION('center_axis',(0.,0.,-1.));
#10681=DIRECTION('ref_axis',(-1.,0.,0.));
#10682=DIRECTION('',(0.,0.,1.));
#10683=DIRECTION('center_axis',(0.,0.,-1.));
#10684=DIRECTION('ref_axis',(1.,0.,0.));
#10685=DIRECTION('center_axis',(0.,0.,-1.));
#10686=DIRECTION('ref_axis',(-1.,0.,0.));
#10687=DIRECTION('center_axis',(0.,0.,-1.));
#10688=DIRECTION('ref_axis',(-1.,0.,0.));
#10689=DIRECTION('center_axis',(0.,0.,-1.));
#10690=DIRECTION('ref_axis',(-1.,0.,0.));
#10691=DIRECTION('',(-1.,0.,0.));
#10692=DIRECTION('center_axis',(0.,0.,-1.));
#10693=DIRECTION('ref_axis',(-1.,0.,0.));
#10694=DIRECTION('center_axis',(0.,1.,0.));
#10695=DIRECTION('ref_axis',(0.,0.,1.));
#10696=DIRECTION('',(-1.,0.,0.));
#10697=DIRECTION('center_axis',(0.,0.,-1.));
#10698=DIRECTION('ref_axis',(-1.,0.,0.));
#10699=DIRECTION('center_axis',(0.,0.,-1.));
#10700=DIRECTION('ref_axis',(-2.48083823922827E-15,-1.,0.));
#10701=DIRECTION('center_axis',(0.,0.,1.));
#10702=DIRECTION('ref_axis',(1.,0.,0.));
#10703=DIRECTION('',(0.707106781186545,8.6595605623549E-17,-0.70710678118655));
#10704=DIRECTION('axis',(0.,0.,1.));
#10705=DIRECTION('refdir',(1.,0.,0.));
#10706=DIRECTION('center_axis',(-1.,-6.12323399573697E-17,0.));
#10707=DIRECTION('ref_axis',(0.,-1.,0.));
#10708=DIRECTION('center_axis',(0.,-0.943871701028265,-0.330312294651607));
#10709=DIRECTION('ref_axis',(0.,0.330312294651607,-0.943871701028265));
#10710=DIRECTION('center_axis',(0.,-0.996194698091746,0.0871557427476564));
#10711=DIRECTION('ref_axis',(0.,-0.0871557427476564,-0.996194698091746));
#10712=DIRECTION('center_axis',(0.,0.,-1.));
#10713=DIRECTION('ref_axis',(-1.,0.,0.));
#10714=DIRECTION('center_axis',(0.,0.996194698091746,0.0871557427476564));
#10715=DIRECTION('ref_axis',(0.,-0.0871557427476564,0.996194698091746));
#10716=DIRECTION('center_axis',(0.,0.943871701028265,-0.330312294651607));
#10717=DIRECTION('ref_axis',(0.,0.330312294651607,0.943871701028265));
#10718=DIRECTION('center_axis',(0.,0.330312294651607,-0.943871701028265));
#10719=DIRECTION('ref_axis',(0.,0.943871701028265,0.330312294651607));
#10720=DIRECTION('center_axis',(0.,-0.0871557427476564,-0.996194698091746));
#10721=DIRECTION('ref_axis',(0.,0.996194698091746,-0.0871557427476564));
#10722=DIRECTION('center_axis',(0.,1.,0.));
#10723=DIRECTION('ref_axis',(0.,0.,1.));
#10724=DIRECTION('center_axis',(0.,-0.0871557427476564,0.996194698091746));
#10725=DIRECTION('ref_axis',(0.,-0.996194698091746,-0.0871557427476564));
#10726=DIRECTION('center_axis',(0.,0.330312294651607,0.943871701028265));
#10727=DIRECTION('ref_axis',(0.,-0.943871701028265,0.330312294651607));
#10728=DIRECTION('center_axis',(0.,0.943871701028265,0.330312294651607));
#10729=DIRECTION('ref_axis',(0.,-0.330312294651607,0.943871701028265));
#10730=DIRECTION('center_axis',(0.,0.996194698091746,-0.0871557427476564));
#10731=DIRECTION('ref_axis',(0.,0.0871557427476564,0.996194698091746));
#10732=DIRECTION('center_axis',(0.,0.,1.));
#10733=DIRECTION('ref_axis',(1.,0.,0.));
#10734=DIRECTION('center_axis',(0.,-0.996194698091746,-0.0871557427476564));
#10735=DIRECTION('ref_axis',(0.,0.0871557427476564,-0.996194698091746));
#10736=DIRECTION('center_axis',(0.,-0.943871701028265,0.330312294651607));
#10737=DIRECTION('ref_axis',(0.,-0.330312294651607,-0.943871701028265));
#10738=DIRECTION('center_axis',(0.,-0.330312294651607,0.943871701028265));
#10739=DIRECTION('ref_axis',(0.,-0.943871701028265,-0.330312294651607));
#10740=DIRECTION('center_axis',(0.,0.0871557427476564,0.996194698091746));
#10741=DIRECTION('ref_axis',(0.,-0.996194698091746,0.0871557427476564));
#10742=DIRECTION('center_axis',(0.,-1.,0.));
#10743=DIRECTION('ref_axis',(0.,0.,-1.));
#10744=DIRECTION('center_axis',(0.,-1.22464679914735E-16,-1.));
#10745=DIRECTION('ref_axis',(0.,1.,-1.22464679914735E-16));
#10746=DIRECTION('center_axis',(-1.,0.,0.));
#10747=DIRECTION('ref_axis',(0.,0.,1.));
#10748=DIRECTION('center_axis',(-1.,0.,0.));
#10749=DIRECTION('ref_axis',(0.,0.,1.));
#10750=DIRECTION('center_axis',(0.,-1.,0.));
#10751=DIRECTION('ref_axis',(0.,0.,-1.));
#10752=DIRECTION('center_axis',(0.,0.0871557427476564,-0.996194698091746));
#10753=DIRECTION('ref_axis',(0.,0.996194698091746,0.0871557427476564));
#10754=DIRECTION('center_axis',(0.,-0.330312294651607,-0.943871701028265));
#10755=DIRECTION('ref_axis',(0.,0.943871701028265,-0.330312294651607));
#10756=DIRECTION('center_axis',(1.,0.,0.));
#10757=DIRECTION('ref_axis',(0.,0.,-1.));
#10758=DIRECTION('center_axis',(-1.,0.,0.));
#10759=DIRECTION('ref_axis',(0.,0.,1.));
#10760=DIRECTION('',(-0.996194698091745,1.06735001383237E-17,-0.0871557427476642));
#10761=DIRECTION('center_axis',(1.,0.,0.));
#10762=DIRECTION('ref_axis',(0.,0.,-1.));
#10763=DIRECTION('center_axis',(-1.,0.,0.));
#10764=DIRECTION('ref_axis',(0.,0.,1.));
#10765=DIRECTION('center_axis',(-1.,0.,0.));
#10766=DIRECTION('ref_axis',(0.,0.,1.));
#10767=DIRECTION('center_axis',(0.,1.,-1.22464679914735E-16));
#10768=DIRECTION('ref_axis',(0.,-1.22464679914735E-16,-1.));
#10769=DIRECTION('center_axis',(-1.,0.,0.));
#10770=DIRECTION('ref_axis',(0.,0.,1.));
#10771=DIRECTION('center_axis',(-1.,0.,0.));
#10772=DIRECTION('ref_axis',(0.,0.,1.));
#10773=DIRECTION('',(1.,0.,0.));
#10774=DIRECTION('center_axis',(-1.,0.,0.));
#10775=DIRECTION('ref_axis',(0.,0.,1.));
#10776=DIRECTION('center_axis',(-1.,0.,0.));
#10777=DIRECTION('ref_axis',(0.,0.,1.));
#10778=DIRECTION('center_axis',(1.,0.,0.));
#10779=DIRECTION('ref_axis',(0.,0.,-1.));
#10780=DIRECTION('center_axis',(-1.,0.,0.));
#10781=DIRECTION('ref_axis',(0.,0.,1.));
#10782=DIRECTION('center_axis',(-1.,0.,0.));
#10783=DIRECTION('ref_axis',(0.,0.,1.));
#10784=DIRECTION('',(-0.98581056614842,2.05571210957436E-17,-0.167861632513606));
#10785=DIRECTION('center_axis',(-1.,0.,0.));
#10786=DIRECTION('ref_axis',(0.,0.,1.));
#10787=DIRECTION('',(1.,0.,0.));
#10788=DIRECTION('center_axis',(-1.,0.,0.));
#10789=DIRECTION('ref_axis',(0.,0.,1.));
#10790=DIRECTION('center_axis',(-1.,0.,0.));
#10791=DIRECTION('ref_axis',(0.,0.,1.));
#10792=DIRECTION('',(0.5773502691902,9.999199243474E-17,0.81649658092732));
#10793=DIRECTION('center_axis',(-1.,0.,0.));
#10794=DIRECTION('ref_axis',(0.,0.,1.));
#10795=DIRECTION('center_axis',(1.,0.,0.));
#10796=DIRECTION('ref_axis',(0.,0.,-1.));
#10797=DIRECTION('center_axis',(0.,-0.996194698091746,0.0871557427476564));
#10798=DIRECTION('ref_axis',(0.,-0.0871557427476564,-0.996194698091746));
#10799=DIRECTION('',(-1.,0.,0.));
#10800=DIRECTION('',(5.33657381704443E-18,0.0871557427476564,0.996194698091746));
#10801=DIRECTION('',(-1.,0.,0.));
#10802=DIRECTION('center_axis',(0.,0.,-1.));
#10803=DIRECTION('ref_axis',(-1.,0.,0.));
#10804=DIRECTION('',(-6.12303176911189E-17,-1.,0.));
#10805=DIRECTION('',(-1.,0.,0.));
#10806=DIRECTION('center_axis',(0.,0.996194698091746,0.0871557427476564));
#10807=DIRECTION('ref_axis',(0.,-0.0871557427476564,0.996194698091746));
#10808=DIRECTION('',(5.33657381704443E-18,0.0871557427476564,-0.996194698091746));
#10809=DIRECTION('',(-1.,0.,0.));
#10810=DIRECTION('center_axis',(0.,0.943871701028265,-0.330312294651607));
#10811=DIRECTION('ref_axis',(0.,0.330312294651607,0.943871701028265));
#10812=DIRECTION('',(-2.02251267388004E-17,-0.330312294651607,-0.943871701028265));
#10813=DIRECTION('',(-1.,0.,0.));
#10814=DIRECTION('center_axis',(0.,0.330312294651607,-0.943871701028265));
#10815=DIRECTION('ref_axis',(0.,0.943871701028265,0.330312294651607));
#10816=DIRECTION('',(-5.77935641136174E-17,-0.943871701028265,-0.330312294651607));
#10817=DIRECTION('',(-1.,0.,0.));
#10818=DIRECTION('center_axis',(0.,-0.0871557427476564,-0.996194698091746));
#10819=DIRECTION('ref_axis',(0.,0.996194698091746,-0.0871557427476564));
#10820=DIRECTION('',(-6.09973178463658E-17,-0.996194698091746,0.0871557427476564));
#10821=DIRECTION('',(-1.,0.,0.));
#10822=DIRECTION('center_axis',(0.,1.,0.));
#10823=DIRECTION('ref_axis',(0.,0.,1.));
#10824=DIRECTION('',(0.,0.,-1.));
#10825=DIRECTION('',(-1.,0.,0.));
#10826=DIRECTION('center_axis',(0.,-0.0871557427476564,0.996194698091746));
#10827=DIRECTION('ref_axis',(0.,-0.996194698091746,-0.0871557427476564));
#10828=DIRECTION('',(6.09973178463658E-17,0.996194698091746,0.0871557427476564));
#10829=DIRECTION('',(-1.,0.,0.));
#10830=DIRECTION('center_axis',(0.,0.330312294651607,0.943871701028265));
#10831=DIRECTION('ref_axis',(0.,-0.943871701028265,0.330312294651607));
#10832=DIRECTION('',(5.77935641136174E-17,0.943871701028265,-0.330312294651607));
#10833=DIRECTION('',(-1.,0.,0.));
#10834=DIRECTION('center_axis',(0.,0.943871701028265,0.330312294651607));
#10835=DIRECTION('ref_axis',(0.,-0.330312294651607,0.943871701028265));
#10836=DIRECTION('',(2.02251267388004E-17,0.330312294651607,-0.943871701028265));
#10837=DIRECTION('',(-1.,0.,0.));
#10838=DIRECTION('center_axis',(0.,0.996194698091746,-0.0871557427476564));
#10839=DIRECTION('ref_axis',(0.,0.0871557427476564,0.996194698091746));
#10840=DIRECTION('',(-5.33657381704443E-18,-0.0871557427476564,-0.996194698091746));
#10841=DIRECTION('',(-1.,0.,0.));
#10842=DIRECTION('center_axis',(0.,0.,1.));
#10843=DIRECTION('ref_axis',(1.,0.,0.));
#10844=DIRECTION('',(6.12303176911189E-17,1.,0.));
#10845=DIRECTION('',(-1.,0.,0.));
#10846=DIRECTION('center_axis',(0.,-0.996194698091746,-0.0871557427476564));
#10847=DIRECTION('ref_axis',(0.,0.0871557427476564,-0.996194698091746));
#10848=DIRECTION('',(-5.33657381704443E-18,-0.0871557427476564,0.996194698091746));
#10849=DIRECTION('',(-1.,0.,0.));
#10850=DIRECTION('center_axis',(0.,-0.943871701028265,0.330312294651607));
#10851=DIRECTION('ref_axis',(0.,-0.330312294651607,-0.943871701028265));
#10852=DIRECTION('',(2.02251267388004E-17,0.330312294651607,0.943871701028265));
#10853=DIRECTION('',(-1.,0.,0.));
#10854=DIRECTION('center_axis',(0.,-0.330312294651607,0.943871701028265));
#10855=DIRECTION('ref_axis',(0.,-0.943871701028265,-0.330312294651607));
#10856=DIRECTION('',(5.77935641136174E-17,0.943871701028265,0.330312294651607));
#10857=DIRECTION('',(-1.,0.,0.));
#10858=DIRECTION('center_axis',(0.,0.0871557427476564,0.996194698091746));
#10859=DIRECTION('ref_axis',(0.,-0.996194698091746,0.0871557427476564));
#10860=DIRECTION('',(6.09973178463658E-17,0.996194698091746,-0.0871557427476564));
#10861=DIRECTION('',(-1.,0.,0.));
#10862=DIRECTION('center_axis',(0.,-1.,0.));
#10863=DIRECTION('ref_axis',(0.,0.,-1.));
#10864=DIRECTION('',(0.,0.,1.));
#10865=DIRECTION('',(-1.,0.,0.));
#10866=DIRECTION('center_axis',(0.,0.0871557427476564,-0.996194698091746));
#10867=DIRECTION('ref_axis',(0.,0.996194698091746,0.0871557427476564));
#10868=DIRECTION('',(-6.09973178463658E-17,-0.996194698091746,-0.0871557427476564));
#10869=DIRECTION('',(-1.,0.,0.));
#10870=DIRECTION('center_axis',(0.,-0.330312294651607,-0.943871701028265));
#10871=DIRECTION('ref_axis',(0.,0.943871701028265,-0.330312294651607));
#10872=DIRECTION('',(-5.77935641136174E-17,-0.943871701028265,0.330312294651607));
#10873=DIRECTION('',(-1.,0.,0.));
#10874=DIRECTION('center_axis',(0.,-0.943871701028265,-0.330312294651607));
#10875=DIRECTION('ref_axis',(0.,0.330312294651607,-0.943871701028265));
#10876=DIRECTION('',(-2.02251267388004E-17,-0.330312294651607,0.943871701028265));
#10877=DIRECTION('center_axis',(1.,-6.12303176911189E-17,0.));
#10878=DIRECTION('ref_axis',(6.12303176911189E-17,1.,0.));
#10879=DIRECTION('axis',(0.,0.,1.));
#10880=DIRECTION('refdir',(1.,0.,0.));
#10881=DIRECTION('center_axis',(0.,0.,-1.));
#10882=DIRECTION('ref_axis',(-1.,0.,0.));
#10883=DIRECTION('center_axis',(0.,0.,-1.));
#10884=DIRECTION('ref_axis',(-1.,0.,0.));
#10885=DIRECTION('center_axis',(-1.22464679914735E-16,-1.,0.));
#10886=DIRECTION('ref_axis',(1.,-1.22464679914735E-16,0.));
#10887=DIRECTION('center_axis',(0.,0.,-1.));
#10888=DIRECTION('ref_axis',(-1.,0.,0.));
#10889=DIRECTION('center_axis',(0.,0.,-1.));
#10890=DIRECTION('ref_axis',(-1.,0.,0.));
#10891=DIRECTION('center_axis',(0.,0.,-1.));
#10892=DIRECTION('ref_axis',(-1.,0.,0.));
#10893=DIRECTION('center_axis',(0.,0.,-1.));
#10894=DIRECTION('ref_axis',(-1.,0.,0.));
#10895=DIRECTION('',(0.,0.,1.));
#10896=DIRECTION('center_axis',(0.,0.,-1.));
#10897=DIRECTION('ref_axis',(-1.,0.,0.));
#10898=DIRECTION('center_axis',(0.,0.,1.));
#10899=DIRECTION('ref_axis',(1.,0.,0.));
#10900=DIRECTION('center_axis',(0.,0.,-1.));
#10901=DIRECTION('ref_axis',(-1.,0.,0.));
#10902=DIRECTION('center_axis',(0.,0.,-1.));
#10903=DIRECTION('ref_axis',(-1.,0.,0.));
#10904=DIRECTION('center_axis',(-1.22464679914735E-16,-1.,0.));
#10905=DIRECTION('ref_axis',(1.,-1.22464679914735E-16,0.));
#10906=DIRECTION('center_axis',(0.,0.,-1.));
#10907=DIRECTION('ref_axis',(-1.,0.,0.));
#10908=DIRECTION('center_axis',(0.,0.,-1.));
#10909=DIRECTION('ref_axis',(-1.,0.,0.));
#10910=DIRECTION('center_axis',(1.22464679914735E-16,1.,0.));
#10911=DIRECTION('ref_axis',(1.,-1.22464679914735E-16,0.));
#10912=DIRECTION('center_axis',(0.,0.,-1.));
#10913=DIRECTION('ref_axis',(-1.,0.,0.));
#10914=DIRECTION('center_axis',(0.,0.,-1.));
#10915=DIRECTION('ref_axis',(-1.,0.,0.));
#10916=DIRECTION('center_axis',(-1.22464679914735E-16,-1.,0.));
#10917=DIRECTION('ref_axis',(1.,-1.22464679914735E-16,0.));
#10918=DIRECTION('center_axis',(0.,0.,-1.));
#10919=DIRECTION('ref_axis',(-1.,0.,0.));
#10920=DIRECTION('center_axis',(0.,0.,1.));
#10921=DIRECTION('ref_axis',(1.,0.,0.));
#10922=DIRECTION('center_axis',(0.,0.,-1.));
#10923=DIRECTION('ref_axis',(-1.,0.,0.));
#10924=DIRECTION('center_axis',(0.,0.,-1.));
#10925=DIRECTION('ref_axis',(-1.,0.,0.));
#10926=DIRECTION('',(0.,0.,-1.));
#10927=DIRECTION('center_axis',(0.,0.,-1.));
#10928=DIRECTION('ref_axis',(-1.,0.,0.));
#10929=DIRECTION('center_axis',(0.,0.,-1.));
#10930=DIRECTION('ref_axis',(-1.,0.,0.));
#10931=DIRECTION('center_axis',(0.,0.,-1.));
#10932=DIRECTION('ref_axis',(-1.,0.,0.));
#10933=DIRECTION('center_axis',(0.,0.,-1.));
#10934=DIRECTION('ref_axis',(-1.,0.,0.));
#10935=DIRECTION('center_axis',(-1.22464679914735E-16,-1.,0.));
#10936=DIRECTION('ref_axis',(1.,-1.22464679914735E-16,0.));
#10937=DIRECTION('center_axis',(0.,0.,-1.));
#10938=DIRECTION('ref_axis',(-1.,0.,0.));
#10939=DIRECTION('center_axis',(0.,0.,-1.));
#10940=DIRECTION('ref_axis',(-1.,0.,0.));
#10941=DIRECTION('center_axis',(1.22464679914735E-16,1.,0.));
#10942=DIRECTION('ref_axis',(1.,-1.22464679914735E-16,0.));
#10943=DIRECTION('',(0.,0.,1.));
#10944=DIRECTION('',(1.,0.,0.));
#10945=DIRECTION('',(5.55111512312578E-17,1.,-8.8232240178523E-17));
#10946=DIRECTION('',(-1.,5.55111512312578E-17,2.22778936956452E-16));
#10947=DIRECTION('',(7.12936328607471E-17,1.17767419673696E-17,1.));
#10948=DIRECTION('',(-1.,2.22593182120733E-33,7.12936328607471E-17));
#10949=DIRECTION('',(-0.841316527710656,-0.540542782951438,2.54264660740878E-16));
#10950=DIRECTION('',(9.71445146547013E-17,3.19189119579732E-16,1.));
#10951=DIRECTION('',(1.,-1.11022302462516E-16,-2.47105623245387E-16));
#10952=DIRECTION('',(1.11022302462516E-16,1.,1.03073870875542E-16));
#10953=DIRECTION('',(-2.34928375502612E-16,-2.27026078583562E-17,-1.));
#10954=DIRECTION('',(-0.764501983597777,-0.644621374975314,1.94237795368329E-16));
#10955=DIRECTION('',(1.05968886227453E-16,-1.73672251168626E-16,1.0000000000001));
#10956=DIRECTION('',(0.00638293619338665,-0.999979628855267,-1.74345105905341E-16));
#10957=DIRECTION('',(-0.841316527710656,-0.540542782951438,2.54264660740878E-16));
#10958=DIRECTION('',(9.71445146547013E-17,3.19189119579732E-16,1.));
#10959=DIRECTION('',(-0.841316527710656,-0.540542782951438,2.54264660740878E-16));
#10960=DIRECTION('',(9.71445146547013E-17,3.19189119579732E-16,1.));
#10961=DIRECTION('',(-0.841316527710656,-0.540542782951438,2.54264660740878E-16));
#10962=DIRECTION('',(9.71445146547013E-17,3.19189119579732E-16,1.));
#10963=DIRECTION('',(-1.52184848141643E-16,1.2157545764065E-16,-1.));
#10964=DIRECTION('',(-0.823784117041851,0.566903632471674,1.94289029309402E-16));
#10965=DIRECTION('axis',(0.,0.,1.));
#10966=DIRECTION('refdir',(1.,0.,0.));
#10967=DIRECTION('center_axis',(0.,0.,-1.));
#10968=DIRECTION('ref_axis',(-1.,0.,0.));
#10969=DIRECTION('center_axis',(0.,0.,-1.));
#10970=DIRECTION('ref_axis',(-1.,0.,0.));
#10971=DIRECTION('',(0.,0.,-1.));
#10972=DIRECTION('center_axis',(8.88178419700125E-17,0.,1.));
#10973=DIRECTION('ref_axis',(-1.,0.,0.));
#10974=DIRECTION('center_axis',(0.,0.,-1.));
#10975=DIRECTION('ref_axis',(-1.,0.,0.));
#10976=DIRECTION('center_axis',(0.,0.,-1.));
#10977=DIRECTION('ref_axis',(-1.,0.,0.));
#10978=DIRECTION('',(0.,0.,-1.));
#10979=DIRECTION('center_axis',(8.88178419700125E-17,0.,1.));
#10980=DIRECTION('ref_axis',(-1.,0.,0.));
#10981=DIRECTION('center_axis',(0.,0.,-1.));
#10982=DIRECTION('ref_axis',(-1.,0.,0.));
#10983=DIRECTION('center_axis',(0.,0.,-1.));
#10984=DIRECTION('ref_axis',(-1.,0.,0.));
#10985=DIRECTION('',(0.,0.,-1.));
#10986=DIRECTION('center_axis',(8.88178419700125E-17,0.,1.));
#10987=DIRECTION('ref_axis',(-1.,0.,0.));
#10988=DIRECTION('center_axis',(0.,0.,-1.));
#10989=DIRECTION('ref_axis',(-1.,0.,0.));
#10990=DIRECTION('center_axis',(0.,0.,-1.));
#10991=DIRECTION('ref_axis',(-1.,0.,0.));
#10992=DIRECTION('',(0.,0.,-1.));
#10993=DIRECTION('center_axis',(8.88178419700125E-17,0.,1.));
#10994=DIRECTION('ref_axis',(-1.,0.,0.));
#10995=DIRECTION('center_axis',(0.,0.,-1.));
#10996=DIRECTION('ref_axis',(-1.,0.,0.));
#10997=DIRECTION('center_axis',(0.,0.,-1.));
#10998=DIRECTION('ref_axis',(-1.,0.,0.));
#10999=DIRECTION('',(0.,0.,-1.));
#11000=DIRECTION('center_axis',(8.88178419700125E-17,0.,1.));
#11001=DIRECTION('ref_axis',(-1.,0.,0.));
#11002=DIRECTION('center_axis',(0.,1.,0.));
#11003=DIRECTION('ref_axis',(-7.40148683083438E-17,0.,-1.));
#11004=DIRECTION('',(0.,0.,1.));
#11005=DIRECTION('',(-1.,0.,7.40148683083438E-17));
#11006=DIRECTION('',(0.,0.,-1.));
#11007=DIRECTION('',(-1.,0.,7.40148683083438E-17));
#11008=DIRECTION('center_axis',(0.,1.,0.));
#11009=DIRECTION('ref_axis',(-7.40148683083438E-17,0.,-1.));
#11010=DIRECTION('',(0.,0.,-1.));
#11011=DIRECTION('',(-1.,0.,7.40148683083438E-17));
#11012=DIRECTION('',(0.,0.,1.));
#11013=DIRECTION('',(-1.,0.,7.40148683083438E-17));
#11014=DIRECTION('center_axis',(0.,-1.,0.));
#11015=DIRECTION('ref_axis',(7.40148683083438E-17,0.,1.));
#11016=DIRECTION('',(0.,0.,-1.));
#11017=DIRECTION('',(-1.,0.,7.40148683083438E-17));
#11018=DIRECTION('',(0.,0.,1.));
#11019=DIRECTION('',(-1.,0.,7.40148683083438E-17));
#11020=DIRECTION('center_axis',(0.,-1.,0.));
#11021=DIRECTION('ref_axis',(7.40148683083438E-17,0.,1.));
#11022=DIRECTION('',(0.,0.,1.));
#11023=DIRECTION('',(-1.,0.,7.40148683083438E-17));
#11024=DIRECTION('',(0.,0.,-1.));
#11025=DIRECTION('',(-1.,0.,7.40148683083438E-17));
#11026=DIRECTION('center_axis',(1.,0.,0.));
#11027=DIRECTION('ref_axis',(0.,0.,-1.));
#11028=DIRECTION('',(0.,1.,0.));
#11029=DIRECTION('',(0.,0.,1.));
#11030=DIRECTION('',(0.,1.,0.));
#11031=DIRECTION('center_axis',(1.,0.,0.));
#11032=DIRECTION('ref_axis',(0.,0.,-1.));
#11033=DIRECTION('',(0.,1.,0.));
#11034=DIRECTION('',(0.,0.,-1.));
#11035=DIRECTION('',(0.,1.,0.));
#11036=DIRECTION('center_axis',(-1.,0.,0.));
#11037=DIRECTION('ref_axis',(0.,0.,1.));
#11038=DIRECTION('',(0.,-1.,0.));
#11039=DIRECTION('',(0.,0.,-1.));
#11040=DIRECTION('',(0.,1.,0.));
#11041=DIRECTION('center_axis',(0.,-1.,0.));
#11042=DIRECTION('ref_axis',(0.,0.,-1.));
#11043=DIRECTION('',(0.,0.,1.));
#11044=DIRECTION('',(-1.,0.,0.));
#11045=DIRECTION('',(0.,0.,-1.));
#11046=DIRECTION('',(1.,0.,0.));
#11047=DIRECTION('',(-1.,0.,8.88178419700125E-17));
#11048=DIRECTION('',(1.,0.,-8.88178419700125E-17));
#11049=DIRECTION('center_axis',(8.88178419700125E-17,0.,1.));
#11050=DIRECTION('ref_axis',(1.,0.,-8.88178419700125E-17));
#11051=DIRECTION('',(0.,-1.,0.));
#11052=DIRECTION('',(1.,0.,-8.88178419700125E-17));
#11053=DIRECTION('',(0.,1.,0.));
#11054=DIRECTION('',(0.,-1.,0.));
#11055=DIRECTION('center_axis',(-8.88178419700125E-17,0.,-1.));
#11056=DIRECTION('ref_axis',(-1.,0.,8.88178419700125E-17));
#11057=DIRECTION('',(-1.,0.,8.88178419700125E-17));
#11058=DIRECTION('',(0.,1.,0.));
#11059=DIRECTION('',(0.,1.,0.));
#11060=DIRECTION('',(0.,-1.,0.));
#11061=DIRECTION('center_axis',(-1.,0.,0.));
#11062=DIRECTION('ref_axis',(0.,0.,1.));
#11063=DIRECTION('',(0.,0.,1.));
#11064=DIRECTION('center_axis',(0.,0.,1.));
#11065=DIRECTION('ref_axis',(1.,0.,0.));
#11066=DIRECTION('',(0.,-1.,0.));
#11067=DIRECTION('',(1.,0.,0.));
#11068=DIRECTION('',(0.,1.,0.));
#11069=DIRECTION('center_axis',(-1.,0.,0.));
#11070=DIRECTION('ref_axis',(0.,0.,1.));
#11071=DIRECTION('',(0.,0.,1.));
#11072=DIRECTION('',(0.,1.,0.));
#11073=DIRECTION('center_axis',(0.,0.,-1.));
#11074=DIRECTION('ref_axis',(-1.,0.,0.));
#11075=DIRECTION('',(-1.,0.,0.));
#11076=DIRECTION('',(0.,1.,0.));
#11077=DIRECTION('center_axis',(1.,0.,0.));
#11078=DIRECTION('ref_axis',(0.,0.,-1.));
#11079=DIRECTION('',(0.,0.,-1.));
#11080=DIRECTION('center_axis',(0.,1.,0.));
#11081=DIRECTION('ref_axis',(0.,0.,1.));
#11082=DIRECTION('',(-5.13170824337702E-49,-1.17767419673696E-17,1.));
#11083=DIRECTION('',(1.,1.11022302462516E-16,1.3074810087243E-33));
#11084=DIRECTION('',(0.,0.,1.));
#11085=DIRECTION('',(1.,0.,0.));
#11086=DIRECTION('axis',(0.,0.,1.));
#11087=DIRECTION('refdir',(1.,0.,0.));
#11088=DIRECTION('axis',(0.,0.,1.));
#11089=DIRECTION('refdir',(1.,0.,0.));
#11090=DIRECTION('axis',(0.,0.,1.));
#11091=DIRECTION('refdir',(1.,0.,0.));
#11092=DIRECTION('center_axis',(-1.,0.,0.));
#11093=DIRECTION('ref_axis',(0.,-1.,0.));
#11094=DIRECTION('center_axis',(0.,0.,-1.));
#11095=DIRECTION('ref_axis',(0.,1.,0.));
#11096=DIRECTION('center_axis',(0.,-0.984807753012208,-0.173648177666928));
#11097=DIRECTION('ref_axis',(0.,-0.173648177666928,0.984807753012208));
#11098=DIRECTION('center_axis',(0.,-0.984807753012208,-0.173648177666928));
#11099=DIRECTION('ref_axis',(0.,-0.173648177666928,0.984807753012208));
#11100=DIRECTION('center_axis',(-1.,0.,0.));
#11101=DIRECTION('ref_axis',(0.,-1.,0.));
#11102=DIRECTION('center_axis',(0.,-2.33142172327836E-16,-1.));
#11103=DIRECTION('ref_axis',(0.,1.,-2.33142172327836E-16));
#11104=DIRECTION('center_axis',(0.,0.342020143325669,0.939692620785908));
#11105=DIRECTION('ref_axis',(0.,0.939692620785908,-0.342020143325669));
#11106=DIRECTION('center_axis',(0.,0.342020143325669,0.939692620785908));
#11107=DIRECTION('ref_axis',(0.,0.939692620785908,-0.342020143325669));
#11108=DIRECTION('center_axis',(-1.,0.,0.));
#11109=DIRECTION('ref_axis',(0.,-1.,0.));
#11110=DIRECTION('center_axis',(0.,-2.33142172327836E-16,-1.));
#11111=DIRECTION('ref_axis',(0.,1.,-2.33142172327836E-16));
#11112=DIRECTION('center_axis',(0.,-0.342020143325668,0.939692620785909));
#11113=DIRECTION('ref_axis',(0.,0.939692620785909,0.342020143325668));
#11114=DIRECTION('center_axis',(0.,-0.342020143325668,0.939692620785909));
#11115=DIRECTION('ref_axis',(0.,0.939692620785909,0.342020143325668));
#11116=DIRECTION('center_axis',(-1.,0.,0.));
#11117=DIRECTION('ref_axis',(0.,-1.,0.));
#11118=DIRECTION('center_axis',(0.,0.,-1.));
#11119=DIRECTION('ref_axis',(0.,1.,0.));
#11120=DIRECTION('center_axis',(0.,0.86602540378444,0.499999999999998));
#11121=DIRECTION('ref_axis',(0.,0.499999999999998,-0.86602540378444));
#11122=DIRECTION('center_axis',(0.,0.86602540378444,0.499999999999998));
#11123=DIRECTION('ref_axis',(0.,0.499999999999998,-0.86602540378444));
#11124=DIRECTION('center_axis',(-1.,0.,0.));
#11125=DIRECTION('ref_axis',(0.,-1.,0.));
#11126=DIRECTION('center_axis',(0.,0.,-1.));
#11127=DIRECTION('ref_axis',(0.,1.,0.));
#11128=DIRECTION('center_axis',(0.,-0.866025403784437,0.500000000000002));
#11129=DIRECTION('ref_axis',(0.,0.500000000000002,0.866025403784438));
#11130=DIRECTION('center_axis',(0.,-0.866025403784437,0.500000000000002));
#11131=DIRECTION('ref_axis',(0.,0.500000000000002,0.866025403784438));
#11132=DIRECTION('center_axis',(-1.,0.,0.));
#11133=DIRECTION('ref_axis',(0.,-1.,0.));
#11134=DIRECTION('center_axis',(0.,0.,-1.));
#11135=DIRECTION('ref_axis',(0.,1.,0.));
#11136=DIRECTION('center_axis',(0.,0.984807753012208,-0.173648177666928));
#11137=DIRECTION('ref_axis',(0.,-0.173648177666928,-0.984807753012208));
#11138=DIRECTION('center_axis',(0.,0.984807753012208,-0.173648177666928));
#11139=DIRECTION('ref_axis',(0.,-0.173648177666928,-0.984807753012208));
#11140=DIRECTION('center_axis',(-1.,0.,0.));
#11141=DIRECTION('ref_axis',(0.,-1.,0.));
#11142=DIRECTION('center_axis',(0.,0.,-1.));
#11143=DIRECTION('ref_axis',(0.,-1.,0.));
#11144=DIRECTION('center_axis',(0.,-1.22464679914735E-16,-1.));
#11145=DIRECTION('ref_axis',(0.,1.,-1.22464679914735E-16));
#11146=DIRECTION('center_axis',(0.,-1.22464679914735E-16,-1.));
#11147=DIRECTION('ref_axis',(0.,1.,-1.22464679914735E-16));
#11148=DIRECTION('center_axis',(0.,0.,-1.));
#11149=DIRECTION('ref_axis',(0.,-1.,0.));
#11150=DIRECTION('center_axis',(-1.,0.,0.));
#11151=DIRECTION('ref_axis',(0.,-1.,0.));
#11152=DIRECTION('center_axis',(0.,0.,-1.));
#11153=DIRECTION('ref_axis',(0.,1.,0.));
#11154=DIRECTION('center_axis',(0.,0.642787609686539,-0.766044443118978));
#11155=DIRECTION('ref_axis',(0.,-0.766044443118978,-0.642787609686539));
#11156=DIRECTION('center_axis',(0.,0.642787609686539,-0.766044443118978));
#11157=DIRECTION('ref_axis',(0.,-0.766044443118978,-0.642787609686539));
#11158=DIRECTION('center_axis',(-1.,0.,0.));
#11159=DIRECTION('ref_axis',(0.,-1.,0.));
#11160=DIRECTION('center_axis',(0.,0.,-1.));
#11161=DIRECTION('ref_axis',(0.,1.,0.));
#11162=DIRECTION('center_axis',(0.,-0.642787609686539,-0.766044443118978));
#11163=DIRECTION('ref_axis',(0.,-0.766044443118978,0.642787609686539));
#11164=DIRECTION('center_axis',(0.,-0.642787609686539,-0.766044443118978));
#11165=DIRECTION('ref_axis',(0.,-0.766044443118978,0.642787609686539));
#11166=DIRECTION('center_axis',(1.,0.,0.));
#11167=DIRECTION('ref_axis',(0.,0.,-1.));
#11168=DIRECTION('center_axis',(0.,-0.984807753012208,-0.173648177666928));
#11169=DIRECTION('ref_axis',(0.,-0.173648177666928,0.984807753012208));
#11170=DIRECTION('center_axis',(1.,0.,0.));
#11171=DIRECTION('ref_axis',(0.,0.,-1.));
#11172=DIRECTION('center_axis',(0.,-0.642787609686539,-0.766044443118978));
#11173=DIRECTION('ref_axis',(0.,-0.766044443118978,0.642787609686539));
#11174=DIRECTION('center_axis',(1.,0.,0.));
#11175=DIRECTION('ref_axis',(0.,0.,-1.));
#11176=DIRECTION('center_axis',(1.,0.,0.));
#11177=DIRECTION('ref_axis',(0.,0.173648177666932,0.984807753012208));
#11178=DIRECTION('center_axis',(1.,0.,0.));
#11179=DIRECTION('ref_axis',(0.,0.,-1.));
#11180=DIRECTION('center_axis',(1.,0.,0.));
#11181=DIRECTION('ref_axis',(0.,0.,-1.));
#11182=DIRECTION('center_axis',(0.,-0.866025403784437,0.500000000000002));
#11183=DIRECTION('ref_axis',(0.,0.500000000000002,0.866025403784438));
#11184=DIRECTION('center_axis',(1.,0.,0.));
#11185=DIRECTION('ref_axis',(0.,0.,-1.));
#11186=DIRECTION('center_axis',(1.,0.,0.));
#11187=DIRECTION('ref_axis',(0.,0.,-1.));
#11188=DIRECTION('center_axis',(1.,0.,0.));
#11189=DIRECTION('ref_axis',(0.,0.,-1.));
#11190=DIRECTION('center_axis',(0.,-0.342020143325668,0.939692620785909));
#11191=DIRECTION('ref_axis',(0.,0.939692620785909,0.342020143325668));
#11192=DIRECTION('center_axis',(1.,0.,0.));
#11193=DIRECTION('ref_axis',(0.,0.,-1.));
#11194=DIRECTION('center_axis',(1.,0.,0.));
#11195=DIRECTION('ref_axis',(0.,0.,-1.));
#11196=DIRECTION('center_axis',(1.,0.,0.));
#11197=DIRECTION('ref_axis',(0.,0.,-1.));
#11198=DIRECTION('center_axis',(0.,0.342020143325669,0.939692620785908));
#11199=DIRECTION('ref_axis',(0.,0.939692620785908,-0.342020143325669));
#11200=DIRECTION('center_axis',(1.,0.,0.));
#11201=DIRECTION('ref_axis',(0.,0.,-1.));
#11202=DIRECTION('center_axis',(1.,0.,0.));
#11203=DIRECTION('ref_axis',(0.,0.,-1.));
#11204=DIRECTION('center_axis',(1.,0.,0.));
#11205=DIRECTION('ref_axis',(0.,0.,-1.));
#11206=DIRECTION('center_axis',(0.,0.86602540378444,0.499999999999998));
#11207=DIRECTION('ref_axis',(0.,0.499999999999998,-0.86602540378444));
#11208=DIRECTION('center_axis',(1.,0.,0.));
#11209=DIRECTION('ref_axis',(0.,0.,-1.));
#11210=DIRECTION('center_axis',(1.,0.,0.));
#11211=DIRECTION('ref_axis',(0.,0.,-1.));
#11212=DIRECTION('center_axis',(1.,0.,0.));
#11213=DIRECTION('ref_axis',(0.,0.,-1.));
#11214=DIRECTION('center_axis',(0.,0.984807753012208,-0.173648177666928));
#11215=DIRECTION('ref_axis',(0.,-0.173648177666928,-0.984807753012208));
#11216=DIRECTION('center_axis',(1.,0.,0.));
#11217=DIRECTION('ref_axis',(0.,0.,-1.));
#11218=DIRECTION('center_axis',(1.,0.,0.));
#11219=DIRECTION('ref_axis',(0.,0.,-1.));
#11220=DIRECTION('center_axis',(1.,0.,0.));
#11221=DIRECTION('ref_axis',(0.,0.,-1.));
#11222=DIRECTION('center_axis',(0.,0.,-1.));
#11223=DIRECTION('ref_axis',(0.,-1.,0.));
#11224=DIRECTION('center_axis',(1.,0.,0.));
#11225=DIRECTION('ref_axis',(0.,0.,-1.));
#11226=DIRECTION('center_axis',(1.,0.,0.));
#11227=DIRECTION('ref_axis',(0.,0.,-1.));
#11228=DIRECTION('center_axis',(1.,0.,0.));
#11229=DIRECTION('ref_axis',(0.,0.,-1.));
#11230=DIRECTION('center_axis',(0.,0.642787609686539,-0.766044443118978));
#11231=DIRECTION('ref_axis',(0.,-0.766044443118978,-0.642787609686539));
#11232=DIRECTION('center_axis',(1.,0.,0.));
#11233=DIRECTION('ref_axis',(0.,0.,-1.));
#11234=DIRECTION('center_axis',(1.,0.,0.));
#11235=DIRECTION('ref_axis',(0.,0.,-1.));
#11236=DIRECTION('center_axis',(-1.,0.,0.));
#11237=DIRECTION('ref_axis',(0.,0.,1.));
#11238=DIRECTION('center_axis',(1.,0.,0.));
#11239=DIRECTION('ref_axis',(0.,0.,-1.));
#11240=DIRECTION('center_axis',(1.,0.,0.));
#11241=DIRECTION('ref_axis',(0.,0.,-1.));
#11242=DIRECTION('center_axis',(1.,0.,0.));
#11243=DIRECTION('ref_axis',(0.,0.,-1.));
#11244=DIRECTION('center_axis',(0.,-1.,-1.22464679914735E-16));
#11245=DIRECTION('ref_axis',(0.,-1.22464679914735E-16,1.));
#11246=DIRECTION('center_axis',(1.,0.,0.));
#11247=DIRECTION('ref_axis',(0.,0.,-1.));
#11248=DIRECTION('center_axis',(1.,0.,0.));
#11249=DIRECTION('ref_axis',(0.,0.,-1.));
#11250=DIRECTION('',(1.,0.,0.));
#11251=DIRECTION('center_axis',(1.,0.,0.));
#11252=DIRECTION('ref_axis',(0.,0.,-1.));
#11253=DIRECTION('center_axis',(1.,0.,0.));
#11254=DIRECTION('ref_axis',(0.,0.,-1.));
#11255=DIRECTION('center_axis',(0.,-1.,-1.22464679914735E-16));
#11256=DIRECTION('ref_axis',(0.,-1.22464679914735E-16,1.));
#11257=DIRECTION('center_axis',(1.,0.,0.));
#11258=DIRECTION('ref_axis',(0.,0.,-1.));
#11259=DIRECTION('center_axis',(1.,0.,0.));
#11260=DIRECTION('ref_axis',(0.,0.,-1.));
#11261=DIRECTION('center_axis',(1.,0.,0.));
#11262=DIRECTION('ref_axis',(0.,0.,-1.));
#11263=DIRECTION('center_axis',(1.,0.,0.));
#11264=DIRECTION('ref_axis',(0.,0.,-1.));
#11265=DIRECTION('center_axis',(0.,-1.,-1.22464679914735E-16));
#11266=DIRECTION('ref_axis',(0.,-1.22464679914735E-16,1.));
#11267=DIRECTION('center_axis',(1.,0.,0.));
#11268=DIRECTION('ref_axis',(0.,0.,-1.));
#11269=DIRECTION('center_axis',(1.,0.,0.));
#11270=DIRECTION('ref_axis',(0.,0.,-1.));
#11271=DIRECTION('',(-1.,0.,0.));
#11272=DIRECTION('center_axis',(1.,0.,0.));
#11273=DIRECTION('ref_axis',(0.,0.,-1.));
#11274=DIRECTION('center_axis',(1.,0.,0.));
#11275=DIRECTION('ref_axis',(0.,0.,-1.));
#11276=DIRECTION('center_axis',(1.,0.,0.));
#11277=DIRECTION('ref_axis',(0.,0.,-1.));
#11278=DIRECTION('center_axis',(1.,0.,0.));
#11279=DIRECTION('ref_axis',(0.,0.,-1.));
#11280=DIRECTION('',(-1.,0.,0.));
#11281=DIRECTION('center_axis',(1.,0.,0.));
#11282=DIRECTION('ref_axis',(0.,0.,-1.));
#11283=DIRECTION('center_axis',(1.,0.,0.));
#11284=DIRECTION('ref_axis',(0.,0.,-1.));
#11285=DIRECTION('center_axis',(0.,-1.,-1.22464679914735E-16));
#11286=DIRECTION('ref_axis',(0.,-1.22464679914735E-16,1.));
#11287=DIRECTION('center_axis',(1.,0.,0.));
#11288=DIRECTION('ref_axis',(0.,0.,-1.));
#11289=DIRECTION('center_axis',(1.,0.,0.));
#11290=DIRECTION('ref_axis',(0.,0.,-1.));
#11291=DIRECTION('',(-1.,0.,0.));
#11292=DIRECTION('center_axis',(1.,0.,0.));
#11293=DIRECTION('ref_axis',(0.,0.,-1.));
#11294=DIRECTION('center_axis',(1.,0.,0.));
#11295=DIRECTION('ref_axis',(0.,0.,-1.));
#11296=DIRECTION('center_axis',(1.,0.,0.));
#11297=DIRECTION('ref_axis',(0.,0.,-1.));
#11298=DIRECTION('center_axis',(0.,-1.,-1.22464679914735E-16));
#11299=DIRECTION('ref_axis',(0.,-1.22464679914735E-16,1.));
#11300=DIRECTION('center_axis',(1.,0.,0.));
#11301=DIRECTION('ref_axis',(0.,0.,-1.));
#11302=DIRECTION('center_axis',(1.,0.,0.));
#11303=DIRECTION('ref_axis',(0.,0.,-1.));
#11304=DIRECTION('center_axis',(1.,0.,0.));
#11305=DIRECTION('ref_axis',(0.,0.,-1.));
#11306=DIRECTION('center_axis',(1.,0.,0.));
#11307=DIRECTION('ref_axis',(0.,0.,-1.));
#11308=DIRECTION('center_axis',(0.,-1.,-1.22464679914735E-16));
#11309=DIRECTION('ref_axis',(0.,-1.22464679914735E-16,1.));
#11310=DIRECTION('center_axis',(1.,0.,0.));
#11311=DIRECTION('ref_axis',(0.,0.,-1.));
#11312=DIRECTION('center_axis',(1.,0.,0.));
#11313=DIRECTION('ref_axis',(0.,0.,-1.));
#11314=DIRECTION('center_axis',(1.,0.,0.));
#11315=DIRECTION('ref_axis',(0.,0.,-1.));
#11316=DIRECTION('center_axis',(1.,0.,0.));
#11317=DIRECTION('ref_axis',(0.,0.,-1.));
#11318=DIRECTION('',(1.,0.,0.));
#11319=DIRECTION('center_axis',(1.,0.,0.));
#11320=DIRECTION('ref_axis',(0.,0.,-1.));
#11321=DIRECTION('center_axis',(1.,0.,0.));
#11322=DIRECTION('ref_axis',(0.,0.,-1.));
#11323=DIRECTION('center_axis',(1.,0.,0.));
#11324=DIRECTION('ref_axis',(0.,0.,-1.));
#11325=DIRECTION('center_axis',(1.,0.,0.));
#11326=DIRECTION('ref_axis',(0.,0.,-1.));
#11327=DIRECTION('center_axis',(1.,0.,0.));
#11328=DIRECTION('ref_axis',(0.,0.,-1.));
#11329=DIRECTION('center_axis',(1.,0.,0.));
#11330=DIRECTION('ref_axis',(0.,0.,-1.));
#11331=DIRECTION('center_axis',(1.,0.,0.));
#11332=DIRECTION('ref_axis',(0.,0.,-1.));
#11333=DIRECTION('center_axis',(1.,0.,0.));
#11334=DIRECTION('ref_axis',(0.,0.,-1.));
#11335=DIRECTION('center_axis',(0.,0.,-1.));
#11336=DIRECTION('ref_axis',(0.,-1.,0.));
#11337=DIRECTION('center_axis',(1.,0.,0.));
#11338=DIRECTION('ref_axis',(0.,0.,-1.));
#11339=DIRECTION('center_axis',(0.,-0.642787609686539,-0.766044443118978));
#11340=DIRECTION('ref_axis',(0.,-0.766044443118978,0.642787609686539));
#11341=DIRECTION('center_axis',(1.,0.,0.));
#11342=DIRECTION('ref_axis',(0.,0.,-1.));
#11343=DIRECTION('center_axis',(1.,0.,0.));
#11344=DIRECTION('ref_axis',(0.,0.,-1.));
#11345=DIRECTION('',(1.,0.,0.));
#11346=DIRECTION('center_axis',(1.,0.,0.));
#11347=DIRECTION('ref_axis',(0.,0.,-1.));
#11348=DIRECTION('center_axis',(1.,0.,0.));
#11349=DIRECTION('ref_axis',(0.,0.,-1.));
#11350=DIRECTION('center_axis',(1.,0.,0.));
#11351=DIRECTION('ref_axis',(0.,0.,-1.));
#11352=DIRECTION('center_axis',(1.,0.,0.));
#11353=DIRECTION('ref_axis',(0.,0.,-1.));
#11354=DIRECTION('center_axis',(1.,0.,0.));
#11355=DIRECTION('ref_axis',(0.,0.,-1.));
#11356=DIRECTION('center_axis',(1.,0.,0.));
#11357=DIRECTION('ref_axis',(0.,0.,-1.));
#11358=DIRECTION('center_axis',(1.,0.,0.));
#11359=DIRECTION('ref_axis',(0.,0.,-1.));
#11360=DIRECTION('center_axis',(1.,0.,0.));
#11361=DIRECTION('ref_axis',(0.,0.,-1.));
#11362=DIRECTION('center_axis',(1.,0.,0.));
#11363=DIRECTION('ref_axis',(0.,0.,-1.));
#11364=DIRECTION('center_axis',(1.,0.,0.));
#11365=DIRECTION('ref_axis',(0.,0.,-1.));
#11366=DIRECTION('center_axis',(1.,0.,0.));
#11367=DIRECTION('ref_axis',(0.,0.,-1.));
#11368=DIRECTION('center_axis',(0.,-1.,-1.22464679914735E-16));
#11369=DIRECTION('ref_axis',(0.,-1.22464679914735E-16,1.));
#11370=DIRECTION('center_axis',(-1.,0.,0.));
#11371=DIRECTION('ref_axis',(0.,0.,1.));
#11372=DIRECTION('center_axis',(1.,0.,0.));
#11373=DIRECTION('ref_axis',(0.,0.,-1.));
#11374=DIRECTION('center_axis',(1.,0.,0.));
#11375=DIRECTION('ref_axis',(0.,0.,-1.));
#11376=DIRECTION('center_axis',(0.,-1.,-1.22464679914735E-16));
#11377=DIRECTION('ref_axis',(0.,-1.22464679914735E-16,1.));
#11378=DIRECTION('center_axis',(1.,0.,0.));
#11379=DIRECTION('ref_axis',(0.,0.,-1.));
#11380=DIRECTION('center_axis',(0.,0.642787609686539,-0.766044443118978));
#11381=DIRECTION('ref_axis',(0.,-0.766044443118978,-0.642787609686539));
#11382=DIRECTION('center_axis',(1.,0.,0.));
#11383=DIRECTION('ref_axis',(0.,0.173648177666932,0.984807753012208));
#11384=DIRECTION('center_axis',(0.,-0.984807753012208,-0.173648177666928));
#11385=DIRECTION('ref_axis',(0.,-0.173648177666928,0.984807753012208));
#11386=DIRECTION('center_axis',(0.,-0.866025403784437,0.500000000000002));
#11387=DIRECTION('ref_axis',(0.,0.500000000000002,0.866025403784438));
#11388=DIRECTION('center_axis',(1.,0.,0.));
#11389=DIRECTION('ref_axis',(0.,0.,-1.));
#11390=DIRECTION('center_axis',(0.,-0.342020143325668,0.939692620785909));
#11391=DIRECTION('ref_axis',(0.,0.939692620785909,0.342020143325668));
#11392=DIRECTION('center_axis',(1.,0.,0.));
#11393=DIRECTION('ref_axis',(0.,0.,-1.));
#11394=DIRECTION('center_axis',(0.,0.342020143325669,0.939692620785908));
#11395=DIRECTION('ref_axis',(0.,0.939692620785908,-0.342020143325669));
#11396=DIRECTION('center_axis',(1.,0.,0.));
#11397=DIRECTION('ref_axis',(0.,0.,-1.));
#11398=DIRECTION('center_axis',(0.,0.86602540378444,0.499999999999998));
#11399=DIRECTION('ref_axis',(0.,0.499999999999998,-0.86602540378444));
#11400=DIRECTION('center_axis',(1.,0.,0.));
#11401=DIRECTION('ref_axis',(0.,0.,-1.));
#11402=DIRECTION('center_axis',(0.,0.984807753012208,-0.173648177666928));
#11403=DIRECTION('ref_axis',(0.,-0.173648177666928,-0.984807753012208));
#11404=DIRECTION('center_axis',(1.,0.,0.));
#11405=DIRECTION('ref_axis',(0.,0.,-1.));
#11406=DIRECTION('center_axis',(1.,0.,0.));
#11407=DIRECTION('ref_axis',(0.,0.,-1.));
#11408=DIRECTION('axis',(0.,0.,1.));
#11409=DIRECTION('refdir',(1.,0.,0.));
#11410=DIRECTION('axis',(0.,0.,1.));
#11411=DIRECTION('refdir',(1.,0.,0.));
#11412=DIRECTION('',(0.,0.,1.));
#11413=DIRECTION('',(-1.,0.,0.));
#11414=DIRECTION('',(0.,1.22464679914735E-16,-1.));
#11415=DIRECTION('',(1.,3.28958691633518E-33,1.23259516440783E-32));
#11416=DIRECTION('',(0.,0.,-1.));
#11417=DIRECTION('',(1.,0.,0.));
#11418=DIRECTION('',(0.,0.,1.));
#11419=DIRECTION('',(-1.,0.,0.));
#11420=DIRECTION('',(0.,0.,1.));
#11421=DIRECTION('',(-1.,0.,0.));
#11422=DIRECTION('',(0.,0.,1.));
#11423=DIRECTION('',(-1.,0.,0.));
#11424=DIRECTION('',(0.,0.,1.));
#11425=DIRECTION('',(-1.,0.,0.));
#11426=DIRECTION('',(0.,0.,1.));
#11427=DIRECTION('',(-1.,0.,0.));
#11428=DIRECTION('',(0.,0.,1.));
#11429=DIRECTION('',(-1.,0.,0.));
#11430=DIRECTION('',(0.,0.,1.));
#11431=DIRECTION('',(-1.,0.,0.));
#11432=DIRECTION('',(0.,0.,1.));
#11433=DIRECTION('',(-1.,0.,0.));
#11434=DIRECTION('center_axis',(1.,0.,0.));
#11435=DIRECTION('ref_axis',(0.,1.,0.));
#11436=DIRECTION('',(0.,5.55111512312578E-17,-1.));
#11437=DIRECTION('',(0.,-1.,-5.55111512312579E-17));
#11438=DIRECTION('',(0.,-2.22044604925031E-16,1.));
#11439=DIRECTION('center_axis',(-1.,0.,0.));
#11440=DIRECTION('ref_axis',(0.,1.,0.));
#11441=DIRECTION('center_axis',(1.,0.,0.));
#11442=DIRECTION('ref_axis',(0.,1.,0.));
#11443=DIRECTION('center_axis',(1.,0.,0.));
#11444=DIRECTION('ref_axis',(0.,1.,0.));
#11445=DIRECTION('center_axis',(-1.,0.,0.));
#11446=DIRECTION('ref_axis',(0.,1.,0.));
#11447=DIRECTION('',(-1.,0.,0.));
#11448=DIRECTION('center_axis',(0.,5.55111512312579E-17,-1.));
#11449=DIRECTION('ref_axis',(0.,1.,5.55111512312579E-17));
#11450=DIRECTION('',(-1.,0.,0.));
#11451=DIRECTION('',(0.,1.,5.55111512312579E-17));
#11452=DIRECTION('',(1.,0.,0.));
#11453=DIRECTION('center_axis',(0.,-1.,-2.22044604925031E-16));
#11454=DIRECTION('ref_axis',(0.,2.22044604925031E-16,-1.));
#11455=DIRECTION('',(0.,2.22044604925031E-16,-1.));
#11456=DIRECTION('',(1.,0.,0.));
#11457=DIRECTION('center_axis',(1.,0.,0.));
#11458=DIRECTION('ref_axis',(0.,1.,0.));
#11459=DIRECTION('center_axis',(1.,0.,0.));
#11460=DIRECTION('ref_axis',(0.,1.,0.));
#11461=DIRECTION('',(1.,0.,0.));
#11462=DIRECTION('center_axis',(0.,1.,5.55111512312578E-17));
#11463=DIRECTION('ref_axis',(0.,-5.55111512312578E-17,1.));
#11464=DIRECTION('',(0.,-5.55111512312578E-17,1.));
#11465=DIRECTION('center_axis',(1.,0.,0.));
#11466=DIRECTION('ref_axis',(0.,1.,0.));
#11467=DIRECTION('center_axis',(0.,0.,-1.));
#11468=DIRECTION('ref_axis',(-1.,0.,0.));
#11469=DIRECTION('center_axis',(0.,2.22044604925031E-16,-1.));
#11470=DIRECTION('ref_axis',(-1.,0.,0.));
#11471=DIRECTION('',(0.,0.,-1.));
#11472=DIRECTION('center_axis',(0.,-1.66533453693774E-16,1.));
#11473=DIRECTION('ref_axis',(-1.,0.,0.));
#11474=DIRECTION('center_axis',(0.,1.,1.11022302462516E-16));
#11475=DIRECTION('ref_axis',(0.,1.11022302462516E-16,-1.));
#11476=DIRECTION('',(0.,1.11022302462516E-16,-1.));
#11477=DIRECTION('',(-1.,0.,0.));
#11478=DIRECTION('',(0.,1.11022302462516E-16,-1.));
#11479=DIRECTION('',(-1.,0.,0.));
#11480=DIRECTION('center_axis',(0.,-2.22044604925031E-16,1.));
#11481=DIRECTION('ref_axis',(0.,1.,2.22044604925031E-16));
#11482=DIRECTION('',(0.,-1.,-2.22044604925031E-16));
#11483=DIRECTION('',(0.,1.,2.22044604925031E-16));
#11484=DIRECTION('',(-1.,0.,0.));
#11485=DIRECTION('center_axis',(0.,-1.,-2.77555756156289E-16));
#11486=DIRECTION('ref_axis',(0.,-2.77555756156289E-16,1.));
#11487=DIRECTION('',(0.,-2.77555756156289E-16,1.));
#11488=DIRECTION('',(0.,-2.77555756156289E-16,1.));
#11489=DIRECTION('',(-1.,0.,0.));
#11490=DIRECTION('center_axis',(0.,1.66533453693774E-16,-1.));
#11491=DIRECTION('ref_axis',(0.,-1.,-1.66533453693774E-16));
#11492=DIRECTION('',(0.,-1.,-1.66533453693774E-16));
#11493=DIRECTION('',(0.,-1.,-1.66533453693774E-16));
#11494=DIRECTION('center_axis',(-1.,0.,0.));
#11495=DIRECTION('ref_axis',(0.,0.,1.));
#11496=DIRECTION('center_axis',(-1.,0.,0.));
#11497=DIRECTION('ref_axis',(0.,-1.,0.));
#11498=DIRECTION('',(0.,0.,1.));
#11499=DIRECTION('',(1.,0.,0.));
#11500=DIRECTION('axis',(0.,0.,1.));
#11501=DIRECTION('refdir',(1.,0.,0.));
#11502=DIRECTION('center_axis',(0.,1.,0.));
#11503=DIRECTION('ref_axis',(1.,0.,0.));
#11504=DIRECTION('center_axis',(0.,-1.,0.));
#11505=DIRECTION('ref_axis',(1.,0.,0.));
#11506=DIRECTION('center_axis',(0.,1.,0.));
#11507=DIRECTION('ref_axis',(1.,0.,0.));
#11508=DIRECTION('center_axis',(0.,1.,0.));
#11509=DIRECTION('ref_axis',(1.,0.,0.));
#11510=DIRECTION('center_axis',(0.,-1.,0.));
#11511=DIRECTION('ref_axis',(1.,0.,0.));
#11512=DIRECTION('',(0.,-1.,0.));
#11513=DIRECTION('center_axis',(0.,1.,0.));
#11514=DIRECTION('ref_axis',(1.,0.,0.));
#11515=DIRECTION('center_axis',(0.,1.,0.));
#11516=DIRECTION('ref_axis',(1.,0.,0.));
#11517=DIRECTION('',(0.,-1.,0.));
#11518=DIRECTION('center_axis',(0.,1.,0.));
#11519=DIRECTION('ref_axis',(1.,0.,0.));
#11520=DIRECTION('axis',(0.,0.,1.));
#11521=DIRECTION('refdir',(1.,0.,0.));
#11522=DIRECTION('center_axis',(0.,1.,0.));
#11523=DIRECTION('ref_axis',(1.,0.,0.));
#11524=DIRECTION('center_axis',(0.,-1.,0.));
#11525=DIRECTION('ref_axis',(1.,0.,0.));
#11526=DIRECTION('',(0.,0.,1.));
#11527=DIRECTION('',(-1.,0.,0.));
#11528=DIRECTION('',(5.55111512312578E-17,0.,-1.));
#11529=DIRECTION('center_axis',(0.,1.,0.));
#11530=DIRECTION('ref_axis',(1.,0.,0.));
#11531=DIRECTION('center_axis',(0.,1.,0.));
#11532=DIRECTION('ref_axis',(1.,0.,0.));
#11533=DIRECTION('center_axis',(0.,-1.,0.));
#11534=DIRECTION('ref_axis',(1.,0.,0.));
#11535=DIRECTION('',(0.,-1.,0.));
#11536=DIRECTION('center_axis',(1.,0.,0.));
#11537=DIRECTION('ref_axis',(0.,0.,-1.));
#11538=DIRECTION('',(0.,-1.,0.));
#11539=DIRECTION('',(0.,0.,-1.));
#11540=DIRECTION('',(0.,1.,0.));
#11541=DIRECTION('center_axis',(0.,0.,1.));
#11542=DIRECTION('ref_axis',(1.,0.,0.));
#11543=DIRECTION('',(1.,0.,0.));
#11544=DIRECTION('',(0.,1.,0.));
#11545=DIRECTION('center_axis',(-1.,0.,-5.55111512312578E-17));
#11546=DIRECTION('ref_axis',(-5.55111512312578E-17,0.,1.));
#11547=DIRECTION('',(-5.55111512312578E-17,0.,1.));
#11548=DIRECTION('',(0.,1.,0.));
#11549=DIRECTION('center_axis',(0.,1.,0.));
#11550=DIRECTION('ref_axis',(1.,0.,0.));
#11551=DIRECTION('center_axis',(0.,1.,0.));
#11552=DIRECTION('ref_axis',(1.,0.,0.));
#11553=DIRECTION('center_axis',(0.,1.,0.));
#11554=DIRECTION('ref_axis',(1.,0.,0.));
#11555=DIRECTION('center_axis',(0.,0.,1.));
#11556=DIRECTION('ref_axis',(-1.,0.,0.));
#11557=DIRECTION('center_axis',(0.,0.,1.));
#11558=DIRECTION('ref_axis',(-1.,0.,0.));
#11559=DIRECTION('',(0.,0.,-1.));
#11560=DIRECTION('center_axis',(0.,0.,1.));
#11561=DIRECTION('ref_axis',(-1.,0.,0.));
#11562=DIRECTION('center_axis',(0.,0.,1.));
#11563=DIRECTION('ref_axis',(-1.,0.,0.));
#11564=DIRECTION('center_axis',(0.,0.,1.));
#11565=DIRECTION('ref_axis',(-1.,0.,0.));
#11566=DIRECTION('',(0.,0.,1.));
#11567=DIRECTION('',(1.,0.,0.));
#11568=DIRECTION('',(8.38247890145558E-17,3.96620925904835E-17,1.0000000000001));
#11569=DIRECTION('',(0.999979628855267,0.00638293619338594,-8.40762420139401E-17));
#11570=DIRECTION('',(7.34712752483702E-17,9.22345563515658E-17,1.));
#11571=DIRECTION('',(0.00638293619338595,-0.999979628855284,9.17637149661131E-17));
#11572=DIRECTION('',(1.10676587742189E-17,2.75536904945344E-16,1.));
#11573=DIRECTION('',(-0.00638293619338588,0.999979628855284,-2.75460647783412E-16));
#11574=CARTESIAN_POINT('',(0.,0.,0.));
#11575=CARTESIAN_POINT('',(0.,0.,0.));
#11576=CARTESIAN_POINT('',(0.,0.,0.));
#11577=CARTESIAN_POINT('',(0.,0.,0.));
#11578=CARTESIAN_POINT('Origin',(-0.021,-0.021,0.0227));
#11579=CARTESIAN_POINT('',(-0.0135857864376269,-0.021,0.0227));
#11580=CARTESIAN_POINT('',(0.0135857864376269,-0.021,0.0227));
#11581=CARTESIAN_POINT('',(-0.021,-0.021,0.0227));
#11582=CARTESIAN_POINT('',(-0.0135857864376269,-0.021,0.));
#11583=CARTESIAN_POINT('',(-0.0135857864376269,-0.021,0.));
#11584=CARTESIAN_POINT('',(0.0135857864376269,-0.021,0.));
#11585=CARTESIAN_POINT('',(-0.021,-0.021,0.));
#11586=CARTESIAN_POINT('',(0.0135857864376269,-0.021,0.0227));
#11587=CARTESIAN_POINT('Origin',(0.021,-0.021,0.0227));
#11588=CARTESIAN_POINT('',(0.021,-0.0135857864376269,0.));
#11589=CARTESIAN_POINT('',(0.021,0.0135857864376269,0.));
#11590=CARTESIAN_POINT('',(0.021,-0.021,0.));
#11591=CARTESIAN_POINT('',(0.021,0.0135857864376269,0.0227));
#11592=CARTESIAN_POINT('',(0.021,0.0135857864376269,0.0227));
#11593=CARTESIAN_POINT('',(0.021,-0.0135857864376269,0.0227));
#11594=CARTESIAN_POINT('',(0.021,-0.021,0.0227));
#11595=CARTESIAN_POINT('',(0.021,-0.0135857864376269,0.));
#11596=CARTESIAN_POINT('Origin',(0.021,0.021,0.0227));
#11597=CARTESIAN_POINT('',(0.0135857864376269,0.021,0.0227));
#11598=CARTESIAN_POINT('',(-0.0135857864376269,0.021,0.0227));
#11599=CARTESIAN_POINT('',(0.021,0.021,0.0227));
#11600=CARTESIAN_POINT('',(0.0135857864376269,0.021,0.));
#11601=CARTESIAN_POINT('',(0.0135857864376269,0.021,0.));
#11602=CARTESIAN_POINT('',(-0.0135857864376269,0.021,0.));
#11603=CARTESIAN_POINT('',(0.021,0.021,0.));
#11604=CARTESIAN_POINT('',(-0.0135857864376269,0.021,0.0227));
#11605=CARTESIAN_POINT('Origin',(-0.021,0.021,0.0227));
#11606=CARTESIAN_POINT('',(-0.021,0.0135857864376269,0.0227));
#11607=CARTESIAN_POINT('',(-0.021,-0.0135857864376269,0.0227));
#11608=CARTESIAN_POINT('',(-0.021,0.021,0.0227));
#11609=CARTESIAN_POINT('',(-0.021,0.0135857864376269,0.));
#11610=CARTESIAN_POINT('',(-0.021,0.0135857864376269,0.));
#11611=CARTESIAN_POINT('',(-0.021,-0.0135857864376269,0.));
#11612=CARTESIAN_POINT('',(-0.021,0.021,0.));
#11613=CARTESIAN_POINT('',(-0.021,-0.0135857864376269,0.0227));
#11614=CARTESIAN_POINT('Origin',(0.,0.,0.0227));
#11615=CARTESIAN_POINT('',(0.0207071067811866,0.0142928932188135,0.0227));
#11616=CARTESIAN_POINT('',(0.0142928932188135,0.0207071067811865,0.0227));
#11617=CARTESIAN_POINT('',(0.0175,0.0175,0.0227));
#11618=CARTESIAN_POINT('Origin',(0.0135857864376269,0.02,0.0227));
#11619=CARTESIAN_POINT('',(-0.0142928932188135,0.0207071067811866,0.0227));
#11620=CARTESIAN_POINT('Origin',(-0.0135857864376269,0.02,0.0227));
#11621=CARTESIAN_POINT('',(-0.0207071067811865,0.0142928932188135,0.0227));
#11622=CARTESIAN_POINT('',(-0.0175,0.0175,0.0227));
#11623=CARTESIAN_POINT('Origin',(-0.02,0.0135857864376269,0.0227));
#11624=CARTESIAN_POINT('',(-0.0207071067811866,-0.0142928932188135,0.0227));
#11625=CARTESIAN_POINT('Origin',(-0.02,-0.0135857864376269,0.0227));
#11626=CARTESIAN_POINT('',(-0.0142928932188135,-0.0207071067811865,0.0227));
#11627=CARTESIAN_POINT('',(-0.0175,-0.0175,0.0227));
#11628=CARTESIAN_POINT('Origin',(-0.0135857864376269,-0.02,0.0227));
#11629=CARTESIAN_POINT('',(0.0142928932188135,-0.0207071067811866,0.0227));
#11630=CARTESIAN_POINT('Origin',(0.0135857864376269,-0.02,0.0227));
#11631=CARTESIAN_POINT('',(0.0207071067811865,-0.0142928932188135,0.0227));
#11632=CARTESIAN_POINT('',(0.0175,-0.0175,0.0227));
#11633=CARTESIAN_POINT('Origin',(0.02,-0.0135857864376269,0.0227));
#11634=CARTESIAN_POINT('Origin',(0.02,0.0135857864376269,0.0227));
#11635=CARTESIAN_POINT('',(-0.0025,0.,0.0227));
#11636=CARTESIAN_POINT('Origin',(0.,0.,0.0227));
#11637=CARTESIAN_POINT('',(0.0142705,0.0155,0.0227));
#11638=CARTESIAN_POINT('Origin',(0.0155,0.0155,0.0227));
#11639=CARTESIAN_POINT('',(-0.0167295,0.0155,0.0227));
#11640=CARTESIAN_POINT('Origin',(-0.0155,0.0155,0.0227));
#11641=CARTESIAN_POINT('',(-0.0167295,-0.0155,0.0227));
#11642=CARTESIAN_POINT('Origin',(-0.0155,-0.0155,0.0227));
#11643=CARTESIAN_POINT('',(0.0142705,-0.0155,0.0227));
#11644=CARTESIAN_POINT('Origin',(0.0155,-0.0155,0.0227));
#11645=CARTESIAN_POINT('Origin',(0.,0.,0.));
#11646=CARTESIAN_POINT('',(0.0142928932188135,0.0207071067811865,0.));
#11647=CARTESIAN_POINT('Origin',(0.0135857864376269,0.02,0.));
#11648=CARTESIAN_POINT('',(0.0207071067811866,0.0142928932188135,0.));
#11649=CARTESIAN_POINT('',(0.014,0.021,0.));
#11650=CARTESIAN_POINT('Origin',(0.02,0.0135857864376269,0.));
#11651=CARTESIAN_POINT('',(0.0207071067811865,-0.0142928932188135,0.));
#11652=CARTESIAN_POINT('Origin',(0.02,-0.0135857864376269,0.));
#11653=CARTESIAN_POINT('',(0.0142928932188135,-0.0207071067811866,0.));
#11654=CARTESIAN_POINT('',(0.021,-0.014,0.));
#11655=CARTESIAN_POINT('Origin',(0.0135857864376269,-0.02,0.));
#11656=CARTESIAN_POINT('',(-0.0142928932188135,-0.0207071067811865,0.));
#11657=CARTESIAN_POINT('Origin',(-0.0135857864376269,-0.02,0.));
#11658=CARTESIAN_POINT('',(-0.0207071067811866,-0.0142928932188135,0.));
#11659=CARTESIAN_POINT('',(-0.014,-0.021,0.));
#11660=CARTESIAN_POINT('Origin',(-0.02,-0.0135857864376269,0.));
#11661=CARTESIAN_POINT('',(-0.0207071067811865,0.0142928932188135,0.));
#11662=CARTESIAN_POINT('Origin',(-0.02,0.0135857864376269,0.));
#11663=CARTESIAN_POINT('',(-0.0142928932188135,0.0207071067811866,0.));
#11664=CARTESIAN_POINT('',(-0.021,0.014,0.));
#11665=CARTESIAN_POINT('Origin',(-0.0135857864376269,0.02,0.));
#11666=CARTESIAN_POINT('',(-0.0025,-3.06161699786838E-19,0.));
#11667=CARTESIAN_POINT('Origin',(0.,0.,0.));
#11668=CARTESIAN_POINT('',(0.0142705,0.0155,0.));
#11669=CARTESIAN_POINT('Origin',(0.0155,0.0155,0.));
#11670=CARTESIAN_POINT('',(-0.0167295,0.0155,0.));
#11671=CARTESIAN_POINT('Origin',(-0.0155,0.0155,0.));
#11672=CARTESIAN_POINT('',(-0.0167295,-0.0155,0.));
#11673=CARTESIAN_POINT('Origin',(-0.0155,-0.0155,0.));
#11674=CARTESIAN_POINT('',(0.0142705,-0.0155,0.));
#11675=CARTESIAN_POINT('Origin',(0.0155,-0.0155,0.));
#11676=CARTESIAN_POINT('Origin',(-0.021,0.014,0.0227));
#11677=CARTESIAN_POINT('',(-0.0142928932188135,0.0207071067811866,0.));
#11678=CARTESIAN_POINT('',(-0.0207071067811865,0.0142928932188135,0.0227));
#11679=CARTESIAN_POINT('Origin',(0.014,0.021,0.0227));
#11680=CARTESIAN_POINT('',(0.0142928932188135,0.0207071067811865,0.0227));
#11681=CARTESIAN_POINT('',(0.0207071067811866,0.0142928932188135,0.));
#11682=CARTESIAN_POINT('Origin',(0.021,-0.014,0.0227));
#11683=CARTESIAN_POINT('',(0.0207071067811865,-0.0142928932188135,0.0227));
#11684=CARTESIAN_POINT('',(0.0142928932188135,-0.0207071067811866,0.));
#11685=CARTESIAN_POINT('Origin',(-0.014,-0.021,0.0227));
#11686=CARTESIAN_POINT('',(-0.0207071067811866,-0.0142928932188135,0.));
#11687=CARTESIAN_POINT('',(-0.0142928932188135,-0.0207071067811865,0.0227));
#11688=CARTESIAN_POINT('Origin',(0.0155,-0.0155,-0.0408868697138018));
#11689=CARTESIAN_POINT('',(0.0142705,-0.0155,-0.0408868697138018));
#11690=CARTESIAN_POINT('Origin',(-0.0155,-0.0155,-0.0408868697138018));
#11691=CARTESIAN_POINT('',(-0.0167295,-0.0155,-0.0408868697138018));
#11692=CARTESIAN_POINT('Origin',(-0.0155,0.0155,-0.0408868697138018));
#11693=CARTESIAN_POINT('',(-0.0167295,0.0155,-0.0408868697138018));
#11694=CARTESIAN_POINT('Origin',(0.0155,0.0155,-0.0408868697138018));
#11695=CARTESIAN_POINT('',(0.0142705,0.0155,-0.0408868697138018));
#11696=CARTESIAN_POINT('Origin',(0.,0.,-0.030585405320225));
#11697=CARTESIAN_POINT('',(-0.0025,-3.06161699786838E-19,-0.030585405320225));
#11698=CARTESIAN_POINT('Origin',(0.0135857864376269,0.02,0.0227));
#11699=CARTESIAN_POINT('Origin',(-0.0135857864376269,0.02,0.0227));
#11700=CARTESIAN_POINT('Origin',(-0.02,0.0135857864376269,0.0227));
#11701=CARTESIAN_POINT('Origin',(-0.02,-0.0135857864376269,0.0227));
#11702=CARTESIAN_POINT('Origin',(-0.0135857864376269,-0.02,0.0227));
#11703=CARTESIAN_POINT('Origin',(0.02,0.0135857864376269,0.0227));
#11704=CARTESIAN_POINT('Origin',(0.02,-0.0135857864376269,0.0227));
#11705=CARTESIAN_POINT('Origin',(0.0135857864376269,-0.02,0.0227));
#11706=CARTESIAN_POINT('',(0.,0.,0.));
#11707=CARTESIAN_POINT('Origin',(0.021,-0.0095,-0.021));
#11708=CARTESIAN_POINT('',(0.021,-0.0068,0.0065));
#11709=CARTESIAN_POINT('',(0.021,-0.0095,0.0065));
#11710=CARTESIAN_POINT('',(0.021,-0.0068,0.0065));
#11711=CARTESIAN_POINT('',(0.021,-0.0068,-0.0065));
#11712=CARTESIAN_POINT('',(0.021,-0.0068,-0.0065));
#11713=CARTESIAN_POINT('',(0.021,-0.0095,-0.0065));
#11714=CARTESIAN_POINT('',(0.021,-0.0068,-0.0065));
#11715=CARTESIAN_POINT('',(0.021,-0.0095,-0.0175));
#11716=CARTESIAN_POINT('',(0.021,-0.0095,-0.021));
#11717=CARTESIAN_POINT('',(0.021,0.,-0.0175));
#11718=CARTESIAN_POINT('',(0.021,-0.0095,-0.0175));
#11719=CARTESIAN_POINT('',(0.021,0.,0.0175));
#11720=CARTESIAN_POINT('',(0.021,0.,-0.021));
#11721=CARTESIAN_POINT('',(0.021,-0.0095,0.0175));
#11722=CARTESIAN_POINT('',(0.021,-0.0095,0.0175));
#11723=CARTESIAN_POINT('',(0.021,-0.0095,-0.021));
#11724=CARTESIAN_POINT('Origin',(0.021,-0.0095,0.021));
#11725=CARTESIAN_POINT('',(0.0175,0.,0.021));
#11726=CARTESIAN_POINT('',(-0.0175,0.,0.021));
#11727=CARTESIAN_POINT('',(0.021,0.,0.021));
#11728=CARTESIAN_POINT('',(-0.0175,-0.0095,0.021));
#11729=CARTESIAN_POINT('',(-0.0175,-0.0095,0.021));
#11730=CARTESIAN_POINT('',(0.0175,-0.0095,0.021));
#11731=CARTESIAN_POINT('',(0.021,-0.0095,0.021));
#11732=CARTESIAN_POINT('',(0.0175,-0.0095,0.021));
#11733=CARTESIAN_POINT('Origin',(-0.021,-0.0095,0.021));
#11734=CARTESIAN_POINT('',(-0.021,0.,0.0175));
#11735=CARTESIAN_POINT('',(-0.021,0.,-0.0175));
#11736=CARTESIAN_POINT('',(-0.021,0.,0.021));
#11737=CARTESIAN_POINT('',(-0.021,-0.0095,-0.0175));
#11738=CARTESIAN_POINT('',(-0.021,-0.0095,-0.0175));
#11739=CARTESIAN_POINT('',(-0.021,-0.0095,0.0175));
#11740=CARTESIAN_POINT('',(-0.021,-0.0095,0.021));
#11741=CARTESIAN_POINT('',(-0.021,-0.0095,0.0175));
#11742=CARTESIAN_POINT('Origin',(-0.021,-0.0095,-0.021));
#11743=CARTESIAN_POINT('',(-0.0175,0.,-0.021));
#11744=CARTESIAN_POINT('',(0.0175,0.,-0.021));
#11745=CARTESIAN_POINT('',(-0.021,0.,-0.021));
#11746=CARTESIAN_POINT('',(0.0175,-0.0095,-0.021));
#11747=CARTESIAN_POINT('',(0.0175,-0.0095,-0.021));
#11748=CARTESIAN_POINT('',(-0.0175,-0.0095,-0.021));
#11749=CARTESIAN_POINT('',(-0.021,-0.0095,-0.021));
#11750=CARTESIAN_POINT('',(-0.0175,-0.0095,-0.021));
#11751=CARTESIAN_POINT('Origin',(0.,-0.0095,0.));
#11752=CARTESIAN_POINT('',(0.01925,-0.0095,-0.01925));
#11753=CARTESIAN_POINT('',(0.025,-0.0095,-0.0065));
#11754=CARTESIAN_POINT('',(0.025,-0.0095,-0.0065));
#11755=CARTESIAN_POINT('',(0.025,-0.0095,0.0065));
#11756=CARTESIAN_POINT('',(0.025,-0.0095,-0.0065));
#11757=CARTESIAN_POINT('',(0.025,-0.0095,0.0065));
#11758=CARTESIAN_POINT('',(0.01925,-0.0095,0.01925));
#11759=CARTESIAN_POINT('',(-0.01925,-0.0095,0.01925));
#11760=CARTESIAN_POINT('',(-0.01925,-0.0095,-0.01925));
#11761=CARTESIAN_POINT('',(0.0155,-0.0095,-0.012));
#11762=CARTESIAN_POINT('Origin',(0.0155,-0.0095,-0.0155));
#11763=CARTESIAN_POINT('',(-0.0155,-0.0095,-0.012));
#11764=CARTESIAN_POINT('Origin',(-0.0155,-0.0095,-0.0155));
#11765=CARTESIAN_POINT('',(-0.0155,-0.0095,0.019));
#11766=CARTESIAN_POINT('Origin',(-0.0155,-0.0095,0.0155));
#11767=CARTESIAN_POINT('',(0.0155,-0.0095,0.019));
#11768=CARTESIAN_POINT('Origin',(0.0155,-0.0095,0.0155));
#11769=CARTESIAN_POINT('',(-6.12323399573677E-19,-0.0095,0.005));
#11770=CARTESIAN_POINT('Origin',(0.,-0.0095,8.67361737988404E-19));
#11771=CARTESIAN_POINT('Origin',(0.,0.,0.));
#11772=CARTESIAN_POINT('',(0.021,0.,-0.0175));
#11773=CARTESIAN_POINT('',(-0.0175,0.,-0.021));
#11774=CARTESIAN_POINT('',(-0.021,0.,0.0175));
#11775=CARTESIAN_POINT('',(0.0175,0.,0.021));
#11776=CARTESIAN_POINT('',(0.0155,0.,-0.0139));
#11777=CARTESIAN_POINT('Origin',(0.0155,0.,-0.0155));
#11778=CARTESIAN_POINT('',(-0.0155,0.,-0.0139));
#11779=CARTESIAN_POINT('Origin',(-0.0155,0.,-0.0155));
#11780=CARTESIAN_POINT('',(-0.0155,0.,0.0171));
#11781=CARTESIAN_POINT('Origin',(-0.0155,0.,0.0155));
#11782=CARTESIAN_POINT('',(0.0155,0.,0.0171));
#11783=CARTESIAN_POINT('Origin',(0.0155,0.,0.0155));
#11784=CARTESIAN_POINT('',(-6.12323399573677E-19,0.,0.005));
#11785=CARTESIAN_POINT('Origin',(0.,0.,8.67361737988404E-19));
#11786=CARTESIAN_POINT('Origin',(0.021,-0.0095,-0.0175));
#11787=CARTESIAN_POINT('Origin',(-0.0175,-0.0095,-0.021));
#11788=CARTESIAN_POINT('Origin',(-0.021,-0.0095,0.0175));
#11789=CARTESIAN_POINT('Origin',(0.0175,-0.0095,0.021));
#11790=CARTESIAN_POINT('Origin',(0.,0.0798518036362894,8.67361737988404E-19));
#11791=CARTESIAN_POINT('',(-6.12323399573677E-19,0.0798518036362894,0.005));
#11792=CARTESIAN_POINT('Origin',(0.025,-0.0068,-0.0065));
#11793=CARTESIAN_POINT('',(0.025,-0.0068,-0.0065));
#11794=CARTESIAN_POINT('',(0.025,-0.0068,-0.0065));
#11795=CARTESIAN_POINT('',(0.025,-0.0068,-0.0065));
#11796=CARTESIAN_POINT('Origin',(0.025,-0.0068,0.0065));
#11797=CARTESIAN_POINT('',(0.025,-0.0068,0.0065));
#11798=CARTESIAN_POINT('',(0.025,-0.0068,0.0065));
#11799=CARTESIAN_POINT('',(0.025,-0.0068,0.0065));
#11800=CARTESIAN_POINT('Origin',(0.025,-0.0068,-0.0065));
#11801=CARTESIAN_POINT('',(0.025,-0.0068,-0.0065));
#11802=CARTESIAN_POINT('Origin',(0.,-0.0068,0.));
#11803=CARTESIAN_POINT('Origin',(0.0155,0.0564099198539405,0.0155));
#11804=CARTESIAN_POINT('',(0.0155,-0.0066,0.0171));
#11805=CARTESIAN_POINT('',(0.0155,0.0564099198539405,0.0171));
#11806=CARTESIAN_POINT('Origin',(0.0155,-0.0066,0.0155));
#11807=CARTESIAN_POINT('Origin',(0.0155,-0.0066,0.0155));
#11808=CARTESIAN_POINT('',(0.0155,-0.0066,0.019));
#11809=CARTESIAN_POINT('Origin',(0.0155,-0.0066,0.0155));
#11810=CARTESIAN_POINT('Origin',(0.0155,-0.0095,0.0155));
#11811=CARTESIAN_POINT('',(0.0155,-0.0095,0.019));
#11812=CARTESIAN_POINT('Origin',(-0.0155,0.0564099198539405,0.0155));
#11813=CARTESIAN_POINT('',(-0.0155,-0.0066,0.0171));
#11814=CARTESIAN_POINT('',(-0.0155,0.0564099198539405,0.0171));
#11815=CARTESIAN_POINT('Origin',(-0.0155,-0.0066,0.0155));
#11816=CARTESIAN_POINT('Origin',(-0.0155,-0.0066,0.0155));
#11817=CARTESIAN_POINT('',(-0.0155,-0.0066,0.019));
#11818=CARTESIAN_POINT('Origin',(-0.0155,-0.0066,0.0155));
#11819=CARTESIAN_POINT('Origin',(-0.0155,-0.0095,0.0155));
#11820=CARTESIAN_POINT('',(-0.0155,-0.0095,0.019));
#11821=CARTESIAN_POINT('Origin',(-0.0155,0.0564099198539405,-0.0155));
#11822=CARTESIAN_POINT('',(-0.0155,-0.0066,-0.0139));
#11823=CARTESIAN_POINT('',(-0.0155,0.0564099198539405,-0.0139));
#11824=CARTESIAN_POINT('Origin',(-0.0155,-0.0066,-0.0155));
#11825=CARTESIAN_POINT('Origin',(-0.0155,-0.0066,-0.0155));
#11826=CARTESIAN_POINT('',(-0.0155,-0.0066,-0.012));
#11827=CARTESIAN_POINT('Origin',(-0.0155,-0.0066,-0.0155));
#11828=CARTESIAN_POINT('Origin',(-0.0155,-0.0095,-0.0155));
#11829=CARTESIAN_POINT('',(-0.0155,-0.0095,-0.012));
#11830=CARTESIAN_POINT('Origin',(0.0155,0.0564099198539405,-0.0155));
#11831=CARTESIAN_POINT('',(0.0155,-0.0066,-0.0139));
#11832=CARTESIAN_POINT('',(0.0155,0.0564099198539405,-0.0139));
#11833=CARTESIAN_POINT('Origin',(0.0155,-0.0066,-0.0155));
#11834=CARTESIAN_POINT('Origin',(0.0155,-0.0066,-0.0155));
#11835=CARTESIAN_POINT('',(0.0155,-0.0066,-0.012));
#11836=CARTESIAN_POINT('Origin',(0.0155,-0.0066,-0.0155));
#11837=CARTESIAN_POINT('Origin',(0.0155,-0.0095,-0.0155));
#11838=CARTESIAN_POINT('',(0.0155,-0.0095,-0.012));
#11839=CARTESIAN_POINT('',(0.,0.,0.));
#11840=CARTESIAN_POINT('Origin',(0.0175,0.021,0.0076));
#11841=CARTESIAN_POINT('',(0.021,0.0175,0.));
#11842=CARTESIAN_POINT('',(0.0175,0.021,0.));
#11843=CARTESIAN_POINT('',(0.0175,0.021,0.));
#11844=CARTESIAN_POINT('',(0.0175,0.021,0.0076));
#11845=CARTESIAN_POINT('',(0.0175,0.021,0.0076));
#11846=CARTESIAN_POINT('',(0.021,0.0175,0.0076));
#11847=CARTESIAN_POINT('',(0.0175,0.021,0.0076));
#11848=CARTESIAN_POINT('',(0.021,0.0175,0.0076));
#11849=CARTESIAN_POINT('Origin',(0.0175,0.021,0.0076));
#11850=CARTESIAN_POINT('',(-0.0175,0.021,0.));
#11851=CARTESIAN_POINT('',(0.0175,0.021,0.));
#11852=CARTESIAN_POINT('',(-0.0175,0.021,0.0076));
#11853=CARTESIAN_POINT('',(-0.0175,0.021,0.0076));
#11854=CARTESIAN_POINT('',(0.0175,0.021,0.0076));
#11855=CARTESIAN_POINT('Origin',(-0.021,0.0175,0.0076));
#11856=CARTESIAN_POINT('',(-0.021,0.0175,0.));
#11857=CARTESIAN_POINT('',(-0.021,0.0175,0.));
#11858=CARTESIAN_POINT('',(-0.021,0.0175,0.0076));
#11859=CARTESIAN_POINT('',(-0.021,0.0175,0.0076));
#11860=CARTESIAN_POINT('',(-0.021,0.0175,0.0076));
#11861=CARTESIAN_POINT('Origin',(-0.021,0.0175,0.0076));
#11862=CARTESIAN_POINT('',(-0.021,-0.0175,0.));
#11863=CARTESIAN_POINT('',(-0.021,0.0175,0.));
#11864=CARTESIAN_POINT('',(-0.021,-0.0175,0.0076));
#11865=CARTESIAN_POINT('',(-0.021,-0.0175,0.0076));
#11866=CARTESIAN_POINT('',(-0.021,0.0175,0.0076));
#11867=CARTESIAN_POINT('Origin',(-0.021,-0.0175,0.0076));
#11868=CARTESIAN_POINT('',(-0.0175,-0.021,0.));
#11869=CARTESIAN_POINT('',(-0.021,-0.0175,0.));
#11870=CARTESIAN_POINT('',(-0.0175,-0.021,0.0076));
#11871=CARTESIAN_POINT('',(-0.0175,-0.021,0.0076));
#11872=CARTESIAN_POINT('',(-0.021,-0.0175,0.0076));
#11873=CARTESIAN_POINT('Origin',(-0.0175,-0.021,0.0076));
#11874=CARTESIAN_POINT('',(0.0175,-0.021,0.));
#11875=CARTESIAN_POINT('',(-0.0175,-0.021,0.));
#11876=CARTESIAN_POINT('',(0.0175,-0.021,0.0076));
#11877=CARTESIAN_POINT('',(0.0175,-0.021,0.0076));
#11878=CARTESIAN_POINT('',(-0.0175,-0.021,0.0076));
#11879=CARTESIAN_POINT('Origin',(0.0175,-0.021,0.0076));
#11880=CARTESIAN_POINT('',(0.021,-0.0175,0.));
#11881=CARTESIAN_POINT('',(0.0175,-0.021,0.));
#11882=CARTESIAN_POINT('',(0.021,-0.0175,0.0076));
#11883=CARTESIAN_POINT('',(0.021,-0.0175,0.0076));
#11884=CARTESIAN_POINT('',(0.0175,-0.021,0.0076));
#11885=CARTESIAN_POINT('Origin',(0.021,-0.0175,0.0076));
#11886=CARTESIAN_POINT('',(0.021,-0.0175,0.));
#11887=CARTESIAN_POINT('',(0.021,-0.0175,0.0076));
#11888=CARTESIAN_POINT('Origin',(0.,0.,0.0076));
#11889=CARTESIAN_POINT('',(-0.0167295,-0.0155,0.0076));
#11890=CARTESIAN_POINT('Origin',(-0.0155,-0.0155,0.0076));
#11891=CARTESIAN_POINT('',(0.0142705,-0.0155,0.0076));
#11892=CARTESIAN_POINT('Origin',(0.0155,-0.0155,0.0076));
#11893=CARTESIAN_POINT('',(0.0142705,0.0155,0.0076));
#11894=CARTESIAN_POINT('Origin',(0.0155,0.0155,0.0076));
#11895=CARTESIAN_POINT('',(-0.0167295,0.0155,0.0076));
#11896=CARTESIAN_POINT('Origin',(-0.0155,0.0155,0.0076));
#11897=CARTESIAN_POINT('',(0.011,3.69248282743635E-18,0.0076));
#11898=CARTESIAN_POINT('Origin',(3.46944695195361E-18,2.60208521396521E-18,
0.0076));
#11899=CARTESIAN_POINT('Origin',(0.,0.,0.));
#11900=CARTESIAN_POINT('',(-0.0167295,-0.0155,0.));
#11901=CARTESIAN_POINT('Origin',(-0.0155,-0.0155,0.));
#11902=CARTESIAN_POINT('',(0.0142705,-0.0155,0.));
#11903=CARTESIAN_POINT('Origin',(0.0155,-0.0155,0.));
#11904=CARTESIAN_POINT('',(0.0142705,0.0155,0.));
#11905=CARTESIAN_POINT('Origin',(0.0155,0.0155,0.));
#11906=CARTESIAN_POINT('',(-0.0167295,0.0155,0.));
#11907=CARTESIAN_POINT('Origin',(-0.0155,0.0155,0.));
#11908=CARTESIAN_POINT('',(-0.005,1.98976181439153E-18,0.));
#11909=CARTESIAN_POINT('Origin',(3.46944695195361E-18,2.60208521396521E-18,
0.));
#11910=CARTESIAN_POINT('Origin',(3.46944695195361E-18,2.60208521396521E-18,
0.0096));
#11911=CARTESIAN_POINT('',(0.011,3.69248282743635E-18,0.0096));
#11912=CARTESIAN_POINT('',(0.011,1.25497373490312E-18,0.0096));
#11913=CARTESIAN_POINT('Origin',(3.46944695195361E-18,2.60208521396521E-18,
0.0096));
#11914=CARTESIAN_POINT('Origin',(3.46944695195361E-18,2.60208521396521E-18,
0.0096));
#11915=CARTESIAN_POINT('',(-0.005,1.98976181439153E-18,0.0096));
#11916=CARTESIAN_POINT('Origin',(3.46944695195361E-18,2.60208521396521E-18,
0.0096));
#11917=CARTESIAN_POINT('Origin',(3.46944695195361E-18,2.60208521396521E-18,
-0.0315634116149906));
#11918=CARTESIAN_POINT('',(-0.005,1.98976181439153E-18,-0.0315634116149906));
#11919=CARTESIAN_POINT('Origin',(-0.0155,0.0155,-0.052567765456264));
#11920=CARTESIAN_POINT('',(-0.0167295,0.0155,-0.052567765456264));
#11921=CARTESIAN_POINT('Origin',(0.0155,0.0155,-0.052567765456264));
#11922=CARTESIAN_POINT('',(0.0142705,0.0155,-0.052567765456264));
#11923=CARTESIAN_POINT('Origin',(0.0155,-0.0155,-0.052567765456264));
#11924=CARTESIAN_POINT('',(0.0142705,-0.0155,-0.052567765456264));
#11925=CARTESIAN_POINT('Origin',(-0.0155,-0.0155,-0.052567765456264));
#11926=CARTESIAN_POINT('',(-0.0167295,-0.0155,-0.052567765456264));
#11927=CARTESIAN_POINT('',(0.,0.,0.));
#11928=CARTESIAN_POINT('Origin',(0.,0.,0.));
#11929=CARTESIAN_POINT('',(-4.99999999999998E-5,0.,6.12323399573675E-21));
#11930=CARTESIAN_POINT('Origin',(0.,0.,0.));
#11931=CARTESIAN_POINT('Origin',(2.16840434497101E-19,-0.00354142135623731,
0.));
#11932=CARTESIAN_POINT('',(-4.99999999999997E-5,-0.0034,6.12323399573675E-21));
#11933=CARTESIAN_POINT('Origin',(2.16840434497101E-19,-0.0034,0.));
#11934=CARTESIAN_POINT('',(-4.99999999999997E-5,-0.00354142135623731,6.12323399573675E-21));
#11935=CARTESIAN_POINT('Origin',(0.00805,-0.0034,0.000150000000000002));
#11936=CARTESIAN_POINT('',(0.01015,-0.0034,0.000150000000000002));
#11937=CARTESIAN_POINT('',(0.01025,-0.0033,0.00025));
#11938=CARTESIAN_POINT('',(0.00906666666666667,-0.00448333333333334,-0.000933333333333333));
#11939=CARTESIAN_POINT('',(0.00975,-0.0033,0.00025));
#11940=CARTESIAN_POINT('',(0.01025,-0.0033,0.00025));
#11941=CARTESIAN_POINT('',(0.00985,-0.0034,0.000150000000000002));
#11942=CARTESIAN_POINT('',(0.0109333333333333,-0.00448333333333334,-0.000933333333333336));
#11943=CARTESIAN_POINT('',(0.00975,-0.0034,0.000150000000000002));
#11944=CARTESIAN_POINT('Origin',(0.00985,-0.0034,-0.0031));
#11945=CARTESIAN_POINT('',(0.00975,-0.0033,-0.00025));
#11946=CARTESIAN_POINT('',(0.00985,-0.0034,-0.000150000000000002));
#11947=CARTESIAN_POINT('',(0.00886666666666667,-0.00241666666666666,-0.00113333333333334));
#11948=CARTESIAN_POINT('',(0.00985,-0.0034,-0.00025));
#11949=CARTESIAN_POINT('',(0.00975,-0.0033,0.00025));
#11950=CARTESIAN_POINT('Origin',(0.01015,-0.0034,-0.0031));
#11951=CARTESIAN_POINT('',(0.01015,-0.0034,-0.000150000000000002));
#11952=CARTESIAN_POINT('',(0.01025,-0.0033,-0.00025));
#11953=CARTESIAN_POINT('',(0.00945,-0.0041,0.000549999999999998));
#11954=CARTESIAN_POINT('',(0.01025,-0.0033,-0.00025));
#11955=CARTESIAN_POINT('',(0.01015,-0.0034,0.00025));
#11956=CARTESIAN_POINT('Origin',(0.00805,-0.0034,-0.000150000000000002));
#11957=CARTESIAN_POINT('',(0.00975,-0.0033,-0.00025));
#11958=CARTESIAN_POINT('',(0.01025,-0.0034,-0.000150000000000002));
#11959=CARTESIAN_POINT('Origin',(0.00999999999999999,0.00285,-0.00515));
#11960=CARTESIAN_POINT('',(0.00975,0.00285,-0.00515));
#11961=CARTESIAN_POINT('',(0.00985,0.00295,-0.00525));
#11962=CARTESIAN_POINT('',(0.00961666666666667,0.00271666666666667,-0.00501666666666667));
#11963=CARTESIAN_POINT('',(0.01015,0.00295,-0.00525));
#11964=CARTESIAN_POINT('',(0.00805,0.00295,-0.00525));
#11965=CARTESIAN_POINT('',(0.01025,0.00285,-0.00515));
#11966=CARTESIAN_POINT('',(0.0103833333333333,0.00271666666666667,-0.00501666666666667));
#11967=CARTESIAN_POINT('',(0.00975,0.00285,-0.00515));
#11968=CARTESIAN_POINT('Origin',(0.01025,0.00245,-0.00515));
#11969=CARTESIAN_POINT('',(0.01015,0.00325,-0.00525));
#11970=CARTESIAN_POINT('',(0.01025,0.00335,-0.00515));
#11971=CARTESIAN_POINT('',(0.0101666666666667,0.00326666666666667,-0.00523333333333334));
#11972=CARTESIAN_POINT('',(0.01025,0.00245,-0.00515));
#11973=CARTESIAN_POINT('',(0.01015,-6.04572470465148E-20,-0.00525));
#11974=CARTESIAN_POINT('Origin',(0.00975,0.00245,-0.00515));
#11975=CARTESIAN_POINT('',(0.00975,0.00335,-0.00515));
#11976=CARTESIAN_POINT('',(0.00985,0.00325,-0.00525));
#11977=CARTESIAN_POINT('',(0.01005,0.00305,-0.00545));
#11978=CARTESIAN_POINT('',(0.00985,-6.04572470465148E-20,-0.00525));
#11979=CARTESIAN_POINT('',(0.00975,0.00245,-0.00515));
#11980=CARTESIAN_POINT('Origin',(0.00999999999999999,0.00335,-0.00515));
#11981=CARTESIAN_POINT('',(0.00805,0.00325,-0.00525));
#11982=CARTESIAN_POINT('',(0.01025,0.00335,-0.00515));
#11983=CARTESIAN_POINT('Origin',(0.00605,-0.0034,0.000150000000000002));
#11984=CARTESIAN_POINT('',(0.00815,-0.0034,0.000150000000000002));
#11985=CARTESIAN_POINT('',(0.00825,-0.0033,0.00025));
#11986=CARTESIAN_POINT('',(0.00706666666666667,-0.00448333333333334,-0.000933333333333333));
#11987=CARTESIAN_POINT('',(0.00775,-0.0033,0.00025));
#11988=CARTESIAN_POINT('',(0.00825,-0.0033,0.00025));
#11989=CARTESIAN_POINT('',(0.00785,-0.0034,0.000150000000000002));
#11990=CARTESIAN_POINT('',(0.00893333333333333,-0.00448333333333334,-0.000933333333333336));
#11991=CARTESIAN_POINT('',(0.00775,-0.0034,0.000150000000000002));
#11992=CARTESIAN_POINT('Origin',(0.00785,-0.0034,-0.0031));
#11993=CARTESIAN_POINT('',(0.00775,-0.0033,-0.00025));
#11994=CARTESIAN_POINT('',(0.00785,-0.0034,-0.000150000000000002));
#11995=CARTESIAN_POINT('',(0.00686666666666667,-0.00241666666666666,-0.00113333333333334));
#11996=CARTESIAN_POINT('',(0.00785,-0.0034,-0.00025));
#11997=CARTESIAN_POINT('',(0.00775,-0.0033,0.00025));
#11998=CARTESIAN_POINT('Origin',(0.00815,-0.0034,-0.0031));
#11999=CARTESIAN_POINT('',(0.00815,-0.0034,-0.000150000000000002));
#12000=CARTESIAN_POINT('',(0.00825,-0.0033,-0.00025));
#12001=CARTESIAN_POINT('',(0.00745,-0.0041,0.000549999999999998));
#12002=CARTESIAN_POINT('',(0.00825,-0.0033,-0.00025));
#12003=CARTESIAN_POINT('',(0.00815,-0.0034,0.00025));
#12004=CARTESIAN_POINT('Origin',(0.00605,-0.0034,-0.000150000000000002));
#12005=CARTESIAN_POINT('',(0.00775,-0.0033,-0.00025));
#12006=CARTESIAN_POINT('',(0.00825,-0.0034,-0.000150000000000002));
#12007=CARTESIAN_POINT('Origin',(0.008,0.00285,-0.00515));
#12008=CARTESIAN_POINT('',(0.00775,0.00285,-0.00515));
#12009=CARTESIAN_POINT('',(0.00785,0.00295,-0.00525));
#12010=CARTESIAN_POINT('',(0.00761666666666667,0.00271666666666667,-0.00501666666666667));
#12011=CARTESIAN_POINT('',(0.00815,0.00295,-0.00525));
#12012=CARTESIAN_POINT('',(0.00605,0.00295,-0.00525));
#12013=CARTESIAN_POINT('',(0.00825,0.00285,-0.00515));
#12014=CARTESIAN_POINT('',(0.00838333333333333,0.00271666666666667,-0.00501666666666667));
#12015=CARTESIAN_POINT('',(0.00775,0.00285,-0.00515));
#12016=CARTESIAN_POINT('Origin',(0.00825,0.00245,-0.00515));
#12017=CARTESIAN_POINT('',(0.00815,0.00325,-0.00525));
#12018=CARTESIAN_POINT('',(0.00825,0.00335,-0.00515));
#12019=CARTESIAN_POINT('',(0.00816666666666667,0.00326666666666667,-0.00523333333333334));
#12020=CARTESIAN_POINT('',(0.00825,0.00245,-0.00515));
#12021=CARTESIAN_POINT('',(0.00815,-6.04572470465148E-20,-0.00525));
#12022=CARTESIAN_POINT('Origin',(0.00775,0.00245,-0.00515));
#12023=CARTESIAN_POINT('',(0.00775,0.00335,-0.00515));
#12024=CARTESIAN_POINT('',(0.00785,0.00325,-0.00525));
#12025=CARTESIAN_POINT('',(0.00805,0.00305,-0.00545));
#12026=CARTESIAN_POINT('',(0.00785,-6.04572470465148E-20,-0.00525));
#12027=CARTESIAN_POINT('',(0.00775,0.00245,-0.00515));
#12028=CARTESIAN_POINT('Origin',(0.008,0.00335,-0.00515));
#12029=CARTESIAN_POINT('',(0.00605,0.00325,-0.00525));
#12030=CARTESIAN_POINT('',(0.00825,0.00335,-0.00515));
#12031=CARTESIAN_POINT('Origin',(0.00405,-0.0034,0.000150000000000002));
#12032=CARTESIAN_POINT('',(0.00615,-0.0034,0.000150000000000002));
#12033=CARTESIAN_POINT('',(0.00625,-0.0033,0.00025));
#12034=CARTESIAN_POINT('',(0.00506666666666667,-0.00448333333333334,-0.000933333333333333));
#12035=CARTESIAN_POINT('',(0.00575,-0.0033,0.00025));
#12036=CARTESIAN_POINT('',(0.00625,-0.0033,0.00025));
#12037=CARTESIAN_POINT('',(0.00585,-0.0034,0.000150000000000002));
#12038=CARTESIAN_POINT('',(0.00693333333333333,-0.00448333333333334,-0.000933333333333336));
#12039=CARTESIAN_POINT('',(0.00575,-0.0034,0.000150000000000002));
#12040=CARTESIAN_POINT('Origin',(0.00585,-0.0034,-0.0031));
#12041=CARTESIAN_POINT('',(0.00575,-0.0033,-0.00025));
#12042=CARTESIAN_POINT('',(0.00585,-0.0034,-0.000150000000000002));
#12043=CARTESIAN_POINT('',(0.00486666666666667,-0.00241666666666666,-0.00113333333333334));
#12044=CARTESIAN_POINT('',(0.00585,-0.0034,-0.00025));
#12045=CARTESIAN_POINT('',(0.00575,-0.0033,0.00025));
#12046=CARTESIAN_POINT('Origin',(0.00615,-0.0034,-0.0031));
#12047=CARTESIAN_POINT('',(0.00615,-0.0034,-0.000150000000000002));
#12048=CARTESIAN_POINT('',(0.00625,-0.0033,-0.00025));
#12049=CARTESIAN_POINT('',(0.00545,-0.0041,0.000549999999999998));
#12050=CARTESIAN_POINT('',(0.00625,-0.0033,-0.00025));
#12051=CARTESIAN_POINT('',(0.00615,-0.0034,0.00025));
#12052=CARTESIAN_POINT('Origin',(0.00405,-0.0034,-0.000150000000000002));
#12053=CARTESIAN_POINT('',(0.00575,-0.0033,-0.00025));
#12054=CARTESIAN_POINT('',(0.00625,-0.0034,-0.000150000000000002));
#12055=CARTESIAN_POINT('Origin',(0.006,0.00285,-0.00515));
#12056=CARTESIAN_POINT('',(0.00575,0.00285,-0.00515));
#12057=CARTESIAN_POINT('',(0.00585,0.00295,-0.00525));
#12058=CARTESIAN_POINT('',(0.00561666666666667,0.00271666666666667,-0.00501666666666667));
#12059=CARTESIAN_POINT('',(0.00615,0.00295,-0.00525));
#12060=CARTESIAN_POINT('',(0.00405,0.00295,-0.00525));
#12061=CARTESIAN_POINT('',(0.00625,0.00285,-0.00515));
#12062=CARTESIAN_POINT('',(0.00638333333333333,0.00271666666666667,-0.00501666666666667));
#12063=CARTESIAN_POINT('',(0.00575,0.00285,-0.00515));
#12064=CARTESIAN_POINT('Origin',(0.00625,0.00245,-0.00515));
#12065=CARTESIAN_POINT('',(0.00615,0.00325,-0.00525));
#12066=CARTESIAN_POINT('',(0.00625,0.00335,-0.00515));
#12067=CARTESIAN_POINT('',(0.00616666666666667,0.00326666666666667,-0.00523333333333333));
#12068=CARTESIAN_POINT('',(0.00625,0.00245,-0.00515));
#12069=CARTESIAN_POINT('',(0.00615,-6.04572470465148E-20,-0.00525));
#12070=CARTESIAN_POINT('Origin',(0.00575,0.00245,-0.00515));
#12071=CARTESIAN_POINT('',(0.00575,0.00335,-0.00515));
#12072=CARTESIAN_POINT('',(0.00585,0.00325,-0.00525));
#12073=CARTESIAN_POINT('',(0.00605,0.00305,-0.00545));
#12074=CARTESIAN_POINT('',(0.00585,-6.04572470465148E-20,-0.00525));
#12075=CARTESIAN_POINT('',(0.00575,0.00245,-0.00515));
#12076=CARTESIAN_POINT('Origin',(0.006,0.00335,-0.00515));
#12077=CARTESIAN_POINT('',(0.00405,0.00325,-0.00525));
#12078=CARTESIAN_POINT('',(0.00625,0.00335,-0.00515));
#12079=CARTESIAN_POINT('Origin',(0.00205,-0.0034,0.000150000000000002));
#12080=CARTESIAN_POINT('',(0.00415,-0.0034,0.000150000000000002));
#12081=CARTESIAN_POINT('',(0.00425,-0.0033,0.00025));
#12082=CARTESIAN_POINT('',(0.00306666666666667,-0.00448333333333334,-0.000933333333333333));
#12083=CARTESIAN_POINT('',(0.00375,-0.0033,0.00025));
#12084=CARTESIAN_POINT('',(0.00425,-0.0033,0.00025));
#12085=CARTESIAN_POINT('',(0.00385,-0.0034,0.000150000000000002));
#12086=CARTESIAN_POINT('',(0.00493333333333333,-0.00448333333333334,-0.000933333333333336));
#12087=CARTESIAN_POINT('',(0.00375,-0.0034,0.000150000000000002));
#12088=CARTESIAN_POINT('Origin',(0.00385,-0.0034,-0.0031));
#12089=CARTESIAN_POINT('',(0.00375,-0.0033,-0.00025));
#12090=CARTESIAN_POINT('',(0.00385,-0.0034,-0.000150000000000002));
#12091=CARTESIAN_POINT('',(0.00286666666666667,-0.00241666666666666,-0.00113333333333334));
#12092=CARTESIAN_POINT('',(0.00385,-0.0034,-0.00025));
#12093=CARTESIAN_POINT('',(0.00375,-0.0033,0.00025));
#12094=CARTESIAN_POINT('Origin',(0.00415,-0.0034,-0.0031));
#12095=CARTESIAN_POINT('',(0.00415,-0.0034,-0.000150000000000002));
#12096=CARTESIAN_POINT('',(0.00425,-0.0033,-0.00025));
#12097=CARTESIAN_POINT('',(0.00345,-0.0041,0.000549999999999998));
#12098=CARTESIAN_POINT('',(0.00425,-0.0033,-0.00025));
#12099=CARTESIAN_POINT('',(0.00415,-0.0034,0.00025));
#12100=CARTESIAN_POINT('Origin',(0.00205,-0.0034,-0.000150000000000002));
#12101=CARTESIAN_POINT('',(0.00375,-0.0033,-0.00025));
#12102=CARTESIAN_POINT('',(0.00425,-0.0034,-0.000150000000000002));
#12103=CARTESIAN_POINT('Origin',(0.004,0.00285,-0.00515));
#12104=CARTESIAN_POINT('',(0.00375,0.00285,-0.00515));
#12105=CARTESIAN_POINT('',(0.00385,0.00295,-0.00525));
#12106=CARTESIAN_POINT('',(0.00361666666666667,0.00271666666666667,-0.00501666666666667));
#12107=CARTESIAN_POINT('',(0.00415,0.00295,-0.00525));
#12108=CARTESIAN_POINT('',(0.00205,0.00295,-0.00525));
#12109=CARTESIAN_POINT('',(0.00425,0.00285,-0.00515));
#12110=CARTESIAN_POINT('',(0.00438333333333333,0.00271666666666667,-0.00501666666666667));
#12111=CARTESIAN_POINT('',(0.00375,0.00285,-0.00515000000000001));
#12112=CARTESIAN_POINT('Origin',(0.00425,0.00245,-0.00515));
#12113=CARTESIAN_POINT('',(0.00415,0.00325,-0.00525));
#12114=CARTESIAN_POINT('',(0.00425,0.00335,-0.00515));
#12115=CARTESIAN_POINT('',(0.00416666666666667,0.00326666666666667,-0.00523333333333334));
#12116=CARTESIAN_POINT('',(0.00425,0.00245,-0.00515));
#12117=CARTESIAN_POINT('',(0.00415,-6.04572470465148E-20,-0.00525));
#12118=CARTESIAN_POINT('Origin',(0.00375,0.00245,-0.00515));
#12119=CARTESIAN_POINT('',(0.00375,0.00335,-0.00515));
#12120=CARTESIAN_POINT('',(0.00385,0.00325,-0.00525));
#12121=CARTESIAN_POINT('',(0.00405,0.00305,-0.00545));
#12122=CARTESIAN_POINT('',(0.00385,-6.04572470465148E-20,-0.00525));
#12123=CARTESIAN_POINT('',(0.00375,0.00245,-0.00515));
#12124=CARTESIAN_POINT('Origin',(0.004,0.00335,-0.00515));
#12125=CARTESIAN_POINT('',(0.00205,0.00325,-0.00525));
#12126=CARTESIAN_POINT('',(0.00425,0.00335,-0.00515));
#12127=CARTESIAN_POINT('Origin',(5.00000000000003E-5,-0.0034,0.000150000000000004));
#12128=CARTESIAN_POINT('',(0.00215,-0.0034,0.000150000000000004));
#12129=CARTESIAN_POINT('',(0.00225,-0.0033,0.00025));
#12130=CARTESIAN_POINT('',(0.0010666666666667,-0.00448333333333335,-0.000933333333333307));
#12131=CARTESIAN_POINT('',(0.00175,-0.0033,0.00025));
#12132=CARTESIAN_POINT('',(0.00225,-0.0033,0.00025));
#12133=CARTESIAN_POINT('',(0.00185,-0.0034,0.000150000000000004));
#12134=CARTESIAN_POINT('',(0.0029333333333333,-0.00448333333333335,-0.000933333333333309));
#12135=CARTESIAN_POINT('',(0.00175,-0.0034,0.000150000000000004));
#12136=CARTESIAN_POINT('Origin',(0.00184999999999999,-0.0034,-0.0031));
#12137=CARTESIAN_POINT('',(0.00175,-0.0033,-0.00025));
#12138=CARTESIAN_POINT('',(0.00185,-0.0034,-0.000150000000000004));
#12139=CARTESIAN_POINT('',(0.000866666666666687,-0.00241666666666665,-0.00113333333333332));
#12140=CARTESIAN_POINT('',(0.00185,-0.0034,-0.00025));
#12141=CARTESIAN_POINT('',(0.00175,-0.0033,0.00025));
#12142=CARTESIAN_POINT('Origin',(0.00215,-0.0034,-0.0031));
#12143=CARTESIAN_POINT('',(0.00215,-0.0034,-0.000150000000000004));
#12144=CARTESIAN_POINT('',(0.00225,-0.0033,-0.00025));
#12145=CARTESIAN_POINT('',(0.00145000000000002,-0.00410000000000001,0.000549999999999981));
#12146=CARTESIAN_POINT('',(0.00225,-0.0033,-0.00025));
#12147=CARTESIAN_POINT('',(0.00215,-0.0034,0.00025));
#12148=CARTESIAN_POINT('Origin',(5.00000000000003E-5,-0.0034,-0.000150000000000004));
#12149=CARTESIAN_POINT('',(0.00175,-0.0033,-0.00025));
#12150=CARTESIAN_POINT('',(0.00225,-0.0034,-0.000150000000000004));
#12151=CARTESIAN_POINT('Origin',(0.002,0.00285,-0.00515));
#12152=CARTESIAN_POINT('',(0.00175,0.00285,-0.00515));
#12153=CARTESIAN_POINT('',(0.00185,0.00295,-0.00525));
#12154=CARTESIAN_POINT('',(0.00161666666666667,0.00271666666666667,-0.00501666666666667));
#12155=CARTESIAN_POINT('',(0.00215,0.00295,-0.00525));
#12156=CARTESIAN_POINT('',(5.00000000000003E-5,0.00295,-0.00525));
#12157=CARTESIAN_POINT('',(0.00225,0.00285,-0.00515));
#12158=CARTESIAN_POINT('',(0.00238333333333334,0.00271666666666667,-0.00501666666666667));
#12159=CARTESIAN_POINT('',(0.00175,0.00285,-0.00515));
#12160=CARTESIAN_POINT('Origin',(0.00225,0.00245,-0.00515));
#12161=CARTESIAN_POINT('',(0.00215,0.00325,-0.00525));
#12162=CARTESIAN_POINT('',(0.00225,0.00335,-0.00515));
#12163=CARTESIAN_POINT('',(0.00216666666666667,0.00326666666666667,-0.00523333333333333));
#12164=CARTESIAN_POINT('',(0.00225,0.00245,-0.00515));
#12165=CARTESIAN_POINT('',(0.00215,-6.04572470465148E-20,-0.00525));
#12166=CARTESIAN_POINT('Origin',(0.00175,0.00245,-0.00515));
#12167=CARTESIAN_POINT('',(0.00175,0.00335,-0.00515));
#12168=CARTESIAN_POINT('',(0.00185,0.00325,-0.00525));
#12169=CARTESIAN_POINT('',(0.00205,0.00305,-0.00545));
#12170=CARTESIAN_POINT('',(0.00185,-6.04572470465148E-20,-0.00525));
#12171=CARTESIAN_POINT('',(0.00175,0.00245,-0.00515));
#12172=CARTESIAN_POINT('Origin',(0.002,0.00335,-0.00515));
#12173=CARTESIAN_POINT('',(5.00000000000003E-5,0.00325,-0.00525));
#12174=CARTESIAN_POINT('',(0.00225,0.00335,-0.00515));
#12175=CARTESIAN_POINT('Origin',(0.00805,-6.04572470465148E-20,-0.00525));
#12176=CARTESIAN_POINT('Origin',(0.01,0.00334999999999998,-0.00360000000000002));
#12177=CARTESIAN_POINT('',(0.01025,0.00335,-0.00205));
#12178=CARTESIAN_POINT('',(0.01025,0.00335,-0.000650000000000001));
#12179=CARTESIAN_POINT('',(0.00975,0.00335,-0.00205));
#12180=CARTESIAN_POINT('',(0.00975,0.00335,-0.000650000000000001));
#12181=CARTESIAN_POINT('',(0.01,0.00335,-0.00205));
#12182=CARTESIAN_POINT('Origin',(0.01025,0.00245,0.00025));
#12183=CARTESIAN_POINT('',(0.01025,0.00285,-0.00205));
#12184=CARTESIAN_POINT('',(0.01025,0.00285,-0.000650000000000001));
#12185=CARTESIAN_POINT('',(0.01025,-6.04572470465148E-20,-0.00205));
#12186=CARTESIAN_POINT('Origin',(0.01,0.00285000000000001,-0.00360000000000002));
#12187=CARTESIAN_POINT('',(0.00975,0.00285,-0.00205));
#12188=CARTESIAN_POINT('',(0.00975,0.00285,-0.000650000000000001));
#12189=CARTESIAN_POINT('',(0.01,0.00285,-0.00205));
#12190=CARTESIAN_POINT('Origin',(0.00975,0.00245,0.00025));
#12191=CARTESIAN_POINT('',(0.00975,-6.04572470465148E-20,-0.00205));
#12192=CARTESIAN_POINT('Origin',(0.00805,-0.0034,-0.0031));
#12193=CARTESIAN_POINT('Origin',(0.00975,-0.0034,0.00025));
#12194=CARTESIAN_POINT('',(0.00975,0.00245000017334973,-0.000250000000939164));
#12195=CARTESIAN_POINT('',(0.00975,-0.0034,-0.00025));
#12196=CARTESIAN_POINT('',(0.00975,0.00244999986333975,0.000249999999811005));
#12197=CARTESIAN_POINT('',(0.00975,-0.0034,0.00025));
#12198=CARTESIAN_POINT('',(0.00975,0.00245,0.00025));
#12199=CARTESIAN_POINT('Origin',(0.00975,-0.0034,-0.00025));
#12200=CARTESIAN_POINT('',(0.01025,0.00245000017334973,-0.000250000000939164));
#12201=CARTESIAN_POINT('',(0.01025,-0.0034,-0.00025));
#12202=CARTESIAN_POINT('',(0.00975,0.00245,-0.00025));
#12203=CARTESIAN_POINT('Origin',(0.01025,-0.0034,0.00025));
#12204=CARTESIAN_POINT('',(0.01025,0.00244999986333975,0.000249999999811005));
#12205=CARTESIAN_POINT('',(0.01025,-0.0034,0.00025));
#12206=CARTESIAN_POINT('',(0.01025,0.00245,0.00025));
#12207=CARTESIAN_POINT('Origin',(0.00975,-0.0034,0.00025));
#12208=CARTESIAN_POINT('',(0.01025,0.00245,0.00025));
#12209=CARTESIAN_POINT('Origin',(0.00975,0.00245,0.00025));
#12210=CARTESIAN_POINT('',(0.00975,0.00285073619918243,-0.000649998763772367));
#12211=CARTESIAN_POINT('',(0.00975,0.00334954856825075,-0.00064999992536901));
#12212=CARTESIAN_POINT('',(0.00975,-6.04572470465148E-20,-0.000650000000000001));
#12213=CARTESIAN_POINT('Origin',(0.00975,0.00244952257304335,-0.000651345168363596));
#12214=CARTESIAN_POINT('Origin',(0.00975,0.00245024648858921,-0.000649701286512137));
#12215=CARTESIAN_POINT('Origin',(0.01,0.00244952257304335,-0.000651345168363596));
#12216=CARTESIAN_POINT('',(0.01025,0.00285073619918243,-0.000649998763772367));
#12217=CARTESIAN_POINT('',(0.01025,0.00285073619713471,-0.000649997527178742));
#12218=CARTESIAN_POINT('Origin',(0.01025,0.00244952257304335,-0.000651345168363596));
#12219=CARTESIAN_POINT('Origin',(0.01025,0.00245,0.00025));
#12220=CARTESIAN_POINT('',(0.01025,0.00334954856825075,-0.00064999992536901));
#12221=CARTESIAN_POINT('',(0.01025,-6.04572470465148E-20,-0.000650000000000001));
#12222=CARTESIAN_POINT('Origin',(0.01025,0.00245024648858921,-0.000649701286512137));
#12223=CARTESIAN_POINT('Origin',(0.01,0.00245024648858921,-0.000649701286512137));
#12224=CARTESIAN_POINT('',(0.00975,0.00334954856770518,-0.000649999850126826));
#12225=CARTESIAN_POINT('Origin',(0.00605,-6.04572470465148E-20,-0.00525));
#12226=CARTESIAN_POINT('Origin',(0.008,0.00334999999999998,-0.00360000000000002));
#12227=CARTESIAN_POINT('',(0.00825,0.00335,-0.00205));
#12228=CARTESIAN_POINT('',(0.00825,0.00335,-0.000650000000000001));
#12229=CARTESIAN_POINT('',(0.00775,0.00335,-0.00205));
#12230=CARTESIAN_POINT('',(0.00775,0.00335,-0.000650000000000001));
#12231=CARTESIAN_POINT('',(0.008,0.00335,-0.00205));
#12232=CARTESIAN_POINT('Origin',(0.00825,0.00245,0.00025));
#12233=CARTESIAN_POINT('',(0.00825,0.00285,-0.00205));
#12234=CARTESIAN_POINT('',(0.00825,0.00285,-0.000650000000000001));
#12235=CARTESIAN_POINT('',(0.00825,-6.04572470465148E-20,-0.00205));
#12236=CARTESIAN_POINT('Origin',(0.008,0.00285000000000001,-0.00360000000000002));
#12237=CARTESIAN_POINT('',(0.00775,0.00285,-0.00205));
#12238=CARTESIAN_POINT('',(0.00775,0.00285,-0.000650000000000001));
#12239=CARTESIAN_POINT('',(0.008,0.00285,-0.00205));
#12240=CARTESIAN_POINT('Origin',(0.00775,0.00245,0.00025));
#12241=CARTESIAN_POINT('',(0.00775,-6.04572470465148E-20,-0.00205));
#12242=CARTESIAN_POINT('Origin',(0.00605,-0.0034,-0.0031));
#12243=CARTESIAN_POINT('Origin',(0.00775,-0.0034,0.00025));
#12244=CARTESIAN_POINT('',(0.00775,0.00245000017334973,-0.000250000000939164));
#12245=CARTESIAN_POINT('',(0.00775,-0.0034,-0.00025));
#12246=CARTESIAN_POINT('',(0.00775,0.00244999986333972,0.000249999999811004));
#12247=CARTESIAN_POINT('',(0.00775,-0.0034,0.00025));
#12248=CARTESIAN_POINT('',(0.00775,0.00245,0.00025));
#12249=CARTESIAN_POINT('Origin',(0.00775,-0.0034,-0.00025));
#12250=CARTESIAN_POINT('',(0.00825,0.00245000017334973,-0.000250000000939164));
#12251=CARTESIAN_POINT('',(0.00825,-0.0034,-0.00025));
#12252=CARTESIAN_POINT('',(0.00775,0.00245,-0.00025));
#12253=CARTESIAN_POINT('Origin',(0.00825,-0.0034,0.00025));
#12254=CARTESIAN_POINT('',(0.00825,0.00244999986333972,0.000249999999811005));
#12255=CARTESIAN_POINT('',(0.00825,-0.0034,0.00025));
#12256=CARTESIAN_POINT('',(0.00825,0.00245,0.00025));
#12257=CARTESIAN_POINT('Origin',(0.00775,-0.0034,0.00025));
#12258=CARTESIAN_POINT('',(0.00825,0.00245,0.00025));
#12259=CARTESIAN_POINT('Origin',(0.00775,0.00245,0.00025));
#12260=CARTESIAN_POINT('',(0.00775,0.00285073619918243,-0.000649998763772367));
#12261=CARTESIAN_POINT('',(0.00775,0.00334954856823864,-0.000649999925368996));
#12262=CARTESIAN_POINT('',(0.00775,-6.04572470465148E-20,-0.000650000000000001));
#12263=CARTESIAN_POINT('Origin',(0.00775,0.00244952257304335,-0.000651345168363596));
#12264=CARTESIAN_POINT('Origin',(0.00775,0.00245024648863658,-0.000649701286465605));
#12265=CARTESIAN_POINT('Origin',(0.00800000000000001,0.00244952257304335,
-0.000651345168363596));
#12266=CARTESIAN_POINT('',(0.00825,0.00285073619918243,-0.000649998763772367));
#12267=CARTESIAN_POINT('',(0.00825,0.00285073619713471,-0.000649997527178742));
#12268=CARTESIAN_POINT('Origin',(0.00825,0.00244952257304335,-0.000651345168363597));
#12269=CARTESIAN_POINT('Origin',(0.00825,0.00245,0.00025));
#12270=CARTESIAN_POINT('',(0.00825,0.00334954856823864,-0.000649999925368996));
#12271=CARTESIAN_POINT('',(0.00825,-6.04572470465148E-20,-0.000650000000000001));
#12272=CARTESIAN_POINT('Origin',(0.00825,0.00245024648863658,-0.000649701286465603));
#12273=CARTESIAN_POINT('Origin',(0.00799999999999999,0.00245024648863658,
-0.000649701286465604));
#12274=CARTESIAN_POINT('',(0.00775,0.00334954856769307,-0.000649999850126799));
#12275=CARTESIAN_POINT('Origin',(0.00405,-6.04572470465148E-20,-0.00525));
#12276=CARTESIAN_POINT('Origin',(0.006,0.00334999999999998,-0.00360000000000002));
#12277=CARTESIAN_POINT('',(0.00625,0.00335,-0.00205));
#12278=CARTESIAN_POINT('',(0.00625,0.00335,-0.000650000000000001));
#12279=CARTESIAN_POINT('',(0.00575,0.00335,-0.00205));
#12280=CARTESIAN_POINT('',(0.00575,0.00335,-0.000650000000000001));
#12281=CARTESIAN_POINT('',(0.006,0.00335,-0.00205));
#12282=CARTESIAN_POINT('Origin',(0.00625,0.00245,0.00025));
#12283=CARTESIAN_POINT('',(0.00625,0.00285,-0.00205));
#12284=CARTESIAN_POINT('',(0.00625,0.00285,-0.000650000000000001));
#12285=CARTESIAN_POINT('',(0.00625,-6.04572470465148E-20,-0.00205));
#12286=CARTESIAN_POINT('Origin',(0.006,0.00285000000000001,-0.00360000000000002));
#12287=CARTESIAN_POINT('',(0.00575,0.00285,-0.00205));
#12288=CARTESIAN_POINT('',(0.00575,0.00285,-0.000650000000000001));
#12289=CARTESIAN_POINT('',(0.006,0.00285,-0.00205));
#12290=CARTESIAN_POINT('Origin',(0.00575,0.00245,0.00025));
#12291=CARTESIAN_POINT('',(0.00575,-6.04572470465148E-20,-0.00205));
#12292=CARTESIAN_POINT('Origin',(0.00405,-0.0034,-0.0031));
#12293=CARTESIAN_POINT('Origin',(0.00575,-0.0034,0.00025));
#12294=CARTESIAN_POINT('',(0.00575,0.00245000017334973,-0.000250000000939164));
#12295=CARTESIAN_POINT('',(0.00575,-0.0034,-0.00025));
#12296=CARTESIAN_POINT('',(0.00575,0.00244999986333976,0.000249999999811005));
#12297=CARTESIAN_POINT('',(0.00575,-0.0034,0.00025));
#12298=CARTESIAN_POINT('',(0.00575,0.00245,0.00025));
#12299=CARTESIAN_POINT('Origin',(0.00575,-0.0034,-0.00025));
#12300=CARTESIAN_POINT('',(0.00625,0.00245000017334973,-0.000250000000939164));
#12301=CARTESIAN_POINT('',(0.00625,-0.0034,-0.00025));
#12302=CARTESIAN_POINT('',(0.00575,0.00245,-0.00025));
#12303=CARTESIAN_POINT('Origin',(0.00625,-0.0034,0.00025));
#12304=CARTESIAN_POINT('',(0.00625,0.00244999986333976,0.000249999999811005));
#12305=CARTESIAN_POINT('',(0.00625,-0.0034,0.00025));
#12306=CARTESIAN_POINT('',(0.00625,0.00245,0.00025));
#12307=CARTESIAN_POINT('Origin',(0.00575,-0.0034,0.00025));
#12308=CARTESIAN_POINT('',(0.00625,0.00245,0.00025));
#12309=CARTESIAN_POINT('Origin',(0.00575,0.00245,0.00025));
#12310=CARTESIAN_POINT('',(0.00575,0.00285073619918247,-0.000649998763772367));
#12311=CARTESIAN_POINT('',(0.00575,0.00334954856825805,-0.000649999925369018));
#12312=CARTESIAN_POINT('',(0.00575,-6.04572470465148E-20,-0.000650000000000001));
#12313=CARTESIAN_POINT('Origin',(0.00575,0.00244952257304327,-0.000651345168363705));
#12314=CARTESIAN_POINT('Origin',(0.00575,0.00245024648856158,-0.000649701286539646));
#12315=CARTESIAN_POINT('Origin',(0.006,0.00244952257304327,-0.000651345168363705));
#12316=CARTESIAN_POINT('',(0.00625,0.00285073619918247,-0.000649998763772367));
#12317=CARTESIAN_POINT('',(0.00625,0.00285073619713475,-0.000649997527178742));
#12318=CARTESIAN_POINT('Origin',(0.00625,0.00244952257304327,-0.000651345168363705));
#12319=CARTESIAN_POINT('Origin',(0.00625,0.00245,0.00025));
#12320=CARTESIAN_POINT('',(0.00625,0.00334954856825805,-0.000649999925369018));
#12321=CARTESIAN_POINT('',(0.00625,-6.04572470465148E-20,-0.000650000000000001));
#12322=CARTESIAN_POINT('Origin',(0.00625,0.00245024648856158,-0.000649701286539646));
#12323=CARTESIAN_POINT('Origin',(0.006,0.00245024648856158,-0.000649701286539646));
#12324=CARTESIAN_POINT('',(0.00575,0.00334954856771247,-0.000649999850126842));
#12325=CARTESIAN_POINT('Origin',(0.00205,-6.04572470465148E-20,-0.00525));
#12326=CARTESIAN_POINT('Origin',(0.004,0.00334999999999998,-0.00360000000000002));
#12327=CARTESIAN_POINT('',(0.00425,0.00335,-0.00205));
#12328=CARTESIAN_POINT('',(0.00425,0.00335,-0.000650000000000001));
#12329=CARTESIAN_POINT('',(0.00375,0.00335,-0.00205));
#12330=CARTESIAN_POINT('',(0.00375,0.00335,-0.000650000000000001));
#12331=CARTESIAN_POINT('',(0.004,0.00335,-0.00205));
#12332=CARTESIAN_POINT('Origin',(0.00425,0.00245,0.00025));
#12333=CARTESIAN_POINT('',(0.00425,0.00285,-0.00205));
#12334=CARTESIAN_POINT('',(0.00425,0.00285,-0.000650000000000001));
#12335=CARTESIAN_POINT('',(0.00425,-6.04572470465148E-20,-0.00205));
#12336=CARTESIAN_POINT('Origin',(0.004,0.00285000000000001,-0.00360000000000002));
#12337=CARTESIAN_POINT('',(0.00375,0.00285,-0.00205));
#12338=CARTESIAN_POINT('',(0.00375,0.00285,-0.000650000000000001));
#12339=CARTESIAN_POINT('',(0.004,0.00285,-0.00205));
#12340=CARTESIAN_POINT('Origin',(0.00375,0.00245,0.00025));
#12341=CARTESIAN_POINT('',(0.00375,-6.04572470465148E-20,-0.00205));
#12342=CARTESIAN_POINT('Origin',(0.00205,-0.0034,-0.0031));
#12343=CARTESIAN_POINT('Origin',(0.00375,-0.0034,0.00025));
#12344=CARTESIAN_POINT('',(0.00375,0.00245000017334973,-0.000250000000939164));
#12345=CARTESIAN_POINT('',(0.00375,-0.0034,-0.00025));
#12346=CARTESIAN_POINT('',(0.00375,0.00244999986333976,0.000249999999811004));
#12347=CARTESIAN_POINT('',(0.00375,-0.0034,0.00025));
#12348=CARTESIAN_POINT('',(0.00375,0.00245,0.00025));
#12349=CARTESIAN_POINT('Origin',(0.00375,-0.0034,-0.00025));
#12350=CARTESIAN_POINT('',(0.00425,0.00245000017334973,-0.000250000000939163));
#12351=CARTESIAN_POINT('',(0.00425,-0.0034,-0.00025));
#12352=CARTESIAN_POINT('',(0.00375,0.00245,-0.00025));
#12353=CARTESIAN_POINT('Origin',(0.00425,-0.0034,0.00025));
#12354=CARTESIAN_POINT('',(0.00425,0.00244999986333976,0.000249999999811005));
#12355=CARTESIAN_POINT('',(0.00425,-0.0034,0.00025));
#12356=CARTESIAN_POINT('',(0.00425,0.00245,0.00025));
#12357=CARTESIAN_POINT('Origin',(0.00375,-0.0034,0.00025));
#12358=CARTESIAN_POINT('',(0.00425,0.00245,0.00025));
#12359=CARTESIAN_POINT('Origin',(0.00375,0.00245,0.00025));
#12360=CARTESIAN_POINT('',(0.00375,0.00285073619918243,-0.000649998763772367));
#12361=CARTESIAN_POINT('',(0.00375,0.00334954856825806,-0.000649999925369018));
#12362=CARTESIAN_POINT('',(0.00375,-6.04572470465148E-20,-0.000650000000000001));
#12363=CARTESIAN_POINT('Origin',(0.00375,0.00244952257304335,-0.000651345168363596));
#12364=CARTESIAN_POINT('Origin',(0.00375,0.00245024648856148,-0.000649701286539729));
#12365=CARTESIAN_POINT('Origin',(0.004,0.00244952257304335,-0.000651345168363596));
#12366=CARTESIAN_POINT('',(0.00425,0.00285073619918243,-0.000649998763772367));
#12367=CARTESIAN_POINT('',(0.00425,0.00285073619713471,-0.000649997527178742));
#12368=CARTESIAN_POINT('Origin',(0.00425,0.00244952257304335,-0.000651345168363596));
#12369=CARTESIAN_POINT('Origin',(0.00425,0.00245,0.00025));
#12370=CARTESIAN_POINT('',(0.00425,0.00334954856825806,-0.000649999925369018));
#12371=CARTESIAN_POINT('',(0.00425,-6.04572470465148E-20,-0.000650000000000001));
#12372=CARTESIAN_POINT('Origin',(0.00425,0.00245024648856148,-0.000649701286539728));
#12373=CARTESIAN_POINT('Origin',(0.004,0.00245024648856148,-0.000649701286539728));
#12374=CARTESIAN_POINT('',(0.00375,0.00334954856771248,-0.000649999850126842));
#12375=CARTESIAN_POINT('Origin',(5.00000000000003E-5,-6.04572470465148E-20,
-0.00525));
#12376=CARTESIAN_POINT('Origin',(0.002,0.00334999999999998,-0.00360000000000002));
#12377=CARTESIAN_POINT('',(0.00225,0.00335,-0.00205));
#12378=CARTESIAN_POINT('',(0.00225,0.00335,-0.000650000000000001));
#12379=CARTESIAN_POINT('',(0.00175,0.00335,-0.00205));
#12380=CARTESIAN_POINT('',(0.00175,0.00335,-0.000650000000000001));
#12381=CARTESIAN_POINT('',(0.002,0.00335,-0.00205));
#12382=CARTESIAN_POINT('Origin',(0.00225,0.00245,0.00025));
#12383=CARTESIAN_POINT('',(0.00225,0.00285,-0.00205));
#12384=CARTESIAN_POINT('',(0.00225,0.00285,-0.000650000000000001));
#12385=CARTESIAN_POINT('',(0.00225,-6.04572470465148E-20,-0.00205));
#12386=CARTESIAN_POINT('Origin',(0.002,0.00285000000000001,-0.00360000000000002));
#12387=CARTESIAN_POINT('',(0.00175,0.00285,-0.00205));
#12388=CARTESIAN_POINT('',(0.00175,0.00285,-0.000650000000000001));
#12389=CARTESIAN_POINT('',(0.002,0.00285,-0.00205));
#12390=CARTESIAN_POINT('Origin',(0.00175,0.00245,0.00025));
#12391=CARTESIAN_POINT('',(0.00175,-6.04572470465148E-20,-0.00205));
#12392=CARTESIAN_POINT('Origin',(5.00000000000003E-5,-0.0034,-0.0031));
#12393=CARTESIAN_POINT('Origin',(0.00175,-0.0034,0.00025));
#12394=CARTESIAN_POINT('',(0.00175,0.00245000017334973,-0.000250000000939164));
#12395=CARTESIAN_POINT('',(0.00175,-0.0034,-0.00025));
#12396=CARTESIAN_POINT('',(0.00175,0.00244999986333976,0.000249999999811005));
#12397=CARTESIAN_POINT('',(0.00175,-0.0034,0.00025));
#12398=CARTESIAN_POINT('',(0.00175,0.00245,0.00025));
#12399=CARTESIAN_POINT('Origin',(0.00175,-0.0034,-0.00025));
#12400=CARTESIAN_POINT('',(0.00225,0.00245000017334973,-0.000250000000939163));
#12401=CARTESIAN_POINT('',(0.00225,-0.0034,-0.00025));
#12402=CARTESIAN_POINT('',(0.00175,0.00245,-0.00025));
#12403=CARTESIAN_POINT('Origin',(0.00225,-0.0034,0.00025));
#12404=CARTESIAN_POINT('',(0.00225,0.00244999986333976,0.000249999999811005));
#12405=CARTESIAN_POINT('',(0.00225,-0.0034,0.00025));
#12406=CARTESIAN_POINT('',(0.00225,0.00245,0.00025));
#12407=CARTESIAN_POINT('Origin',(0.00175,-0.0034,0.00025));
#12408=CARTESIAN_POINT('',(0.00225,0.00245,0.00025));
#12409=CARTESIAN_POINT('Origin',(0.00175,0.00245,0.00025));
#12410=CARTESIAN_POINT('',(0.00175,0.00285073619918241,-0.000649998763772367));
#12411=CARTESIAN_POINT('',(0.00175,0.00334954856825805,-0.000649999925369018));
#12412=CARTESIAN_POINT('',(0.00175,-6.04572470465148E-20,-0.000650000000000001));
#12413=CARTESIAN_POINT('Origin',(0.00175,0.00244952257304333,-0.000651345168363578));
#12414=CARTESIAN_POINT('Origin',(0.00175,0.00245024648856158,-0.000649701286539646));
#12415=CARTESIAN_POINT('Origin',(0.002,0.00244952257304333,-0.000651345168363578));
#12416=CARTESIAN_POINT('',(0.00225,0.00285073619918241,-0.000649998763772367));
#12417=CARTESIAN_POINT('',(0.00225,0.00285073619713469,-0.000649997527178743));
#12418=CARTESIAN_POINT('Origin',(0.00225,0.00244952257304333,-0.000651345168363578));
#12419=CARTESIAN_POINT('Origin',(0.00225,0.00245,0.00025));
#12420=CARTESIAN_POINT('',(0.00225,0.00334954856825805,-0.000649999925369018));
#12421=CARTESIAN_POINT('',(0.00225,-6.04572470465148E-20,-0.000650000000000001));
#12422=CARTESIAN_POINT('Origin',(0.00225,0.00245024648856158,-0.000649701286539646));
#12423=CARTESIAN_POINT('Origin',(0.002,0.00245024648856158,-0.000649701286539646));
#12424=CARTESIAN_POINT('',(0.00175,0.00334954856771247,-0.000649999850126842));
#12425=CARTESIAN_POINT('Origin',(0.00165,-9.27818985034918E-19,-0.000650000000000001));
#12426=CARTESIAN_POINT('',(0.00165,-9.27818985034918E-19,-0.000250000000000001));
#12427=CARTESIAN_POINT('',(0.00165,0.00345,-0.000250000000000001));
#12428=CARTESIAN_POINT('',(0.00165,-9.27818985034918E-19,-0.000250000000000001));
#12429=CARTESIAN_POINT('',(0.00165,-1.23892189160622E-19,-0.000650000000000001));
#12430=CARTESIAN_POINT('',(0.00165,-9.27818985034918E-19,-0.000650000000000001));
#12431=CARTESIAN_POINT('',(0.00165,0.00345,-0.000650000000000001));
#12432=CARTESIAN_POINT('',(0.00165,-9.27818985034918E-19,-0.000650000000000001));
#12433=CARTESIAN_POINT('',(0.00165,0.00345,-0.000650000000000001));
#12434=CARTESIAN_POINT('Origin',(0.00235,-9.27818985034918E-19,-0.000650000000000001));
#12435=CARTESIAN_POINT('',(0.00235,-9.27818985034918E-19,-0.000250000000000001));
#12436=CARTESIAN_POINT('',(0.00235,0.00345,-0.000250000000000001));
#12437=CARTESIAN_POINT('',(0.00235,-9.27818985034918E-19,-0.000250000000000001));
#12438=CARTESIAN_POINT('',(0.00235,0.00345,-0.000650000000000001));
#12439=CARTESIAN_POINT('',(0.00235,0.00345,-0.000650000000000001));
#12440=CARTESIAN_POINT('',(0.00235,-9.27818985034918E-19,-0.000650000000000001));
#12441=CARTESIAN_POINT('',(0.00235,-9.27818985034918E-19,-0.000650000000000001));
#12442=CARTESIAN_POINT('',(0.00235,-9.27818985034918E-19,-0.000650000000000001));
#12443=CARTESIAN_POINT('Origin',(0.00165,0.00345,-0.000650000000000001));
#12444=CARTESIAN_POINT('',(0.00165,0.00345,-0.000250000000000001));
#12445=CARTESIAN_POINT('',(0.00165,0.00345,-0.000650000000000001));
#12446=CARTESIAN_POINT('Origin',(0.00365,-9.27818985034918E-19,-0.000650000000000001));
#12447=CARTESIAN_POINT('',(0.00365,-9.27818985034918E-19,-0.000250000000000001));
#12448=CARTESIAN_POINT('',(0.00365,0.00345,-0.000250000000000001));
#12449=CARTESIAN_POINT('',(0.00365,-9.27818985034918E-19,-0.000250000000000001));
#12450=CARTESIAN_POINT('',(0.00365,-1.5913382366846E-19,-0.000650000000000001));
#12451=CARTESIAN_POINT('',(0.00365,-9.27818985034918E-19,-0.000650000000000001));
#12452=CARTESIAN_POINT('',(0.00365,0.00345,-0.000650000000000001));
#12453=CARTESIAN_POINT('',(0.00365,-9.27818985034918E-19,-0.000650000000000001));
#12454=CARTESIAN_POINT('',(0.00365,0.00345,-0.000650000000000001));
#12455=CARTESIAN_POINT('Origin',(0.00435,-9.27818985034918E-19,-0.000650000000000001));
#12456=CARTESIAN_POINT('',(0.00435,-9.27818985034918E-19,-0.000250000000000001));
#12457=CARTESIAN_POINT('',(0.00435,0.00345,-0.000250000000000001));
#12458=CARTESIAN_POINT('',(0.00435,-9.27818985034918E-19,-0.000250000000000001));
#12459=CARTESIAN_POINT('',(0.00435,0.00345,-0.000650000000000001));
#12460=CARTESIAN_POINT('',(0.00435,0.00345,-0.000650000000000001));
#12461=CARTESIAN_POINT('',(0.00435,-9.27818985034918E-19,-0.000650000000000001));
#12462=CARTESIAN_POINT('',(0.00435,-9.27818985034918E-19,-0.000650000000000001));
#12463=CARTESIAN_POINT('',(0.00435,-9.27818985034918E-19,-0.000650000000000001));
#12464=CARTESIAN_POINT('Origin',(0.00365,0.00345,-0.000650000000000001));
#12465=CARTESIAN_POINT('',(0.00365,0.00345,-0.000250000000000001));
#12466=CARTESIAN_POINT('',(0.00365,0.00345,-0.000650000000000001));
#12467=CARTESIAN_POINT('Origin',(0.00565,-9.27818985034918E-19,-0.000650000000000001));
#12468=CARTESIAN_POINT('',(0.00565,-9.27818985034918E-19,-0.000250000000000001));
#12469=CARTESIAN_POINT('',(0.00565,0.00345,-0.000250000000000001));
#12470=CARTESIAN_POINT('',(0.00565,-9.27818985034918E-19,-0.000250000000000001));
#12471=CARTESIAN_POINT('',(0.00565,-1.94375458176297E-19,-0.000650000000000001));
#12472=CARTESIAN_POINT('',(0.00565,-9.27818985034918E-19,-0.000650000000000001));
#12473=CARTESIAN_POINT('',(0.00565,0.00345,-0.000650000000000001));
#12474=CARTESIAN_POINT('',(0.00565,-9.27818985034918E-19,-0.000650000000000001));
#12475=CARTESIAN_POINT('',(0.00565,0.00345,-0.000650000000000001));
#12476=CARTESIAN_POINT('Origin',(0.00635,-9.27818985034918E-19,-0.000650000000000001));
#12477=CARTESIAN_POINT('',(0.00635,-9.27818985034918E-19,-0.000250000000000001));
#12478=CARTESIAN_POINT('',(0.00635,0.00345,-0.000250000000000001));
#12479=CARTESIAN_POINT('',(0.00635,-9.27818985034918E-19,-0.000250000000000001));
#12480=CARTESIAN_POINT('',(0.00635,0.00345,-0.000650000000000001));
#12481=CARTESIAN_POINT('',(0.00635,0.00345,-0.000650000000000001));
#12482=CARTESIAN_POINT('',(0.00635,-9.27818985034918E-19,-0.000650000000000001));
#12483=CARTESIAN_POINT('',(0.00635,-9.27818985034918E-19,-0.000650000000000001));
#12484=CARTESIAN_POINT('',(0.00635,-9.27818985034918E-19,-0.000650000000000001));
#12485=CARTESIAN_POINT('Origin',(0.00565,0.00345,-0.000650000000000001));
#12486=CARTESIAN_POINT('',(0.00565,0.00345,-0.000250000000000001));
#12487=CARTESIAN_POINT('',(0.00565,0.00345,-0.000650000000000001));
#12488=CARTESIAN_POINT('Origin',(0.00765,-9.27818985034918E-19,-0.000650000000000001));
#12489=CARTESIAN_POINT('',(0.00765,-9.27818985034918E-19,-0.000250000000000001));
#12490=CARTESIAN_POINT('',(0.00765,0.00345,-0.000250000000000001));
#12491=CARTESIAN_POINT('',(0.00765,-9.27818985034918E-19,-0.000250000000000001));
#12492=CARTESIAN_POINT('',(0.00765,-2.29617092684135E-19,-0.000650000000000001));
#12493=CARTESIAN_POINT('',(0.00765,-9.27818985034918E-19,-0.000650000000000001));
#12494=CARTESIAN_POINT('',(0.00765,0.00345,-0.000650000000000001));
#12495=CARTESIAN_POINT('',(0.00765,-9.27818985034918E-19,-0.000650000000000001));
#12496=CARTESIAN_POINT('',(0.00765,0.00345,-0.000650000000000001));
#12497=CARTESIAN_POINT('Origin',(0.00835,-9.27818985034918E-19,-0.000650000000000001));
#12498=CARTESIAN_POINT('',(0.00835,-9.27818985034918E-19,-0.000250000000000001));
#12499=CARTESIAN_POINT('',(0.00835,0.00345,-0.000250000000000001));
#12500=CARTESIAN_POINT('',(0.00835,-9.27818985034918E-19,-0.000250000000000001));
#12501=CARTESIAN_POINT('',(0.00835,0.00345,-0.000650000000000001));
#12502=CARTESIAN_POINT('',(0.00835,0.00345,-0.000650000000000001));
#12503=CARTESIAN_POINT('',(0.00835,-9.27818985034918E-19,-0.000650000000000001));
#12504=CARTESIAN_POINT('',(0.00835,-9.27818985034918E-19,-0.000650000000000001));
#12505=CARTESIAN_POINT('',(0.00835,-9.27818985034918E-19,-0.000650000000000001));
#12506=CARTESIAN_POINT('Origin',(0.00765,0.00345,-0.000650000000000001));
#12507=CARTESIAN_POINT('',(0.00765,0.00345,-0.000250000000000001));
#12508=CARTESIAN_POINT('',(0.00765,0.00345,-0.000650000000000001));
#12509=CARTESIAN_POINT('Origin',(0.00965,-9.27818985034918E-19,-0.000650000000000001));
#12510=CARTESIAN_POINT('',(0.00965,-9.27818985034918E-19,-0.000250000000000001));
#12511=CARTESIAN_POINT('',(0.00965,0.00345,-0.000250000000000001));
#12512=CARTESIAN_POINT('',(0.00965,-9.27818985034918E-19,-0.000250000000000001));
#12513=CARTESIAN_POINT('',(0.00965,-2.64858727191972E-19,-0.000650000000000001));
#12514=CARTESIAN_POINT('',(0.00965,-9.27818985034918E-19,-0.000650000000000001));
#12515=CARTESIAN_POINT('',(0.00965,0.00345,-0.000650000000000001));
#12516=CARTESIAN_POINT('',(0.00965,-9.27818985034918E-19,-0.000650000000000001));
#12517=CARTESIAN_POINT('',(0.00965,0.00345,-0.000650000000000001));
#12518=CARTESIAN_POINT('Origin',(0.01035,-9.27818985034918E-19,-0.000650000000000001));
#12519=CARTESIAN_POINT('',(0.01035,-9.27818985034918E-19,-0.000250000000000001));
#12520=CARTESIAN_POINT('',(0.01035,0.00345,-0.000250000000000001));
#12521=CARTESIAN_POINT('',(0.01035,-9.27818985034918E-19,-0.000250000000000001));
#12522=CARTESIAN_POINT('',(0.01035,0.00345,-0.000650000000000001));
#12523=CARTESIAN_POINT('',(0.01035,0.00345,-0.000650000000000001));
#12524=CARTESIAN_POINT('',(0.01035,-9.27818985034918E-19,-0.000650000000000001));
#12525=CARTESIAN_POINT('',(0.01035,-9.27818985034918E-19,-0.000650000000000001));
#12526=CARTESIAN_POINT('',(0.01035,-9.27818985034918E-19,-0.000650000000000001));
#12527=CARTESIAN_POINT('Origin',(0.00965,0.00345,-0.000650000000000001));
#12528=CARTESIAN_POINT('',(0.00965,0.00345,-0.000250000000000001));
#12529=CARTESIAN_POINT('',(0.00965,0.00345,-0.000650000000000001));
#12530=CARTESIAN_POINT('Origin',(-0.00195,-0.0034,0.000150000000000004));
#12531=CARTESIAN_POINT('',(0.000150000000000004,-0.0034,0.000150000000000004));
#12532=CARTESIAN_POINT('',(0.00025,-0.0033,0.00025));
#12533=CARTESIAN_POINT('',(-0.000933333333333305,-0.00448333333333335,-0.000933333333333307));
#12534=CARTESIAN_POINT('',(-0.00025,-0.0033,0.00025));
#12535=CARTESIAN_POINT('',(0.00025,-0.0033,0.00025));
#12536=CARTESIAN_POINT('',(-0.000150000000000004,-0.0034,0.000150000000000004));
#12537=CARTESIAN_POINT('',(0.000933333333333304,-0.00448333333333335,-0.000933333333333309));
#12538=CARTESIAN_POINT('',(-0.00025,-0.0034,0.000150000000000004));
#12539=CARTESIAN_POINT('Origin',(-0.000150000000000006,-0.0034,-0.0031));
#12540=CARTESIAN_POINT('',(-0.00025,-0.0033,-0.00025));
#12541=CARTESIAN_POINT('',(-0.000150000000000004,-0.0034,-0.000150000000000004));
#12542=CARTESIAN_POINT('',(-0.00113333333333331,-0.00241666666666665,-0.00113333333333332));
#12543=CARTESIAN_POINT('',(-0.000150000000000004,-0.0034,-0.00025));
#12544=CARTESIAN_POINT('',(-0.00025,-0.0033,0.00025));
#12545=CARTESIAN_POINT('Origin',(0.000150000000000004,-0.0034,-0.0031));
#12546=CARTESIAN_POINT('',(0.000150000000000004,-0.0034,-0.000150000000000004));
#12547=CARTESIAN_POINT('',(0.00025,-0.0033,-0.00025));
#12548=CARTESIAN_POINT('',(-0.00054999999999998,-0.00410000000000001,0.000549999999999981));
#12549=CARTESIAN_POINT('',(0.00025,-0.0033,-0.00025));
#12550=CARTESIAN_POINT('',(0.000150000000000004,-0.0034,0.00025));
#12551=CARTESIAN_POINT('Origin',(-0.00195,-0.0034,-0.000150000000000004));
#12552=CARTESIAN_POINT('',(-0.00025,-0.0033,-0.00025));
#12553=CARTESIAN_POINT('',(0.00025,-0.0034,-0.000150000000000004));
#12554=CARTESIAN_POINT('Origin',(0.,0.00285,-0.00515));
#12555=CARTESIAN_POINT('',(-0.00025,0.00285,-0.00515));
#12556=CARTESIAN_POINT('',(-0.000150000000000002,0.00295,-0.00525));
#12557=CARTESIAN_POINT('',(-0.000383333333333333,0.00271666666666667,-0.00501666666666667));
#12558=CARTESIAN_POINT('',(0.000150000000000002,0.00295,-0.00525));
#12559=CARTESIAN_POINT('',(-0.00195,0.00295,-0.00525));
#12560=CARTESIAN_POINT('',(0.00025,0.00285,-0.00515));
#12561=CARTESIAN_POINT('',(0.000383333333333333,0.00271666666666667,-0.00501666666666667));
#12562=CARTESIAN_POINT('',(-0.000249999999999999,0.00285,-0.00515));
#12563=CARTESIAN_POINT('Origin',(0.00025,0.00245,-0.00515));
#12564=CARTESIAN_POINT('',(0.000150000000000002,0.00325,-0.00525));
#12565=CARTESIAN_POINT('',(0.00025,0.00335,-0.00515));
#12566=CARTESIAN_POINT('',(0.000166666666666667,0.00326666666666667,-0.00523333333333334));
#12567=CARTESIAN_POINT('',(0.00025,0.00245,-0.00515));
#12568=CARTESIAN_POINT('',(0.000150000000000002,-6.04572470465148E-20,-0.00525));
#12569=CARTESIAN_POINT('Origin',(-0.00025,0.00245,-0.00515));
#12570=CARTESIAN_POINT('',(-0.00025,0.00335,-0.00515));
#12571=CARTESIAN_POINT('',(-0.000150000000000002,0.00325,-0.00525));
#12572=CARTESIAN_POINT('',(4.99999999999999E-5,0.00305,-0.00545));
#12573=CARTESIAN_POINT('',(-0.000150000000000002,-6.04572470465148E-20,
-0.00525));
#12574=CARTESIAN_POINT('',(-0.00025,0.00245,-0.00515));
#12575=CARTESIAN_POINT('Origin',(2.16840434497101E-19,0.00335,-0.00515));
#12576=CARTESIAN_POINT('',(-0.00195,0.00325,-0.00525));
#12577=CARTESIAN_POINT('',(0.00025,0.00335,-0.00515));
#12578=CARTESIAN_POINT('Origin',(-0.00195,-6.04572470465148E-20,-0.00525));
#12579=CARTESIAN_POINT('Origin',(1.73472347597681E-19,0.00334999999999998,
-0.00360000000000002));
#12580=CARTESIAN_POINT('',(0.00025,0.00335,-0.00205));
#12581=CARTESIAN_POINT('',(0.00025,0.00335,-0.000650000000000001));
#12582=CARTESIAN_POINT('',(-0.00025,0.00335,-0.00205));
#12583=CARTESIAN_POINT('',(-0.00025,0.00335,-0.000650000000000001));
#12584=CARTESIAN_POINT('',(2.16840434497101E-19,0.00335,-0.00205));
#12585=CARTESIAN_POINT('Origin',(0.00025,0.00245,0.00025));
#12586=CARTESIAN_POINT('',(0.00025,0.00285,-0.00205));
#12587=CARTESIAN_POINT('',(0.00025,0.00285,-0.000650000000000001));
#12588=CARTESIAN_POINT('',(0.00025,-6.04572470465148E-20,-0.00205));
#12589=CARTESIAN_POINT('Origin',(-4.33680868994202E-20,0.00285000000000001,
-0.00360000000000002));
#12590=CARTESIAN_POINT('',(-0.00025,0.00285,-0.00205));
#12591=CARTESIAN_POINT('',(-0.00025,0.00285,-0.000650000000000001));
#12592=CARTESIAN_POINT('',(-4.33680868994202E-19,0.00285,-0.00205));
#12593=CARTESIAN_POINT('Origin',(-0.00025,0.00245,0.00025));
#12594=CARTESIAN_POINT('',(-0.00025,-6.04572470465148E-20,-0.00205));
#12595=CARTESIAN_POINT('Origin',(-0.00195,-0.0034,-0.0031));
#12596=CARTESIAN_POINT('Origin',(-0.00025,-0.0034,0.00025));
#12597=CARTESIAN_POINT('',(-0.00025,0.00245000017334973,-0.000250000000939164));
#12598=CARTESIAN_POINT('',(-0.00025,-0.0034,-0.00025));
#12599=CARTESIAN_POINT('',(-0.00025,0.00244999986333954,0.000249999999811004));
#12600=CARTESIAN_POINT('',(-0.00025,-0.0034,0.00025));
#12601=CARTESIAN_POINT('',(-0.00025,0.00245,0.00025));
#12602=CARTESIAN_POINT('Origin',(-0.00025,-0.0034,-0.00025));
#12603=CARTESIAN_POINT('',(0.00025,0.00245000017334973,-0.000250000000939163));
#12604=CARTESIAN_POINT('',(0.00025,-0.0034,-0.00025));
#12605=CARTESIAN_POINT('',(-0.00025,0.00245,-0.00025));
#12606=CARTESIAN_POINT('Origin',(0.00025,-0.0034,0.00025));
#12607=CARTESIAN_POINT('',(0.00025,0.00244999986333954,0.000249999999811004));
#12608=CARTESIAN_POINT('',(0.00025,-0.0034,0.00025));
#12609=CARTESIAN_POINT('',(0.00025,0.00245,0.00025));
#12610=CARTESIAN_POINT('Origin',(-0.00025,-0.0034,0.00025));
#12611=CARTESIAN_POINT('',(0.00025,0.00245,0.00025));
#12612=CARTESIAN_POINT('Origin',(-0.00025,0.00245,0.00025));
#12613=CARTESIAN_POINT('',(-0.00025,0.00285073619918243,-0.000649998763772367));
#12614=CARTESIAN_POINT('',(-0.00025,0.00334954856823518,-0.000649999925368957));
#12615=CARTESIAN_POINT('',(-0.00025,-6.04572470465148E-20,-0.000650000000000001));
#12616=CARTESIAN_POINT('Origin',(-0.00025,0.00244952257304335,-0.000651345168363596));
#12617=CARTESIAN_POINT('Origin',(-0.00025,0.00245024648888626,-0.000649701286312809));
#12618=CARTESIAN_POINT('Origin',(-4.860138072782E-20,0.00244952257304335,
-0.000651345168363596));
#12619=CARTESIAN_POINT('',(0.00025,0.00285073619918243,-0.000649998763772367));
#12620=CARTESIAN_POINT('',(0.00025,0.00285073619713471,-0.000649997527178742));
#12621=CARTESIAN_POINT('Origin',(0.00025,0.00244952257304335,-0.000651345168363596));
#12622=CARTESIAN_POINT('Origin',(0.00025,0.00245,0.00025));
#12623=CARTESIAN_POINT('',(0.00025,0.00334954856823518,-0.000649999925368957));
#12624=CARTESIAN_POINT('',(0.00025,-6.04572470465148E-20,-0.000650000000000001));
#12625=CARTESIAN_POINT('Origin',(0.00025,0.00245024648888626,-0.000649701286312808));
#12626=CARTESIAN_POINT('Origin',(1.67729414633495E-19,0.00245024648888626,
-0.000649701286312809));
#12627=CARTESIAN_POINT('',(-0.00025,0.0033495485676896,-0.000649999850126721));
#12628=CARTESIAN_POINT('Origin',(0.011,1.09602507027136E-18,-0.00025));
#12629=CARTESIAN_POINT('',(0.011,-2.88646830484763E-19,-0.00025));
#12630=CARTESIAN_POINT('',(0.011,1.29196855813493E-18,0.00135));
#12631=CARTESIAN_POINT('',(0.011,1.09602507027136E-18,-0.00025));
#12632=CARTESIAN_POINT('',(0.011,0.00195,0.00135));
#12633=CARTESIAN_POINT('',(0.011,1.29196855813493E-18,0.00135));
#12634=CARTESIAN_POINT('',(0.011,0.00385,-0.00025));
#12635=CARTESIAN_POINT('',(0.011,0.00385,-0.00025));
#12636=CARTESIAN_POINT('',(0.011,1.09602507027136E-18,-0.00025));
#12637=CARTESIAN_POINT('Origin',(0.011,0.00385,-0.00025));
#12638=CARTESIAN_POINT('',(0.01195,0.00195,0.00135));
#12639=CARTESIAN_POINT('',(0.01195,0.00385,-0.00025));
#12640=CARTESIAN_POINT('',(0.01195,0.00385,-0.00025));
#12641=CARTESIAN_POINT('',(0.011,0.00385,-0.00025));
#12642=CARTESIAN_POINT('',(0.011,0.00195,0.00135));
#12643=CARTESIAN_POINT('Origin',(0.011,1.29196855813493E-18,0.00135));
#12644=CARTESIAN_POINT('',(0.01195,1.47507825837693E-18,0.00135));
#12645=CARTESIAN_POINT('',(0.01195,1.47507825837693E-18,0.00135));
#12646=CARTESIAN_POINT('',(0.011,1.29196855813493E-18,0.00135));
#12647=CARTESIAN_POINT('Origin',(-0.001,-6.04572470465148E-20,-0.00025));
#12648=CARTESIAN_POINT('',(-0.001,-7.71970234377377E-20,-0.00025));
#12649=CARTESIAN_POINT('',(-0.001,1.35486240817062E-19,0.00135));
#12650=CARTESIAN_POINT('',(-0.001,-6.04572470465148E-20,-0.00025));
#12651=CARTESIAN_POINT('',(-0.001,0.00385,-0.00025));
#12652=CARTESIAN_POINT('',(-0.001,-6.04572470465148E-20,-0.00025));
#12653=CARTESIAN_POINT('',(-0.001,0.00195,0.00135));
#12654=CARTESIAN_POINT('',(-0.001,0.00385,-0.00025));
#12655=CARTESIAN_POINT('',(-0.001,1.35486240817062E-19,0.00135));
#12656=CARTESIAN_POINT('Origin',(-0.001,1.35486240817062E-19,0.00135));
#12657=CARTESIAN_POINT('',(-0.00195,1.35486240817062E-19,0.00135));
#12658=CARTESIAN_POINT('',(-0.00195,0.00195,0.00135));
#12659=CARTESIAN_POINT('',(-0.00195,1.35486240817062E-19,0.00135));
#12660=CARTESIAN_POINT('',(-0.001,1.35486240817062E-19,0.00135));
#12661=CARTESIAN_POINT('',(-0.001,0.00195,0.00135));
#12662=CARTESIAN_POINT('Origin',(-0.001,0.00385,-0.00025));
#12663=CARTESIAN_POINT('',(-0.00195,0.00385,-0.00025));
#12664=CARTESIAN_POINT('',(-0.00195,0.00385,-0.00025));
#12665=CARTESIAN_POINT('',(-0.001,0.00385,-0.00025));
#12666=CARTESIAN_POINT('Origin',(0.00605,0.00105,-0.0034));
#12667=CARTESIAN_POINT('',(0.00925,0.000799999999999998,-0.00365));
#12668=CARTESIAN_POINT('',(0.00925,0.00105,-0.0034));
#12669=CARTESIAN_POINT('',(0.00925,0.00105,-0.0034));
#12670=CARTESIAN_POINT('',(0.00875,0.000799999999999998,-0.00365));
#12671=CARTESIAN_POINT('',(0.00925,0.000799999999999998,-0.00365));
#12672=CARTESIAN_POINT('',(0.00875,0.00105,-0.0034));
#12673=CARTESIAN_POINT('',(0.00875,0.00105,-0.0034));
#12674=CARTESIAN_POINT('',(0.00875,0.00105,-0.0034));
#12675=CARTESIAN_POINT('Origin',(0.00405,0.00105,-0.0034));
#12676=CARTESIAN_POINT('',(0.00725,0.000799999999999998,-0.00365));
#12677=CARTESIAN_POINT('',(0.00725,0.00105,-0.0034));
#12678=CARTESIAN_POINT('',(0.00725,0.00105,-0.0034));
#12679=CARTESIAN_POINT('',(0.00675,0.000799999999999998,-0.00365));
#12680=CARTESIAN_POINT('',(0.00725,0.000799999999999998,-0.00365));
#12681=CARTESIAN_POINT('',(0.00675,0.00105,-0.0034));
#12682=CARTESIAN_POINT('',(0.00675,0.00105,-0.0034));
#12683=CARTESIAN_POINT('',(0.00675,0.00105,-0.0034));
#12684=CARTESIAN_POINT('Origin',(0.00205,0.00105,-0.0034));
#12685=CARTESIAN_POINT('',(0.00525,0.000799999999999998,-0.00365));
#12686=CARTESIAN_POINT('',(0.00525,0.00105,-0.0034));
#12687=CARTESIAN_POINT('',(0.00525,0.00105,-0.0034));
#12688=CARTESIAN_POINT('',(0.00475,0.000799999999999998,-0.00365));
#12689=CARTESIAN_POINT('',(0.00525,0.000799999999999998,-0.00365));
#12690=CARTESIAN_POINT('',(0.00475,0.00105,-0.0034));
#12691=CARTESIAN_POINT('',(0.00475,0.00105,-0.0034));
#12692=CARTESIAN_POINT('',(0.00475,0.00105,-0.0034));
#12693=CARTESIAN_POINT('Origin',(5.00000000000003E-5,0.00105,-0.0034));
#12694=CARTESIAN_POINT('',(0.00325,0.000799999999999998,-0.00365));
#12695=CARTESIAN_POINT('',(0.00325,0.00105,-0.0034));
#12696=CARTESIAN_POINT('',(0.00325,0.00105,-0.0034));
#12697=CARTESIAN_POINT('',(0.00275,0.000799999999999998,-0.00365));
#12698=CARTESIAN_POINT('',(0.00325,0.000799999999999998,-0.00365));
#12699=CARTESIAN_POINT('',(0.00275,0.00105,-0.0034));
#12700=CARTESIAN_POINT('',(0.00275,0.00105,-0.0034));
#12701=CARTESIAN_POINT('',(0.00275,0.00105,-0.0034));
#12702=CARTESIAN_POINT('Origin',(0.00605,0.00105,-0.00025));
#12703=CARTESIAN_POINT('',(0.00925,0.00105,-0.0014));
#12704=CARTESIAN_POINT('',(0.00925,0.00105,-0.00365));
#12705=CARTESIAN_POINT('',(0.00875,0.00105,-0.0014));
#12706=CARTESIAN_POINT('',(0.00875,0.00105,-0.00365));
#12707=CARTESIAN_POINT('',(0.00875,0.00105,-0.0014));
#12708=CARTESIAN_POINT('Origin',(0.00875,0.00105,-0.00365));
#12709=CARTESIAN_POINT('',(0.00875,0.000749999999999998,-0.00365));
#12710=CARTESIAN_POINT('',(0.00875,0.00105,-0.00365));
#12711=CARTESIAN_POINT('',(0.00925,0.000749999999999998,-0.00365));
#12712=CARTESIAN_POINT('',(0.00925,0.00105,-0.00365));
#12713=CARTESIAN_POINT('',(0.00875,0.000749999999999998,-0.00365));
#12714=CARTESIAN_POINT('Origin',(0.00925,0.00105,-0.00365));
#12715=CARTESIAN_POINT('',(0.00925,0.000749999999999997,-0.0014));
#12716=CARTESIAN_POINT('',(0.00925,0.00105,-0.0014));
#12717=CARTESIAN_POINT('',(0.00925,0.000749999999999998,-0.00365));
#12718=CARTESIAN_POINT('Origin',(0.00875,0.00105,-0.00365));
#12719=CARTESIAN_POINT('',(0.00875,0.000749999999999997,-0.0014));
#12720=CARTESIAN_POINT('',(0.00875,0.000749999999999998,-0.00365));
#12721=CARTESIAN_POINT('',(0.00875,0.00105,-0.0014));
#12722=CARTESIAN_POINT('Origin',(0.00405,0.00105,-0.00025));
#12723=CARTESIAN_POINT('',(0.00725,0.00105,-0.0014));
#12724=CARTESIAN_POINT('',(0.00725,0.00105,-0.00365));
#12725=CARTESIAN_POINT('',(0.00675,0.00105,-0.0014));
#12726=CARTESIAN_POINT('',(0.00675,0.00105,-0.00365));
#12727=CARTESIAN_POINT('',(0.00675,0.00105,-0.0014));
#12728=CARTESIAN_POINT('Origin',(0.00675,0.00105,-0.00365));
#12729=CARTESIAN_POINT('',(0.00675,0.000749999999999998,-0.00365));
#12730=CARTESIAN_POINT('',(0.00675,0.00105,-0.00365));
#12731=CARTESIAN_POINT('',(0.00725,0.000749999999999998,-0.00365));
#12732=CARTESIAN_POINT('',(0.00725,0.00105,-0.00365));
#12733=CARTESIAN_POINT('',(0.00675,0.000749999999999998,-0.00365));
#12734=CARTESIAN_POINT('Origin',(0.00725,0.00105,-0.00365));
#12735=CARTESIAN_POINT('',(0.00725,0.000749999999999997,-0.0014));
#12736=CARTESIAN_POINT('',(0.00725,0.00105,-0.0014));
#12737=CARTESIAN_POINT('',(0.00725,0.000749999999999998,-0.00365));
#12738=CARTESIAN_POINT('Origin',(0.00675,0.00105,-0.00365));
#12739=CARTESIAN_POINT('',(0.00675,0.000749999999999997,-0.0014));
#12740=CARTESIAN_POINT('',(0.00675,0.000749999999999998,-0.00365));
#12741=CARTESIAN_POINT('',(0.00675,0.00105,-0.0014));
#12742=CARTESIAN_POINT('Origin',(0.00205,0.00105,-0.00025));
#12743=CARTESIAN_POINT('',(0.00525,0.00105,-0.0014));
#12744=CARTESIAN_POINT('',(0.00525,0.00105,-0.00365));
#12745=CARTESIAN_POINT('',(0.00475,0.00105,-0.0014));
#12746=CARTESIAN_POINT('',(0.00475,0.00105,-0.00365));
#12747=CARTESIAN_POINT('',(0.00475,0.00105,-0.0014));
#12748=CARTESIAN_POINT('Origin',(0.00475,0.00105,-0.00365));
#12749=CARTESIAN_POINT('',(0.00475,0.000749999999999998,-0.00365));
#12750=CARTESIAN_POINT('',(0.00475,0.00105,-0.00365));
#12751=CARTESIAN_POINT('',(0.00525,0.000749999999999998,-0.00365));
#12752=CARTESIAN_POINT('',(0.00525,0.00105,-0.00365));
#12753=CARTESIAN_POINT('',(0.00475,0.000749999999999998,-0.00365));
#12754=CARTESIAN_POINT('Origin',(0.00525,0.00105,-0.00365));
#12755=CARTESIAN_POINT('',(0.00525,0.000749999999999997,-0.0014));
#12756=CARTESIAN_POINT('',(0.00525,0.00105,-0.0014));
#12757=CARTESIAN_POINT('',(0.00525,0.000749999999999998,-0.00365));
#12758=CARTESIAN_POINT('Origin',(0.00475,0.00105,-0.00365));
#12759=CARTESIAN_POINT('',(0.00475,0.000749999999999997,-0.0014));
#12760=CARTESIAN_POINT('',(0.00475,0.000749999999999998,-0.00365));
#12761=CARTESIAN_POINT('',(0.00475,0.00105,-0.0014));
#12762=CARTESIAN_POINT('Origin',(5.00000000000003E-5,0.00105,-0.00025));
#12763=CARTESIAN_POINT('',(0.00325,0.00105,-0.0014));
#12764=CARTESIAN_POINT('',(0.00325,0.00105,-0.00365));
#12765=CARTESIAN_POINT('',(0.00275,0.00105,-0.0014));
#12766=CARTESIAN_POINT('',(0.00275,0.00105,-0.00365));
#12767=CARTESIAN_POINT('',(0.00275,0.00105,-0.0014));
#12768=CARTESIAN_POINT('Origin',(0.00275,0.00105,-0.00365));
#12769=CARTESIAN_POINT('',(0.00275,0.000749999999999998,-0.00365));
#12770=CARTESIAN_POINT('',(0.00275,0.00105,-0.00365));
#12771=CARTESIAN_POINT('',(0.00325,0.000749999999999998,-0.00365));
#12772=CARTESIAN_POINT('',(0.00325,0.00105,-0.00365));
#12773=CARTESIAN_POINT('',(0.00275,0.000749999999999998,-0.00365));
#12774=CARTESIAN_POINT('Origin',(0.00325,0.00105,-0.00365));
#12775=CARTESIAN_POINT('',(0.00325,0.000749999999999997,-0.0014));
#12776=CARTESIAN_POINT('',(0.00325,0.00105,-0.0014));
#12777=CARTESIAN_POINT('',(0.00325,0.000749999999999998,-0.00365));
#12778=CARTESIAN_POINT('Origin',(0.00275,0.00105,-0.00365));
#12779=CARTESIAN_POINT('',(0.00275,0.000749999999999997,-0.0014));
#12780=CARTESIAN_POINT('',(0.00275,0.000749999999999998,-0.00365));
#12781=CARTESIAN_POINT('',(0.00275,0.00105,-0.0014));
#12782=CARTESIAN_POINT('Origin',(-0.00195,0.00105,-0.0034));
#12783=CARTESIAN_POINT('',(0.00125,0.000799999999999998,-0.00365));
#12784=CARTESIAN_POINT('',(0.00125,0.00105,-0.0034));
#12785=CARTESIAN_POINT('',(0.00125,0.00105,-0.0034));
#12786=CARTESIAN_POINT('',(0.00075,0.000799999999999998,-0.00365));
#12787=CARTESIAN_POINT('',(0.00125,0.000799999999999998,-0.00365));
#12788=CARTESIAN_POINT('',(0.00075,0.00105,-0.0034));
#12789=CARTESIAN_POINT('',(0.00075,0.00105,-0.0034));
#12790=CARTESIAN_POINT('',(0.00075,0.00105,-0.0034));
#12791=CARTESIAN_POINT('Origin',(-0.00195,0.00105,-0.00025));
#12792=CARTESIAN_POINT('',(0.00125,0.00105,-0.0014));
#12793=CARTESIAN_POINT('',(0.00125,0.00105,-0.00365));
#12794=CARTESIAN_POINT('',(0.00075,0.00105,-0.0014));
#12795=CARTESIAN_POINT('',(0.00075,0.00105,-0.00365));
#12796=CARTESIAN_POINT('',(0.000750000000000001,0.00105,-0.0014));
#12797=CARTESIAN_POINT('Origin',(0.00075,0.00105,-0.00365));
#12798=CARTESIAN_POINT('',(0.00075,0.000749999999999998,-0.00365));
#12799=CARTESIAN_POINT('',(0.00075,0.00105,-0.00365));
#12800=CARTESIAN_POINT('',(0.00125,0.000749999999999998,-0.00365));
#12801=CARTESIAN_POINT('',(0.00125,0.00105,-0.00365));
#12802=CARTESIAN_POINT('',(0.00075,0.000749999999999998,-0.00365));
#12803=CARTESIAN_POINT('Origin',(0.00125,0.00105,-0.00365));
#12804=CARTESIAN_POINT('',(0.00125,0.000749999999999998,-0.0014));
#12805=CARTESIAN_POINT('',(0.00125,0.00105,-0.0014));
#12806=CARTESIAN_POINT('',(0.00125,0.000749999999999998,-0.00365));
#12807=CARTESIAN_POINT('Origin',(0.00075,0.00105,-0.00365));
#12808=CARTESIAN_POINT('',(0.00075,0.000749999999999998,-0.0014));
#12809=CARTESIAN_POINT('',(0.00075,0.000749999999999998,-0.00365));
#12810=CARTESIAN_POINT('',(0.000750000000000001,0.00105,-0.0014));
#12811=CARTESIAN_POINT('Origin',(-0.00195,0.00204999999999999,-0.0014));
#12812=CARTESIAN_POINT('',(-0.00135,0.0027,-0.00205));
#12813=CARTESIAN_POINT('',(-0.00135,0.00204999999999999,-0.0014));
#12814=CARTESIAN_POINT('',(-0.00135,0.00204999999999999,-0.0014));
#12815=CARTESIAN_POINT('',(0.01135,0.0027,-0.00205));
#12816=CARTESIAN_POINT('',(-0.00135,0.0027,-0.00205));
#12817=CARTESIAN_POINT('',(0.01135,0.00204999999999999,-0.0014));
#12818=CARTESIAN_POINT('',(0.01135,0.00204999999999999,-0.0014));
#12819=CARTESIAN_POINT('',(-0.00195,0.00204999999999999,-0.0014));
#12820=CARTESIAN_POINT('Origin',(-0.001951,0.00342,-0.00625));
#12821=CARTESIAN_POINT('',(0.01135,0.00342,-0.0059));
#12822=CARTESIAN_POINT('',(0.0117,0.00342,-0.00625));
#12823=CARTESIAN_POINT('',(0.00487450000000003,0.00342,0.000575499999999999));
#12824=CARTESIAN_POINT('',(0.01195,0.00342,-0.00625));
#12825=CARTESIAN_POINT('',(-0.001951,0.00342,-0.00625));
#12826=CARTESIAN_POINT('',(0.01195,0.00342,-0.00475));
#12827=CARTESIAN_POINT('',(0.01195,0.00342,-0.00625));
#12828=CARTESIAN_POINT('',(0.01135,0.00342,-0.00475));
#12829=CARTESIAN_POINT('',(-0.001951,0.00342,-0.00475));
#12830=CARTESIAN_POINT('',(0.01135,0.00342,-0.00625));
#12831=CARTESIAN_POINT('Origin',(-0.001951,0.00292,-0.00475));
#12832=CARTESIAN_POINT('',(0.01195,0.00242,-0.00475));
#12833=CARTESIAN_POINT('Origin',(0.01195,0.00292,-0.00475));
#12834=CARTESIAN_POINT('',(0.01135,0.00242,-0.00475));
#12835=CARTESIAN_POINT('',(-0.001951,0.00242,-0.00475));
#12836=CARTESIAN_POINT('Origin',(0.01135,0.00292,-0.00475));
#12837=CARTESIAN_POINT('Origin',(-0.001951,0.00242,-0.00625));
#12838=CARTESIAN_POINT('',(0.01195,0.00242,-0.00625));
#12839=CARTESIAN_POINT('',(0.01195,0.00242,-0.00625));
#12840=CARTESIAN_POINT('',(0.0117,0.00242,-0.00625));
#12841=CARTESIAN_POINT('',(-0.001951,0.00242,-0.00625));
#12842=CARTESIAN_POINT('',(0.01135,0.00242,-0.0059));
#12843=CARTESIAN_POINT('',(0.00487450000000003,0.00242,0.000575499999999999));
#12844=CARTESIAN_POINT('',(0.01135,0.00242,-0.00625));
#12845=CARTESIAN_POINT('Origin',(0.011951,0.00242,-0.00625));
#12846=CARTESIAN_POINT('',(-0.00135,0.00242,-0.00475));
#12847=CARTESIAN_POINT('',(-0.00135,0.00242,-0.0059));
#12848=CARTESIAN_POINT('',(-0.00135,0.00242,-0.00625));
#12849=CARTESIAN_POINT('',(-0.0017,0.00242,-0.00625));
#12850=CARTESIAN_POINT('',(0.00512549999999997,0.00242,0.0005755));
#12851=CARTESIAN_POINT('',(-0.00195,0.00242,-0.00625));
#12852=CARTESIAN_POINT('',(0.011951,0.00242,-0.00625));
#12853=CARTESIAN_POINT('',(-0.00195,0.00242,-0.00475));
#12854=CARTESIAN_POINT('',(-0.00195,0.00242,-0.00625));
#12855=CARTESIAN_POINT('',(0.011951,0.00242,-0.00475));
#12856=CARTESIAN_POINT('Origin',(0.011951,0.00342,-0.00625));
#12857=CARTESIAN_POINT('',(-0.00135,0.00342,-0.0059));
#12858=CARTESIAN_POINT('',(-0.00135,0.00342,-0.00475));
#12859=CARTESIAN_POINT('',(-0.00135,0.00342,-0.00625));
#12860=CARTESIAN_POINT('',(-0.00195,0.00342,-0.00475));
#12861=CARTESIAN_POINT('',(0.011951,0.00342,-0.00475));
#12862=CARTESIAN_POINT('',(-0.00195,0.00342,-0.00625));
#12863=CARTESIAN_POINT('',(-0.00195,0.00342,-0.00625));
#12864=CARTESIAN_POINT('',(-0.0017,0.00342,-0.00625));
#12865=CARTESIAN_POINT('',(0.011951,0.00342,-0.00625));
#12866=CARTESIAN_POINT('',(0.00512549999999997,0.00342,0.0005755));
#12867=CARTESIAN_POINT('Origin',(0.011951,0.00292,-0.00475));
#12868=CARTESIAN_POINT('Origin',(-0.00135,0.00292,-0.00475));
#12869=CARTESIAN_POINT('Origin',(-0.00195,0.00292,-0.00475));
#12870=CARTESIAN_POINT('Origin',(0.000850000000000001,-1.00000000000106E-6,
-0.0022));
#12871=CARTESIAN_POINT('',(0.00915,0.00435,-0.0022));
#12872=CARTESIAN_POINT('',(0.000850000000000001,0.00435,-0.0022));
#12873=CARTESIAN_POINT('',(0.000850000000000001,0.00435,-0.0022));
#12874=CARTESIAN_POINT('',(0.000850000000000001,0.0048,-0.0022));
#12875=CARTESIAN_POINT('',(0.000850000000000001,-1.00000000000106E-6,-0.0022));
#12876=CARTESIAN_POINT('',(0.00915,0.0048,-0.0022));
#12877=CARTESIAN_POINT('',(0.000850000000000001,0.0048,-0.0022));
#12878=CARTESIAN_POINT('',(0.00915,-1.00000000000106E-6,-0.0022));
#12879=CARTESIAN_POINT('Origin',(0.00915,-1.00000000000106E-6,-0.00625));
#12880=CARTESIAN_POINT('',(0.00915,0.00435,-0.0059));
#12881=CARTESIAN_POINT('',(0.00915,0.00435,-0.00625));
#12882=CARTESIAN_POINT('',(0.00915,0.0048,-0.00625));
#12883=CARTESIAN_POINT('',(0.00915,0.0048,-0.00625));
#12884=CARTESIAN_POINT('',(0.00915,0.0047,-0.00625));
#12885=CARTESIAN_POINT('',(0.00915,-1.00000000000106E-6,-0.00625));
#12886=CARTESIAN_POINT('',(0.00915,0.00234950000000002,-0.0038995));
#12887=CARTESIAN_POINT('Origin',(0.00085,-1.00000000000106E-6,-0.00625));
#12888=CARTESIAN_POINT('',(0.000850000000000001,0.00435,-0.0059));
#12889=CARTESIAN_POINT('',(0.00085,0.00435,-0.00625));
#12890=CARTESIAN_POINT('',(0.00085,0.0047,-0.00625));
#12891=CARTESIAN_POINT('',(0.000850000000000001,0.00234950000000002,-0.0038995));
#12892=CARTESIAN_POINT('',(0.00085,0.0048,-0.00625));
#12893=CARTESIAN_POINT('',(0.00085,-1.00000000000106E-6,-0.00625));
#12894=CARTESIAN_POINT('',(0.00085,0.0048,-0.00625));
#12895=CARTESIAN_POINT('Origin',(-0.00035,-9.27818985034918E-19,-0.000650000000000001));
#12896=CARTESIAN_POINT('',(-0.00035,-9.27818985034918E-19,-0.000250000000000001));
#12897=CARTESIAN_POINT('',(-0.00035,0.00345,-0.00025));
#12898=CARTESIAN_POINT('',(-0.00035,-9.27818985034918E-19,-0.000250000000000001));
#12899=CARTESIAN_POINT('',(-0.00035,-9.27818985034918E-19,-0.000650000000000001));
#12900=CARTESIAN_POINT('',(-0.00035,-9.27818985034918E-19,-0.000650000000000001));
#12901=CARTESIAN_POINT('',(-0.00035,0.00345,-0.000650000000000001));
#12902=CARTESIAN_POINT('',(-0.00035,-9.27818985034918E-19,-0.000650000000000001));
#12903=CARTESIAN_POINT('',(-0.00035,0.00345,-0.000650000000000001));
#12904=CARTESIAN_POINT('Origin',(0.00035,-9.27818985034918E-19,-0.000650000000000001));
#12905=CARTESIAN_POINT('',(0.00035,-9.27818985034918E-19,-0.000250000000000001));
#12906=CARTESIAN_POINT('',(0.000349999999999999,0.00345,-0.000250000000000001));
#12907=CARTESIAN_POINT('',(0.00035,-9.27818985034918E-19,-0.000250000000000001));
#12908=CARTESIAN_POINT('',(0.000349999999999999,0.00345,-0.000650000000000001));
#12909=CARTESIAN_POINT('',(0.000349999999999999,0.00345,-0.000650000000000001));
#12910=CARTESIAN_POINT('',(0.00035,-9.27818985034918E-19,-0.000650000000000001));
#12911=CARTESIAN_POINT('',(0.00035,-9.27818985034918E-19,-0.000650000000000001));
#12912=CARTESIAN_POINT('',(0.00035,-9.27818985034918E-19,-0.000650000000000001));
#12913=CARTESIAN_POINT('Origin',(-0.00035,0.00345,-0.000650000000000001));
#12914=CARTESIAN_POINT('',(-0.00035,0.00345,-0.000250000000000001));
#12915=CARTESIAN_POINT('',(-0.00035,0.00345,-0.000650000000000001));
#12916=CARTESIAN_POINT('Origin',(-0.00135,0.00435,0.0129503787824441));
#12917=CARTESIAN_POINT('',(-0.00118,0.00435,-0.00025));
#12918=CARTESIAN_POINT('',(-0.00118,0.00435,-0.00205));
#12919=CARTESIAN_POINT('',(-0.00118,0.00435,-0.00416));
#12920=CARTESIAN_POINT('',(-0.00022,0.00435,-0.00025));
#12921=CARTESIAN_POINT('',(-0.00118,0.00435,-0.00025));
#12922=CARTESIAN_POINT('',(-0.00022,0.00435,-0.00205));
#12923=CARTESIAN_POINT('',(-0.00022,0.00435,-0.00416));
#12924=CARTESIAN_POINT('',(-0.00135,0.00435,-0.00205));
#12925=CARTESIAN_POINT('Origin',(-0.00022,0.000323872828635435,-0.00416));
#12926=CARTESIAN_POINT('',(-0.00022,0.00435,-0.00416));
#12927=CARTESIAN_POINT('',(-0.00022,0.00435,-0.00416));
#12928=CARTESIAN_POINT('',(-0.00022,0.0048,-0.00025));
#12929=CARTESIAN_POINT('',(-0.00022,0.000323872828635435,-0.00025));
#12930=CARTESIAN_POINT('',(-0.00022,0.0048,-0.00416));
#12931=CARTESIAN_POINT('',(-0.00022,0.0048,-0.00416));
#12932=CARTESIAN_POINT('',(-0.00022,0.000323872828635435,-0.00416));
#12933=CARTESIAN_POINT('Origin',(-0.00118,0.000323872828635435,-0.00416));
#12934=CARTESIAN_POINT('',(-0.00118,0.00435,-0.00416));
#12935=CARTESIAN_POINT('',(-0.00118,0.00435,-0.00416));
#12936=CARTESIAN_POINT('',(-0.00118,0.0048,-0.00416));
#12937=CARTESIAN_POINT('',(-0.00118,0.0048,-0.00416));
#12938=CARTESIAN_POINT('',(-0.00118,0.000323872828635435,-0.00416));
#12939=CARTESIAN_POINT('Origin',(-0.00118,0.000323872828635435,-0.00416));
#12940=CARTESIAN_POINT('',(-0.00118,0.00435,-0.00416));
#12941=CARTESIAN_POINT('',(-0.00118,0.0048,-0.00025));
#12942=CARTESIAN_POINT('',(-0.00118,0.0048,-0.00416));
#12943=CARTESIAN_POINT('',(-0.00118,0.000323872828635435,-0.00025));
#12944=CARTESIAN_POINT('Origin',(-0.00135,0.00435,0.0129503787824441));
#12945=CARTESIAN_POINT('',(0.01022,0.00435,-0.00025));
#12946=CARTESIAN_POINT('',(0.01022,0.00435,-0.00205));
#12947=CARTESIAN_POINT('',(0.01022,0.00435,-0.00416));
#12948=CARTESIAN_POINT('',(0.01118,0.00435,-0.000250000000000002));
#12949=CARTESIAN_POINT('',(0.01118,0.00435,-0.000250000000000002));
#12950=CARTESIAN_POINT('',(0.01118,0.00435,-0.00205));
#12951=CARTESIAN_POINT('',(0.01118,0.00435,-0.00416));
#12952=CARTESIAN_POINT('',(-0.00135,0.00435,-0.00205));
#12953=CARTESIAN_POINT('Origin',(0.01118,0.000323872828635435,-0.00416));
#12954=CARTESIAN_POINT('',(0.01022,0.00435,-0.00416));
#12955=CARTESIAN_POINT('',(0.01118,0.00435,-0.00416));
#12956=CARTESIAN_POINT('',(0.01118,0.00435,-0.00416));
#12957=CARTESIAN_POINT('',(0.01118,0.0048,-0.00416));
#12958=CARTESIAN_POINT('',(0.01118,0.000323872828635435,-0.00416));
#12959=CARTESIAN_POINT('',(0.01022,0.0048,-0.00416));
#12960=CARTESIAN_POINT('',(0.01118,0.0048,-0.00416));
#12961=CARTESIAN_POINT('',(0.01022,0.000323872828635435,-0.00416));
#12962=CARTESIAN_POINT('Origin',(0.01022,0.000323872828635435,-0.00416));
#12963=CARTESIAN_POINT('',(0.01022,0.00435,-0.00416));
#12964=CARTESIAN_POINT('',(0.01022,0.0048,-0.000250000000000002));
#12965=CARTESIAN_POINT('',(0.01022,0.0048,-0.00416));
#12966=CARTESIAN_POINT('',(0.01022,0.000323872828635435,-0.000250000000000002));
#12967=CARTESIAN_POINT('Origin',(0.01118,0.000323872828635435,-0.00416));
#12968=CARTESIAN_POINT('',(0.01118,0.00435,-0.00416));
#12969=CARTESIAN_POINT('',(0.01118,0.0048,-0.000250000000000002));
#12970=CARTESIAN_POINT('',(0.01118,0.000323872828635435,-0.000250000000000002));
#12971=CARTESIAN_POINT('',(0.01118,0.0048,-0.00416));
#12972=CARTESIAN_POINT('Origin',(-0.00135,0.00435,-0.0059));
#12973=CARTESIAN_POINT('',(0.0117,0.0047,-0.00625));
#12974=CARTESIAN_POINT('',(-0.00135,0.0047,-0.00625));
#12975=CARTESIAN_POINT('',(0.01135,0.00435,-0.0059));
#12976=CARTESIAN_POINT('',(0.00711666666666667,0.000116666666666682,-0.00166666666666665));
#12977=CARTESIAN_POINT('',(0.01135,0.00435,-0.0059));
#12978=CARTESIAN_POINT('Origin',(-0.00135,0.000749999999999998,-0.0059));
#12979=CARTESIAN_POINT('',(-0.00135,0.000749999999999998,-0.0059));
#12980=CARTESIAN_POINT('',(-0.00135,0.00435,-0.0059));
#12981=CARTESIAN_POINT('',(-0.0017,0.000399999999999997,-0.00625));
#12982=CARTESIAN_POINT('',(-0.00135,0.000749999999999998,-0.0059));
#12983=CARTESIAN_POINT('',(-0.0017,0.000749999999999998,-0.00625));
#12984=CARTESIAN_POINT('Origin',(0.01135,0.000749999999999997,-0.0059));
#12985=CARTESIAN_POINT('',(0.0117,0.000399999999999996,-0.00625));
#12986=CARTESIAN_POINT('',(0.01135,0.000749999999999997,-0.0059));
#12987=CARTESIAN_POINT('',(0.01135,0.000749999999999997,-0.0059));
#12988=CARTESIAN_POINT('',(0.01135,0.000399999999999996,-0.00625));
#12989=CARTESIAN_POINT('',(-0.00135,0.000749999999999998,-0.0059));
#12990=CARTESIAN_POINT('Origin',(-0.00135,0.000749999999999998,0.0129503787824441));
#12991=CARTESIAN_POINT('',(-0.00135,0.00435,-0.00205));
#12992=CARTESIAN_POINT('',(-0.00135,0.000749999999999998,-0.00205));
#12993=CARTESIAN_POINT('',(-0.00135,0.000749999999999998,-0.0014));
#12994=CARTESIAN_POINT('',(-0.00135,0.000749999999999998,-0.0014));
#12995=CARTESIAN_POINT('',(-0.00135,0.000749999999999998,0.0129503787824441));
#12996=CARTESIAN_POINT('',(-0.00135,0.00435,-0.0059));
#12997=CARTESIAN_POINT('',(-0.00135,0.00435,-0.0059));
#12998=CARTESIAN_POINT('',(-0.00135,0.00435,0.0129503787824441));
#12999=CARTESIAN_POINT('Origin',(-0.00135,0.00435,0.0129503787824441));
#13000=CARTESIAN_POINT('',(0.01135,0.00435,-0.0059));
#13001=CARTESIAN_POINT('',(0.01135,0.00435,-0.00205));
#13002=CARTESIAN_POINT('',(0.01135,0.00435,0.0129503787824441));
#13003=CARTESIAN_POINT('',(-0.00135,0.00435,-0.00205));
#13004=CARTESIAN_POINT('',(-0.00135,0.00435,-0.00205));
#13005=CARTESIAN_POINT('',(-0.00135,0.00435,-0.00205));
#13006=CARTESIAN_POINT('Origin',(0.01195,0.0048,-0.00625));
#13007=CARTESIAN_POINT('',(-0.00195,0.0048,-0.00625));
#13008=CARTESIAN_POINT('',(0.01195,0.0048,-0.00625));
#13009=CARTESIAN_POINT('',(-0.00195,0.0048,-0.00025));
#13010=CARTESIAN_POINT('',(-0.00195,0.0048,-0.00625));
#13011=CARTESIAN_POINT('',(0.01195,0.0048,-0.00025));
#13012=CARTESIAN_POINT('',(0.01195,0.0048,-0.00025));
#13013=CARTESIAN_POINT('',(0.01195,0.0048,-0.00025));
#13014=CARTESIAN_POINT('',(0.01195,0.0048,-0.00025));
#13015=CARTESIAN_POINT('',(0.01195,0.0048,-0.00625));
#13016=CARTESIAN_POINT('',(0.01195,0.0048,-0.00625));
#13017=CARTESIAN_POINT('',(0.01195,0.0048,-0.00625));
#13018=CARTESIAN_POINT('Origin',(-0.00195,0.0048,-0.00625));
#13019=CARTESIAN_POINT('',(-0.00195,0.0048,-0.00625));
#13020=CARTESIAN_POINT('',(-0.00195,-6.04572470465148E-20,-0.00625));
#13021=CARTESIAN_POINT('',(-0.00195,0.0048,-0.00625));
#13022=CARTESIAN_POINT('',(-0.00195,-6.04572470465148E-20,-0.00625));
#13023=CARTESIAN_POINT('',(-0.00195,0.0048,-0.00025));
#13024=CARTESIAN_POINT('Origin',(0.01195,-3.05386606875986E-19,-0.00625));
#13025=CARTESIAN_POINT('',(0.01195,-3.05386606875986E-19,-0.00025));
#13026=CARTESIAN_POINT('',(0.00165,-9.27818985034918E-19,-0.000650000000000001));
#13027=CARTESIAN_POINT('',(0.01195,-3.05386606875986E-19,-0.00025));
#13028=CARTESIAN_POINT('',(-0.00035,-9.27818985034918E-19,-0.000650000000000001));
#13029=CARTESIAN_POINT('',(0.01195,-3.05386606875986E-19,-0.00025));
#13030=CARTESIAN_POINT('',(0.01195,-3.05386606875986E-19,-0.00625));
#13031=CARTESIAN_POINT('',(0.01195,-3.05386606875986E-19,-0.00625));
#13032=CARTESIAN_POINT('',(0.01195,-3.05386606875986E-19,-0.00625));
#13033=CARTESIAN_POINT('',(0.01195,-3.05386606875986E-19,-0.00025));
#13034=CARTESIAN_POINT('',(0.00965,-9.27818985034918E-19,-0.000650000000000001));
#13035=CARTESIAN_POINT('',(0.01195,-3.05386606875986E-19,-0.00025));
#13036=CARTESIAN_POINT('',(0.00765,-9.27818985034918E-19,-0.000650000000000001));
#13037=CARTESIAN_POINT('',(0.01195,-3.05386606875986E-19,-0.00025));
#13038=CARTESIAN_POINT('',(0.00565,-9.27818985034918E-19,-0.000650000000000001));
#13039=CARTESIAN_POINT('',(0.01195,-3.05386606875986E-19,-0.00025));
#13040=CARTESIAN_POINT('',(0.00365,-9.27818985034918E-19,-0.000650000000000001));
#13041=CARTESIAN_POINT('Origin',(-0.00135,0.00435,-0.0059));
#13042=CARTESIAN_POINT('',(-0.0017,0.0047,-0.00625));
#13043=CARTESIAN_POINT('',(-0.00135,0.00435,-0.0059));
#13044=CARTESIAN_POINT('',(-0.00135,0.0047,-0.00625));
#13045=CARTESIAN_POINT('Origin',(-0.00135,0.000749999999999998,-0.0059));
#13046=CARTESIAN_POINT('',(-0.0017,0.000749999999999998,-0.00625));
#13047=CARTESIAN_POINT('Origin',(-0.00195,-6.04572470465148E-20,-0.00625));
#13048=CARTESIAN_POINT('Origin',(0.01135,0.000749999999999997,-0.0059));
#13049=CARTESIAN_POINT('',(0.0117,0.00435,-0.00625));
#13050=CARTESIAN_POINT('',(0.01135,0.000749999999999997,-0.0059));
#13051=CARTESIAN_POINT('Origin',(0.01135,0.000749999999999997,-0.0059));
#13052=CARTESIAN_POINT('',(0.01135,0.000749999999999997,-0.0059));
#13053=CARTESIAN_POINT('',(0.0117,0.00435,-0.00625));
#13054=CARTESIAN_POINT('Origin',(0.01135,0.000749999999999997,0.0129503787824441));
#13055=CARTESIAN_POINT('',(0.01135,0.000749999999999997,-0.0014));
#13056=CARTESIAN_POINT('',(0.01135,0.000749999999999997,-0.0014));
#13057=CARTESIAN_POINT('',(0.01135,0.000749999999999997,-0.00205));
#13058=CARTESIAN_POINT('',(0.01135,0.000749999999999997,0.0129503787824441));
#13059=CARTESIAN_POINT('Origin',(-0.00195,-6.04572470465148E-20,-0.00625));
#13060=CARTESIAN_POINT('',(0.01195,0.0048,-0.00625));
#13061=CARTESIAN_POINT('Origin',(-0.00195,-6.04572470465148E-20,-0.00625));
#13062=CARTESIAN_POINT('',(0.01195,0.0048,-0.00625));
#13063=CARTESIAN_POINT('Origin',(0.01195,0.0048,-0.00625));
#13064=CARTESIAN_POINT('',(0.01195,0.0048,-0.00025));
#13065=CARTESIAN_POINT('Origin',(-0.00195,-6.04572470465148E-20,-0.0014));
#13066=CARTESIAN_POINT('',(-0.00135,0.000749999999999998,-0.0014));
#13067=CARTESIAN_POINT('',(-0.00135,0.000749999999999998,-0.0014));
#13068=CARTESIAN_POINT('',(-0.00135,0.000749999999999998,-0.0014));
#13069=CARTESIAN_POINT('',(-0.00135,0.000749999999999998,-0.0014));
#13070=CARTESIAN_POINT('',(-0.00135,0.000749999999999998,-0.0014));
#13071=CARTESIAN_POINT('',(-0.00135,0.000749999999999998,-0.0014));
#13072=CARTESIAN_POINT('Origin',(0.01135,0.000749999999999997,0.0129503787824441));
#13073=CARTESIAN_POINT('Origin',(-0.00195,-6.04572470465148E-20,-0.00025));
#13074=CARTESIAN_POINT('Origin',(-0.00195,-6.04572470465148E-20,-0.000650000000000001));
#13075=CARTESIAN_POINT('Origin',(5.00000000000003E-5,-6.04572470465148E-20,
-0.000650000000000001));
#13076=CARTESIAN_POINT('Origin',(0.00205,-6.04572470465148E-20,-0.000650000000000001));
#13077=CARTESIAN_POINT('Origin',(0.00405,-6.04572470465148E-20,-0.000650000000000001));
#13078=CARTESIAN_POINT('Origin',(0.00605,-6.04572470465148E-20,-0.000650000000000001));
#13079=CARTESIAN_POINT('Origin',(0.00805,-6.04572470465148E-20,-0.000650000000000001));
#13080=CARTESIAN_POINT('Origin',(-0.00195,-6.04572470465148E-20,-0.00205));
#13081=CARTESIAN_POINT('',(0.,0.,0.));
#13082=CARTESIAN_POINT('Origin',(0.,0.,-0.0592));
#13083=CARTESIAN_POINT('',(0.0015,0.002,-0.015));
#13084=CARTESIAN_POINT('',(0.0015,0.002,-0.000300000000000002));
#13085=CARTESIAN_POINT('',(0.0015,0.002,-0.015));
#13086=CARTESIAN_POINT('',(-0.0025,-3.06161699786838E-19,-0.000300000000000002));
#13087=CARTESIAN_POINT('Origin',(0.,0.,-0.000300000000000002));
#13088=CARTESIAN_POINT('',(-0.0025,0.,-0.0589));
#13089=CARTESIAN_POINT('',(-0.0025,-3.06161699786838E-19,-0.0592));
#13090=CARTESIAN_POINT('Origin',(0.,0.,-0.0589));
#13091=CARTESIAN_POINT('',(-0.0015,0.002,-0.000300000000000002));
#13092=CARTESIAN_POINT('Origin',(0.,0.,-0.000300000000000002));
#13093=CARTESIAN_POINT('',(-0.0015,0.002,-0.015));
#13094=CARTESIAN_POINT('',(-0.0015,0.002,-0.015));
#13095=CARTESIAN_POINT('Origin',(0.,0.,-0.015));
#13096=CARTESIAN_POINT('Origin',(0.,0.,-0.0592));
#13097=CARTESIAN_POINT('',(-0.0022,0.,-0.0592));
#13098=CARTESIAN_POINT('Origin',(0.,0.,-0.0592));
#13099=CARTESIAN_POINT('Origin',(0.,0.,0.));
#13100=CARTESIAN_POINT('',(0.000916515138991167,0.002,0.));
#13101=CARTESIAN_POINT('',(-0.000916515138991167,0.002,0.));
#13102=CARTESIAN_POINT('',(-0.0015,0.002,0.));
#13103=CARTESIAN_POINT('Origin',(0.,0.,0.));
#13104=CARTESIAN_POINT('Origin',(-0.0015,0.002,-0.015));
#13105=CARTESIAN_POINT('Ctrl Pts',(-0.0015,0.002,-0.000300000000000005));
#13106=CARTESIAN_POINT('Ctrl Pts',(-0.00118963571221306,0.002,-0.000113781427327841));
#13107=CARTESIAN_POINT('Ctrl Pts',(-0.000916515138962065,0.002,1.21227607675548E-14));
#13108=CARTESIAN_POINT('Ctrl Pts',(0.000916515138962082,0.002,1.21159528366856E-14));
#13109=CARTESIAN_POINT('Ctrl Pts',(0.00118963571221308,0.002,-0.000113781427327847));
#13110=CARTESIAN_POINT('Ctrl Pts',(0.00150000000000001,0.002,-0.000300000000000007));
#13111=CARTESIAN_POINT('',(-0.0015,0.002,-0.015));
#13112=CARTESIAN_POINT('Origin',(0.,0.,-0.015));
#13113=CARTESIAN_POINT('Origin',(0.,0.,-0.000300000000000002));
#13114=CARTESIAN_POINT('Origin',(0.,0.,-0.0592));
#13115=CARTESIAN_POINT('',(-0.0022,-2.69422295812418E-19,-0.0592));
#13116=CARTESIAN_POINT('',(0.,0.,0.));
#13117=CARTESIAN_POINT('Origin',(0.00259999999999912,2.51968584885631E-16,
0.));
#13118=CARTESIAN_POINT('',(-0.00237179545033785,0.000375,0.000375));
#13119=CARTESIAN_POINT('',(-0.00235502067525668,0.00029626020282667,0.0006));
#13120=CARTESIAN_POINT('Origin',(0.00259999999999912,0.000450999830784534,
0.000157829489782936));
#13121=CARTESIAN_POINT('',(-0.00215493165040253,0.000375,0.0015));
#13122=CARTESIAN_POINT('Origin',(0.00259999999999912,0.000241915320439596,
-2.11648480716834E-5));
#13123=CARTESIAN_POINT('',(-0.00215493165040249,-0.000375,0.0015));
#13124=CARTESIAN_POINT('Origin',(0.00259999999999912,2.51968584885631E-16,
0.0015));
#13125=CARTESIAN_POINT('',(-0.00235502067525665,-0.00029626020282667,0.0006));
#13126=CARTESIAN_POINT('Origin',(0.00259999999999912,-0.000241915320439592,
-2.11648480717272E-5));
#13127=CARTESIAN_POINT('',(-0.00237179545033781,-0.000375,0.000375));
#13128=CARTESIAN_POINT('Origin',(0.00259999999999912,-0.000450999830784479,
0.000157829489783093));
#13129=CARTESIAN_POINT('',(-0.00235502067525663,-0.0006,0.00029626020282667));
#13130=CARTESIAN_POINT('Origin',(0.00259999999999912,-0.00015782948978279,
0.000450999830784585));
#13131=CARTESIAN_POINT('',(-0.00215493165040243,-0.0015,0.000375));
#13132=CARTESIAN_POINT('Origin',(0.00259999999999912,2.11648480719553E-5,
0.000241915320439572));
#13133=CARTESIAN_POINT('',(-0.00215493165040243,-0.0015,-0.000375));
#13134=CARTESIAN_POINT('Origin',(0.00259999999999912,-0.0015,0.));
#13135=CARTESIAN_POINT('',(-0.00235502067525663,-0.0006,-0.00029626020282667));
#13136=CARTESIAN_POINT('Origin',(0.00259999999999912,2.11648480719553E-5,
-0.000241915320439572));
#13137=CARTESIAN_POINT('',(-0.00237179545033781,-0.000375,-0.000375));
#13138=CARTESIAN_POINT('Origin',(0.00259999999999912,-0.00015782948978279,
-0.000450999830784585));
#13139=CARTESIAN_POINT('',(-0.00235502067525665,-0.00029626020282667,-0.0006));
#13140=CARTESIAN_POINT('Origin',(0.00259999999999912,-0.000450999830784479,
-0.000157829489783093));
#13141=CARTESIAN_POINT('',(-0.00215493165040249,-0.000375,-0.0015));
#13142=CARTESIAN_POINT('Origin',(0.00259999999999912,-0.000241915320439592,
2.11648480717272E-5));
#13143=CARTESIAN_POINT('',(-0.00215493165040253,0.000375,-0.0015));
#13144=CARTESIAN_POINT('Origin',(0.00259999999999912,2.51968584885631E-16,
-0.0015));
#13145=CARTESIAN_POINT('',(-0.00235502067525668,0.00029626020282667,-0.0006));
#13146=CARTESIAN_POINT('Origin',(0.00259999999999912,0.000241915320439596,
2.11648480716834E-5));
#13147=CARTESIAN_POINT('',(-0.00237179545033785,0.000375,-0.000375));
#13148=CARTESIAN_POINT('Origin',(0.00259999999999912,0.000450999830784534,
-0.000157829489782936));
#13149=CARTESIAN_POINT('',(-0.0023550206752567,0.0006,-0.00029626020282667));
#13150=CARTESIAN_POINT('Origin',(0.00259999999999912,0.000157829489783239,
-0.000450999830784428));
#13151=CARTESIAN_POINT('',(-0.00215493165040259,0.0015,-0.000375));
#13152=CARTESIAN_POINT('Origin',(0.00259999999999912,-2.11648480714552E-5,
-0.000241915320439616));
#13153=CARTESIAN_POINT('',(-0.00216969600708477,0.0015,-1.83697019872072E-19));
#13154=CARTESIAN_POINT('Origin',(0.00259999999999912,0.0015,0.));
#13155=CARTESIAN_POINT('',(-0.0016356694707708,0.0026568974640321,-3.25376097498932E-19));
#13156=CARTESIAN_POINT('Origin',(0.00259999999999912,2.51968584885631E-16,
0.));
#13157=CARTESIAN_POINT('',(-0.0016356694707708,0.,0.0026568974640321));
#13158=CARTESIAN_POINT('Origin',(-0.0016356694707708,0.,0.));
#13159=CARTESIAN_POINT('Origin',(-0.0016356694707708,0.,0.));
#13160=CARTESIAN_POINT('',(-0.00215493165040259,0.0015,0.000375));
#13161=CARTESIAN_POINT('Origin',(0.00259999999999912,0.0015,0.));
#13162=CARTESIAN_POINT('',(-0.0023550206752567,0.0006,0.00029626020282667));
#13163=CARTESIAN_POINT('Origin',(0.00259999999999912,-2.11648480714552E-5,
0.000241915320439616));
#13164=CARTESIAN_POINT('Origin',(0.00259999999999912,0.000157829489783239,
0.000450999830784428));
#13165=CARTESIAN_POINT('Origin',(-0.0016356694707708,0.,0.));
#13166=CARTESIAN_POINT('',(0.,0.,0.0028));
#13167=CARTESIAN_POINT('Origin',(0.,0.,0.));
#13168=CARTESIAN_POINT('',(-0.0016356694707708,-3.25376097498963E-19,0.0026568974640321));
#13169=CARTESIAN_POINT('Origin',(1.0842021724855E-19,0.0028,0.));
#13170=CARTESIAN_POINT('',(0.,-1.77175775666643E-19,-0.00144675));
#13171=CARTESIAN_POINT('Origin',(0.,0.,0.));
#13172=CARTESIAN_POINT('Origin',(9.99999999999229E-5,0.,0.));
#13173=CARTESIAN_POINT('',(9.99999999999994E-5,-1.6492930767517E-19,-0.00134675));
#13174=CARTESIAN_POINT('Origin',(9.99999999999229E-5,-1.77175775666634E-19,
-0.00144674999999992));
#13175=CARTESIAN_POINT('Origin',(9.99999999999994E-5,0.,0.));
#13176=CARTESIAN_POINT('Origin',(0.03,0.,0.));
#13177=CARTESIAN_POINT('',(0.0041,-1.6492930767517E-19,-0.00134675));
#13178=CARTESIAN_POINT('',(0.03,-1.6492930767517E-19,-0.00134675));
#13179=CARTESIAN_POINT('',(0.0041,0.,0.00134675));
#13180=CARTESIAN_POINT('Origin',(0.0041,0.,0.));
#13181=CARTESIAN_POINT('Origin',(0.0041,0.,0.));
#13182=CARTESIAN_POINT('Origin',(0.0041,0.,0.));
#13183=CARTESIAN_POINT('',(0.005,0.,0.0015));
#13184=CARTESIAN_POINT('',(0.005,-1.83697019872103E-19,-0.0015));
#13185=CARTESIAN_POINT('Origin',(0.005,0.,0.));
#13186=CARTESIAN_POINT('Origin',(0.005,0.,0.));
#13187=CARTESIAN_POINT('',(0.0041,-1.6492930767517E-19,0.00134675));
#13188=CARTESIAN_POINT('Origin',(0.03,0.,0.));
#13189=CARTESIAN_POINT('',(0.029783271771566,-1.83697019872103E-19,-0.0015));
#13190=CARTESIAN_POINT('',(0.03,-1.83697019872103E-19,-0.0015));
#13191=CARTESIAN_POINT('Origin',(0.029783271771566,0.,0.));
#13192=CARTESIAN_POINT('Origin',(0.029783271771566,0.,0.));
#13193=CARTESIAN_POINT('',(0.03,-1.46161595478237E-19,-0.0011935));
#13194=CARTESIAN_POINT('',(0.029783271771566,-1.83697019872103E-19,-0.0015));
#13195=CARTESIAN_POINT('Origin',(0.03,0.,0.));
#13196=CARTESIAN_POINT('Origin',(0.03,0.0011935,0.));
#13197=CARTESIAN_POINT('Origin',(-0.0012,0.00029626020282667,0.0006));
#13198=CARTESIAN_POINT('',(-0.0012,0.00029626020282667,0.0006));
#13199=CARTESIAN_POINT('',(-0.0012,0.00029626020282667,0.0006));
#13200=CARTESIAN_POINT('',(-0.0012,0.000375,0.0015));
#13201=CARTESIAN_POINT('',(-0.0012,0.00029626020282667,0.0006));
#13202=CARTESIAN_POINT('',(-0.0012,0.000375,0.0015));
#13203=CARTESIAN_POINT('Origin',(-0.0012,0.000375,0.0015));
#13204=CARTESIAN_POINT('',(-0.0012,-0.000375,0.0015));
#13205=CARTESIAN_POINT('',(-0.0012,0.000375,0.0015));
#13206=CARTESIAN_POINT('',(-0.0012,-0.000375,0.0015));
#13207=CARTESIAN_POINT('Origin',(-0.0012,-0.000375,0.0015));
#13208=CARTESIAN_POINT('',(-0.0012,-0.00029626020282667,0.0006));
#13209=CARTESIAN_POINT('',(-0.0012,-0.000375,0.0015));
#13210=CARTESIAN_POINT('',(-0.0012,-0.00029626020282667,0.0006));
#13211=CARTESIAN_POINT('Origin',(-0.0012,-0.00029626020282667,0.0006));
#13212=CARTESIAN_POINT('',(-0.0012,-0.000375,0.000375));
#13213=CARTESIAN_POINT('',(-0.0012,-0.00029626020282667,0.0006));
#13214=CARTESIAN_POINT('',(-0.0012,-0.000375,0.000375));
#13215=CARTESIAN_POINT('Origin',(-0.0012,-0.000375,0.000375));
#13216=CARTESIAN_POINT('',(-0.0012,-0.0006,0.00029626020282667));
#13217=CARTESIAN_POINT('',(-0.0012,-0.000375,0.000375));
#13218=CARTESIAN_POINT('',(-0.0012,-0.0006,0.00029626020282667));
#13219=CARTESIAN_POINT('Origin',(-0.0012,-0.0006,0.00029626020282667));
#13220=CARTESIAN_POINT('',(-0.0012,-0.0015,0.000375));
#13221=CARTESIAN_POINT('',(-0.0012,-0.0006,0.00029626020282667));
#13222=CARTESIAN_POINT('',(-0.0012,-0.0015,0.000375));
#13223=CARTESIAN_POINT('Origin',(-0.0012,-0.0015,0.000375));
#13224=CARTESIAN_POINT('',(-0.0012,-0.0015,-0.000375));
#13225=CARTESIAN_POINT('',(-0.0012,-0.0015,0.000375));
#13226=CARTESIAN_POINT('',(-0.0012,-0.0015,-0.000375));
#13227=CARTESIAN_POINT('Origin',(-0.0012,-0.0015,-0.000375));
#13228=CARTESIAN_POINT('',(-0.0012,-0.0006,-0.00029626020282667));
#13229=CARTESIAN_POINT('',(-0.0012,-0.0015,-0.000375));
#13230=CARTESIAN_POINT('',(-0.0012,-0.0006,-0.00029626020282667));
#13231=CARTESIAN_POINT('Origin',(-0.0012,-0.0006,-0.00029626020282667));
#13232=CARTESIAN_POINT('',(-0.0012,-0.000375,-0.000375));
#13233=CARTESIAN_POINT('',(-0.0012,-0.0006,-0.00029626020282667));
#13234=CARTESIAN_POINT('',(-0.0012,-0.000375,-0.000375));
#13235=CARTESIAN_POINT('Origin',(-0.0012,-0.000375,-0.000375));
#13236=CARTESIAN_POINT('',(-0.0012,-0.00029626020282667,-0.0006));
#13237=CARTESIAN_POINT('',(-0.0012,-0.000375,-0.000375));
#13238=CARTESIAN_POINT('',(-0.0012,-0.00029626020282667,-0.0006));
#13239=CARTESIAN_POINT('Origin',(-0.0012,-0.00029626020282667,-0.0006));
#13240=CARTESIAN_POINT('',(-0.0012,-0.000375,-0.0015));
#13241=CARTESIAN_POINT('',(-0.0012,-0.00029626020282667,-0.0006));
#13242=CARTESIAN_POINT('',(-0.0012,-0.000375,-0.0015));
#13243=CARTESIAN_POINT('Origin',(-0.0012,-0.000375,-0.0015));
#13244=CARTESIAN_POINT('',(-0.0012,0.000375,-0.0015));
#13245=CARTESIAN_POINT('',(-0.0012,-0.000375,-0.0015));
#13246=CARTESIAN_POINT('',(-0.0012,0.000375,-0.0015));
#13247=CARTESIAN_POINT('Origin',(-0.0012,0.000375,-0.0015));
#13248=CARTESIAN_POINT('',(-0.0012,0.00029626020282667,-0.0006));
#13249=CARTESIAN_POINT('',(-0.0012,0.000375,-0.0015));
#13250=CARTESIAN_POINT('',(-0.0012,0.00029626020282667,-0.0006));
#13251=CARTESIAN_POINT('Origin',(-0.0012,0.00029626020282667,-0.0006));
#13252=CARTESIAN_POINT('',(-0.0012,0.000375,-0.000375));
#13253=CARTESIAN_POINT('',(-0.0012,0.00029626020282667,-0.0006));
#13254=CARTESIAN_POINT('',(-0.0012,0.000375,-0.000375));
#13255=CARTESIAN_POINT('Origin',(-0.0012,0.000375,-0.000375));
#13256=CARTESIAN_POINT('',(-0.0012,0.0006,-0.00029626020282667));
#13257=CARTESIAN_POINT('',(-0.0012,0.000375,-0.000375));
#13258=CARTESIAN_POINT('',(-0.0012,0.0006,-0.00029626020282667));
#13259=CARTESIAN_POINT('Origin',(-0.0012,0.0006,-0.00029626020282667));
#13260=CARTESIAN_POINT('',(-0.0012,0.0015,-0.000375));
#13261=CARTESIAN_POINT('',(-0.0012,0.0006,-0.00029626020282667));
#13262=CARTESIAN_POINT('',(-0.0012,0.0015,-0.000375));
#13263=CARTESIAN_POINT('Origin',(-0.0012,0.0015,-0.000375));
#13264=CARTESIAN_POINT('',(-0.0012,0.0015,0.000375));
#13265=CARTESIAN_POINT('',(-0.0012,0.0015,-0.000375));
#13266=CARTESIAN_POINT('',(-0.0012,0.0015,0.000375));
#13267=CARTESIAN_POINT('Origin',(-0.0012,0.0015,0.000375));
#13268=CARTESIAN_POINT('',(-0.0012,0.0006,0.00029626020282667));
#13269=CARTESIAN_POINT('',(-0.0012,0.0015,0.000375));
#13270=CARTESIAN_POINT('',(-0.0012,0.0006,0.00029626020282667));
#13271=CARTESIAN_POINT('Origin',(-0.0012,0.0006,0.00029626020282667));
#13272=CARTESIAN_POINT('',(-0.0012,0.000375,0.000375));
#13273=CARTESIAN_POINT('',(-0.0012,0.0006,0.00029626020282667));
#13274=CARTESIAN_POINT('',(-0.0012,0.000375,0.000375));
#13275=CARTESIAN_POINT('Origin',(-0.0012,0.000375,0.000375));
#13276=CARTESIAN_POINT('',(-0.0012,0.000375,0.000375));
#13277=CARTESIAN_POINT('Origin',(-0.0012,1.46952762458685E-19,0.));
#13278=CARTESIAN_POINT('',(0.,0.,0.));
#13279=CARTESIAN_POINT('Origin',(0.,0.,0.00025));
#13280=CARTESIAN_POINT('',(0.00397140452079103,-4.86356783450606E-19,0.000166666666666667));
#13281=CARTESIAN_POINT('Origin',(0.,0.,0.000166666666666667));
#13282=CARTESIAN_POINT('',(0.00420710678118655,-5.15221985325123E-19,4.5102810375397E-19));
#13283=CARTESIAN_POINT('Origin',(0.00420710678118655,-5.15221985325123E-19,
0.00025));
#13284=CARTESIAN_POINT('Origin',(0.,0.,4.33680868994202E-19));
#13285=CARTESIAN_POINT('Origin',(-0.005,0.,1.89735380184963E-19));
#13286=CARTESIAN_POINT('',(0.005,-6.12323399573677E-19,0.));
#13287=CARTESIAN_POINT('Origin',(0.,0.,0.));
#13288=CARTESIAN_POINT('Origin',(0.,0.,-0.000589999999999999));
#13289=CARTESIAN_POINT('',(0.005,-6.12323399573677E-19,0.00589999999999999));
#13290=CARTESIAN_POINT('',(0.005,-6.12323399573677E-19,-0.000589999999999999));
#13291=CARTESIAN_POINT('Origin',(0.,0.,0.00589999999999999));
#13292=CARTESIAN_POINT('Origin',(-0.005,0.,0.00589999999999999));
#13293=CARTESIAN_POINT('',(0.00420710678118655,-5.15221985325123E-19,0.00589999999999999));
#13294=CARTESIAN_POINT('Origin',(0.,0.,0.00589999999999999));
#13295=CARTESIAN_POINT('Origin',(0.,0.,0.00564999999999999));
#13296=CARTESIAN_POINT('',(0.00397140452079103,-4.86356783450606E-19,0.00573333333333332));
#13297=CARTESIAN_POINT('Origin',(0.00420710678118655,-5.15221985325123E-19,
0.00564999999999999));
#13298=CARTESIAN_POINT('Origin',(0.,0.,0.00573333333333332));
#13299=CARTESIAN_POINT('Origin',(0.,0.,0.00589999999999999));
#13300=CARTESIAN_POINT('',(0.00302859547920897,-3.70895975952541E-19,0.00573333333333332));
#13301=CARTESIAN_POINT('Origin',(0.0035,-4.28626379701574E-19,0.00589999999999999));
#13302=CARTESIAN_POINT('Origin',(0.,0.,0.00573333333333332));
#13303=CARTESIAN_POINT('Origin',(0.,0.,0.00564999999999999));
#13304=CARTESIAN_POINT('',(0.00279289321881345,-3.42030774078024E-19,0.00589999999999999));
#13305=CARTESIAN_POINT('Origin',(0.00279289321881345,-3.42030774078024E-19,
0.00564999999999999));
#13306=CARTESIAN_POINT('Origin',(0.,0.,0.00589999999999999));
#13307=CARTESIAN_POINT('Origin',(-0.00279289321881345,0.,0.00589999999999999));
#13308=CARTESIAN_POINT('',(0.0025,-3.06161699786838E-19,0.00589999999999999));
#13309=CARTESIAN_POINT('Origin',(0.,0.,0.00589999999999999));
#13310=CARTESIAN_POINT('Origin',(0.,0.,-0.000589999999999999));
#13311=CARTESIAN_POINT('',(0.0025,-3.06161699786838E-19,0.));
#13312=CARTESIAN_POINT('',(0.0025,-3.06161699786838E-19,-0.000589999999999999));
#13313=CARTESIAN_POINT('Origin',(0.,0.,0.));
#13314=CARTESIAN_POINT('Origin',(-0.00279289321881345,0.,4.33680868994202E-19));
#13315=CARTESIAN_POINT('',(0.00279289321881345,-3.42030774078024E-19,8.67361737988404E-19));
#13316=CARTESIAN_POINT('Origin',(0.,0.,8.67361737988404E-19));
#13317=CARTESIAN_POINT('Origin',(0.,0.,0.000250000000000001));
#13318=CARTESIAN_POINT('',(0.00302859547920897,-3.70895975952541E-19,0.000166666666666667));
#13319=CARTESIAN_POINT('Origin',(0.00279289321881345,-3.42030774078024E-19,
0.000250000000000001));
#13320=CARTESIAN_POINT('Origin',(0.,0.,0.000166666666666667));
#13321=CARTESIAN_POINT('Origin',(0.,0.,0.));
#13322=CARTESIAN_POINT('Origin',(0.0035,-4.28626379701574E-19,0.));
#13323=CARTESIAN_POINT('',(0.,0.,0.));
#13324=CARTESIAN_POINT('',(-7.09358431262987E-33,-8.67361737988404E-17,
-5.42101086242752E-17));
#13325=CARTESIAN_POINT('',(3.46944695195361E-18,2.60208521396521E-18,0.0227));
#13326=CARTESIAN_POINT('',(-0.0155,0.0155,-0.00659999999999999));
#13327=CARTESIAN_POINT('',(-0.02025,-0.00500000000000001,-0.00579999999999999));
#13328=CARTESIAN_POINT('',(-6.09710910779601E-17,1.08258397679167E-16,8.67361737988403E-17));
#13329=CARTESIAN_POINT('',(4.62402100158764E-18,-1.56239182998803E-18,0.0523000000000023));
#13330=CARTESIAN_POINT('',(0.0155,0.0155,-0.0066));
#13331=CARTESIAN_POINT('',(0.0155,-0.0155,-0.0066));
#13332=CARTESIAN_POINT('',(-0.0155,-0.0155,-0.0066));
#13333=CARTESIAN_POINT('',(-1.92592994438724E-34,-2.70200528618147E-19,
0.0286));
#13334=CARTESIAN_POINT('',(0.,0.,0.));
#13335=CARTESIAN_POINT('Origin',(0.01505,0.01505,0.027));
#13336=CARTESIAN_POINT('',(0.0162975,0.01505,0.027));
#13337=CARTESIAN_POINT('Origin',(0.01505,0.01505,0.027));
#13338=CARTESIAN_POINT('',(0.0162975,0.01505,0.025));
#13339=CARTESIAN_POINT('',(0.0162975,0.01505,0.027));
#13340=CARTESIAN_POINT('Origin',(0.01505,0.01505,0.025));
#13341=CARTESIAN_POINT('Origin',(-0.01505,-0.01505,0.027));
#13342=CARTESIAN_POINT('',(-0.0138025,-0.01505,0.027));
#13343=CARTESIAN_POINT('Origin',(-0.01505,-0.01505,0.027));
#13344=CARTESIAN_POINT('',(-0.0138025,-0.01505,0.025));
#13345=CARTESIAN_POINT('',(-0.0138025,-0.01505,0.027));
#13346=CARTESIAN_POINT('Origin',(-0.01505,-0.01505,0.025));
#13347=CARTESIAN_POINT('Origin',(-0.01505,0.01505,0.027));
#13348=CARTESIAN_POINT('',(-0.0138025,0.01505,0.027));
#13349=CARTESIAN_POINT('Origin',(-0.01505,0.01505,0.027));
#13350=CARTESIAN_POINT('',(-0.0138025,0.01505,0.025));
#13351=CARTESIAN_POINT('',(-0.0138025,0.01505,0.027));
#13352=CARTESIAN_POINT('Origin',(-0.01505,0.01505,0.025));
#13353=CARTESIAN_POINT('Origin',(0.01505,-0.01505,0.027));
#13354=CARTESIAN_POINT('',(0.0162975,-0.01505,0.027));
#13355=CARTESIAN_POINT('Origin',(0.01505,-0.01505,0.027));
#13356=CARTESIAN_POINT('',(0.0162975,-0.01505,0.025));
#13357=CARTESIAN_POINT('',(0.0162975,-0.01505,0.027));
#13358=CARTESIAN_POINT('Origin',(0.01505,-0.01505,0.025));
#13359=CARTESIAN_POINT('Origin',(2.22044604925031E-18,0.,0.027));
#13360=CARTESIAN_POINT('',(0.011,1.34711147906209E-18,0.027));
#13361=CARTESIAN_POINT('Origin',(2.22044604925031E-18,0.,0.027));
#13362=CARTESIAN_POINT('',(0.011,1.34711147906209E-18,0.025));
#13363=CARTESIAN_POINT('',(0.011,-1.34711147906209E-18,0.027));
#13364=CARTESIAN_POINT('Origin',(2.22044604925031E-18,0.,0.025));
#13365=CARTESIAN_POINT('Origin',(0.027,0.02,0.025));
#13366=CARTESIAN_POINT('',(0.025,0.02,-0.025));
#13367=CARTESIAN_POINT('',(0.025,0.02,0.025));
#13368=CARTESIAN_POINT('',(0.025,0.02,-2.22044604925031E-18));
#13369=CARTESIAN_POINT('',(0.027,0.02,-0.025));
#13370=CARTESIAN_POINT('',(0.027,0.02,-0.025));
#13371=CARTESIAN_POINT('',(0.027,0.02,0.025));
#13372=CARTESIAN_POINT('',(0.027,0.02,0.026));
#13373=CARTESIAN_POINT('',(0.027,0.02,0.025));
#13374=CARTESIAN_POINT('Origin',(0.027,0.02,0.025));
#13375=CARTESIAN_POINT('',(-0.025,0.02,0.025));
#13376=CARTESIAN_POINT('',(-0.025,0.02,-0.025));
#13377=CARTESIAN_POINT('',(-0.025,0.02,0.025));
#13378=CARTESIAN_POINT('',(-0.027,0.02,0.025));
#13379=CARTESIAN_POINT('',(0.027,0.02,0.025));
#13380=CARTESIAN_POINT('',(-0.027,0.02,-0.025));
#13381=CARTESIAN_POINT('',(-0.027,0.02,-0.001));
#13382=CARTESIAN_POINT('',(0.027,0.02,-0.025));
#13383=CARTESIAN_POINT('Origin',(0.027,-0.02,-0.025));
#13384=CARTESIAN_POINT('',(0.025,-0.02,0.025));
#13385=CARTESIAN_POINT('',(0.025,-0.02,-0.025));
#13386=CARTESIAN_POINT('',(0.025,-0.02,-0.025));
#13387=CARTESIAN_POINT('',(0.027,-0.02,0.025));
#13388=CARTESIAN_POINT('',(0.027,-0.02,0.025));
#13389=CARTESIAN_POINT('',(0.027,-0.02,-0.025));
#13390=CARTESIAN_POINT('',(0.027,-0.02,0.000999999999999997));
#13391=CARTESIAN_POINT('',(0.027,-0.02,-0.025));
#13392=CARTESIAN_POINT('Origin',(0.027,-0.02,-0.025));
#13393=CARTESIAN_POINT('',(-0.025,-0.02,-0.025));
#13394=CARTESIAN_POINT('',(-0.025,-0.02,0.025));
#13395=CARTESIAN_POINT('',(-0.025,-0.02,-4.44089209850063E-18));
#13396=CARTESIAN_POINT('',(-0.027,-0.02,-0.025));
#13397=CARTESIAN_POINT('',(0.027,-0.02,-0.025));
#13398=CARTESIAN_POINT('',(-0.027,-0.02,0.025));
#13399=CARTESIAN_POINT('',(-0.027,-0.02,-0.026));
#13400=CARTESIAN_POINT('',(0.027,-0.02,0.025));
#13401=CARTESIAN_POINT('Origin',(-0.025,0.,0.025));
#13402=CARTESIAN_POINT('',(-0.025,-0.025,0.025));
#13403=CARTESIAN_POINT('',(-0.025,0.,0.025));
#13404=CARTESIAN_POINT('',(-0.025,-0.025,-0.025));
#13405=CARTESIAN_POINT('',(-0.025,-0.025,-0.025));
#13406=CARTESIAN_POINT('',(-0.025,0.,-0.025));
#13407=CARTESIAN_POINT('Origin',(-0.025,0.,0.025));
#13408=CARTESIAN_POINT('',(-0.025,0.025,-0.025));
#13409=CARTESIAN_POINT('',(-0.025,0.,-0.025));
#13410=CARTESIAN_POINT('',(-0.025,0.025,0.025));
#13411=CARTESIAN_POINT('',(-0.025,0.025,-0.025));
#13412=CARTESIAN_POINT('',(-0.025,0.,0.025));
#13413=CARTESIAN_POINT('Origin',(0.025,0.,-0.025));
#13414=CARTESIAN_POINT('',(0.025,-0.025,-0.025));
#13415=CARTESIAN_POINT('',(0.025,0.,-0.025));
#13416=CARTESIAN_POINT('',(0.025,-0.025,0.025));
#13417=CARTESIAN_POINT('',(0.025,-0.025,0.025));
#13418=CARTESIAN_POINT('',(0.025,0.,0.025));
#13419=CARTESIAN_POINT('Origin',(0.,-0.025,0.));
#13420=CARTESIAN_POINT('',(0.027,-0.025,-0.027));
#13421=CARTESIAN_POINT('',(0.027,-0.025,0.027));
#13422=CARTESIAN_POINT('',(0.027,-0.025,0.027));
#13423=CARTESIAN_POINT('',(-0.027,-0.025,0.027));
#13424=CARTESIAN_POINT('',(-0.027,-0.025,0.027));
#13425=CARTESIAN_POINT('',(-0.027,-0.025,-0.027));
#13426=CARTESIAN_POINT('',(-0.027,-0.025,-0.027));
#13427=CARTESIAN_POINT('',(0.027,-0.025,-0.027));
#13428=CARTESIAN_POINT('',(0.025,-0.025,-0.025));
#13429=CARTESIAN_POINT('',(-0.025,-0.025,0.025));
#13430=CARTESIAN_POINT('Origin',(-0.025,0.,-0.025));
#13431=CARTESIAN_POINT('',(0.025,0.025,-0.025));
#13432=CARTESIAN_POINT('',(0.025,0.,-0.025));
#13433=CARTESIAN_POINT('',(0.025,0.025,-0.025));
#13434=CARTESIAN_POINT('',(-0.027,0.01,-0.025));
#13435=CARTESIAN_POINT('',(0.027,0.01,-0.025));
#13436=CARTESIAN_POINT('Origin',(0.025,0.,0.025));
#13437=CARTESIAN_POINT('',(0.025,0.025,0.025));
#13438=CARTESIAN_POINT('',(-0.025,0.025,0.025));
#13439=CARTESIAN_POINT('',(0.025,0.,0.025));
#13440=CARTESIAN_POINT('',(0.027,-0.01,0.025));
#13441=CARTESIAN_POINT('',(-0.027,-0.01,0.025));
#13442=CARTESIAN_POINT('Origin',(0.025,0.,-0.025));
#13443=CARTESIAN_POINT('',(0.025,0.025,0.025));
#13444=CARTESIAN_POINT('Origin',(-0.027,0.,0.027));
#13445=CARTESIAN_POINT('',(0.027,0.025,0.027));
#13446=CARTESIAN_POINT('',(0.027,0.,0.027));
#13447=CARTESIAN_POINT('',(-0.027,0.025,0.027));
#13448=CARTESIAN_POINT('',(-0.027,0.025,0.027));
#13449=CARTESIAN_POINT('',(-0.027,0.,0.027));
#13450=CARTESIAN_POINT('Origin',(-0.027,0.,-0.027));
#13451=CARTESIAN_POINT('',(-0.027,0.025,-0.027));
#13452=CARTESIAN_POINT('',(-0.027,0.025,-0.027));
#13453=CARTESIAN_POINT('',(-0.027,0.,-0.027));
#13454=CARTESIAN_POINT('Origin',(0.027,0.,-0.027));
#13455=CARTESIAN_POINT('',(0.027,0.025,-0.027));
#13456=CARTESIAN_POINT('',(0.027,0.025,-0.027));
#13457=CARTESIAN_POINT('',(0.027,0.,-0.027));
#13458=CARTESIAN_POINT('Origin',(0.027,0.,0.027));
#13459=CARTESIAN_POINT('',(0.027,0.025,0.027));
#13460=CARTESIAN_POINT('Origin',(0.,0.025,0.));
#13461=CARTESIAN_POINT('',(1.53602717378714E-18,2.67332042659291E-19,-0.0053));
#13462=CARTESIAN_POINT('',(0.,0.,0.));
#13463=CARTESIAN_POINT('',(0.,0.,0.));
#13464=CARTESIAN_POINT('',(0.,0.,0.));
#13465=CARTESIAN_POINT('',(0.,0.,0.));
#13466=CARTESIAN_POINT('Origin',(0.0045,-0.0020403660875864,0.0115714910978934));
#13467=CARTESIAN_POINT('',(0.002119,-0.0020403660875864,0.0115714910978934));
#13468=CARTESIAN_POINT('',(0.006881,-0.0020403660875864,0.0115714910978934));
#13469=CARTESIAN_POINT('Origin',(0.0045,-0.0020403660875864,0.0115714910978934));
#13470=CARTESIAN_POINT('',(0.00265090265264373,-0.00177989382108601,0.0100942794683751));
#13471=CARTESIAN_POINT('',(0.00634909734735627,-0.00177989382108601,0.0100942794683751));
#13472=CARTESIAN_POINT('Origin',(0.0045,-0.0020403660875864,0.0115714910978934));
#13473=CARTESIAN_POINT('',(0.00626328131618298,-0.00231820317185349,0.0131471835027129));
#13474=CARTESIAN_POINT('',(0.00273671868381702,-0.00231820317185349,0.0131471835027129));
#13475=CARTESIAN_POINT('Origin',(0.0045,-0.0020403660875864,0.0115714910978934));
#13476=CARTESIAN_POINT('Origin',(0.0045,0.0110413882942344,-0.00401873668407661));
#13477=CARTESIAN_POINT('',(0.002119,0.0110413882942344,-0.00401873668407661));
#13478=CARTESIAN_POINT('',(0.006881,0.0110413882942344,-0.00401873668407661));
#13479=CARTESIAN_POINT('Origin',(0.0045,0.0110413882942344,-0.00401873668407661));
#13480=CARTESIAN_POINT('',(0.00265090265264373,0.00963184936305556,-0.00350570646908811));
#13481=CARTESIAN_POINT('',(0.00634909734735627,0.00963184936305556,-0.00350570646908811));
#13482=CARTESIAN_POINT('Origin',(0.0045,0.0110413882942344,-0.00401873668407661));
#13483=CARTESIAN_POINT('',(0.00626328131618298,0.0125448964874919,-0.00456596891339768));
#13484=CARTESIAN_POINT('',(0.00273671868381702,0.0125448964874919,-0.00456596891339768));
#13485=CARTESIAN_POINT('Origin',(0.0045,0.0110413882942344,-0.00401873668407661));
#13486=CARTESIAN_POINT('Origin',(0.0045,0.0110413882942344,0.0040187366840766));
#13487=CARTESIAN_POINT('',(0.002119,0.0110413882942344,0.0040187366840766));
#13488=CARTESIAN_POINT('',(0.006881,0.0110413882942344,0.0040187366840766));
#13489=CARTESIAN_POINT('Origin',(0.0045,0.0110413882942344,0.0040187366840766));
#13490=CARTESIAN_POINT('',(0.00265090265264373,0.00963184936305556,0.0035057064690881));
#13491=CARTESIAN_POINT('',(0.00634909734735627,0.00963184936305556,0.0035057064690881));
#13492=CARTESIAN_POINT('Origin',(0.0045,0.0110413882942344,0.0040187366840766));
#13493=CARTESIAN_POINT('',(0.00626328131618298,0.0125448964874919,0.00456596891339767));
#13494=CARTESIAN_POINT('',(0.00273671868381702,0.0125448964874919,0.00456596891339767));
#13495=CARTESIAN_POINT('Origin',(0.0045,0.0110413882942344,0.0040187366840766));
#13496=CARTESIAN_POINT('Origin',(0.0045,0.005875,-0.0101757984944672));
#13497=CARTESIAN_POINT('',(0.002119,0.005875,-0.0101757984944672));
#13498=CARTESIAN_POINT('',(0.006881,0.005875,-0.0101757984944672));
#13499=CARTESIAN_POINT('Origin',(0.0045,0.005875,-0.0101757984944672));
#13500=CARTESIAN_POINT('',(0.00265090265264373,0.005125,-0.00887676038879054));
#13501=CARTESIAN_POINT('',(0.00634909734735627,0.005125,-0.00887676038879054));
#13502=CARTESIAN_POINT('Origin',(0.0045,0.005875,-0.0101757984944672));
#13503=CARTESIAN_POINT('',(0.00626328131618298,0.006675,-0.0115614391405223));
#13504=CARTESIAN_POINT('',(0.00273671868381702,0.006675,-0.0115614391405223));
#13505=CARTESIAN_POINT('Origin',(0.0045,0.005875,-0.0101757984944672));
#13506=CARTESIAN_POINT('Origin',(0.0045,0.005875,0.0101757984944671));
#13507=CARTESIAN_POINT('',(0.002119,0.005875,0.0101757984944671));
#13508=CARTESIAN_POINT('',(0.006881,0.005875,0.0101757984944671));
#13509=CARTESIAN_POINT('Origin',(0.0045,0.005875,0.0101757984944671));
#13510=CARTESIAN_POINT('',(0.00265090265264373,0.005125,0.00887676038879045));
#13511=CARTESIAN_POINT('',(0.00634909734735627,0.005125,0.00887676038879045));
#13512=CARTESIAN_POINT('Origin',(0.0045,0.005875,0.0101757984944671));
#13513=CARTESIAN_POINT('',(0.00626328131618298,0.006675,0.0115614391405222));
#13514=CARTESIAN_POINT('',(0.00273671868381702,0.006675,0.0115614391405222));
#13515=CARTESIAN_POINT('Origin',(0.0045,0.005875,0.0101757984944671));
#13516=CARTESIAN_POINT('Origin',(0.0045,-0.0020403660875864,-0.0115714910978934));
#13517=CARTESIAN_POINT('',(0.002119,-0.0020403660875864,-0.0115714910978934));
#13518=CARTESIAN_POINT('',(0.006881,-0.0020403660875864,-0.0115714910978934));
#13519=CARTESIAN_POINT('Origin',(0.0045,-0.0020403660875864,-0.0115714910978934));
#13520=CARTESIAN_POINT('',(0.00265090265264373,-0.00177989382108601,-0.0100942794683751));
#13521=CARTESIAN_POINT('',(0.00634909734735627,-0.00177989382108601,-0.0100942794683751));
#13522=CARTESIAN_POINT('Origin',(0.0045,-0.0020403660875864,-0.0115714910978934));
#13523=CARTESIAN_POINT('',(0.00626328131618298,-0.00231820317185349,-0.0131471835027129));
#13524=CARTESIAN_POINT('',(0.00273671868381702,-0.00231820317185349,-0.0131471835027129));
#13525=CARTESIAN_POINT('Origin',(0.0045,-0.0020403660875864,-0.0115714910978934));
#13526=CARTESIAN_POINT('Origin',(0.0045,-0.01175,0.));
#13527=CARTESIAN_POINT('',(0.00265090265264373,-0.01025,0.));
#13528=CARTESIAN_POINT('',(0.00634909734735627,-0.01025,0.));
#13529=CARTESIAN_POINT('Origin',(0.0045,-0.01175,0.));
#13530=CARTESIAN_POINT('',(0.006881,-0.01175,0.));
#13531=CARTESIAN_POINT('Origin',(0.0045,-0.01175,0.));
#13532=CARTESIAN_POINT('',(0.002119,-0.01175,-1.78546402125894E-35));
#13533=CARTESIAN_POINT('Origin',(0.0045,-0.01175,0.));
#13534=CARTESIAN_POINT('',(0.00626328131618298,-0.01335,0.));
#13535=CARTESIAN_POINT('',(0.00273671868381702,-0.01335,0.));
#13536=CARTESIAN_POINT('Origin',(0.0045,-0.01175,0.));
#13537=CARTESIAN_POINT('Origin',(0.0045,-0.009001022206648,-0.00755275441381684));
#13538=CARTESIAN_POINT('',(0.002119,-0.009001022206648,-0.00755275441381684));
#13539=CARTESIAN_POINT('',(0.006881,-0.009001022206648,-0.00755275441381684));
#13540=CARTESIAN_POINT('Origin',(0.0045,-0.009001022206648,-0.00755275441381684));
#13541=CARTESIAN_POINT('',(0.00265090265264373,-0.00785195554196953,-0.00658857299928703));
#13542=CARTESIAN_POINT('',(0.00634909734735627,-0.00785195554196953,-0.00658857299928703));
#13543=CARTESIAN_POINT('Origin',(0.0045,-0.009001022206648,-0.00755275441381684));
#13544=CARTESIAN_POINT('',(0.00626328131618298,-0.0102266933156384,-0.00858121458931531));
#13545=CARTESIAN_POINT('',(0.00273671868381702,-0.0102266933156384,-0.00858121458931531));
#13546=CARTESIAN_POINT('Origin',(0.0045,-0.009001022206648,-0.00755275441381684));
#13547=CARTESIAN_POINT('Origin',(0.0045,-0.009001022206648,0.00755275441381684));
#13548=CARTESIAN_POINT('',(0.002119,-0.009001022206648,0.00755275441381684));
#13549=CARTESIAN_POINT('',(0.006881,-0.009001022206648,0.00755275441381684));
#13550=CARTESIAN_POINT('Origin',(0.0045,-0.009001022206648,0.00755275441381684));
#13551=CARTESIAN_POINT('',(0.00265090265264373,-0.00785195554196953,0.00658857299928703));
#13552=CARTESIAN_POINT('',(0.00634909734735627,-0.00785195554196953,0.00658857299928703));
#13553=CARTESIAN_POINT('Origin',(0.0045,-0.009001022206648,0.00755275441381684));
#13554=CARTESIAN_POINT('',(0.00626328131618298,-0.0102266933156384,0.00858121458931531));
#13555=CARTESIAN_POINT('',(0.00273671868381702,-0.0102266933156384,0.00858121458931531));
#13556=CARTESIAN_POINT('Origin',(0.0045,-0.009001022206648,0.00755275441381684));
#13557=CARTESIAN_POINT('Origin',(0.0045,0.,0.));
#13558=CARTESIAN_POINT('',(0.00265090265264373,-0.00177989382108601,0.0100942794683751));
#13559=CARTESIAN_POINT('',(0.00634909734735627,-0.00177989382108601,0.0100942794683751));
#13560=CARTESIAN_POINT('Origin',(0.0045,-0.0020403660875864,0.0115714910978934));
#13561=CARTESIAN_POINT('',(0.00265090265264373,-0.00785195554196953,0.00658857299928703));
#13562=CARTESIAN_POINT('Origin',(0.00265090265264373,0.,0.));
#13563=CARTESIAN_POINT('',(0.00634909734735627,-0.00785195554196953,0.00658857299928703));
#13564=CARTESIAN_POINT('Origin',(0.0045,-0.009001022206648,0.00755275441381684));
#13565=CARTESIAN_POINT('Origin',(0.00634909734735627,0.,0.));
#13566=CARTESIAN_POINT('Origin',(0.0045,0.,0.));
#13567=CARTESIAN_POINT('',(0.00634909734735627,-1.25526296912604E-18,0.01025));
#13568=CARTESIAN_POINT('Origin',(0.00634909734735627,0.,0.));
#13569=CARTESIAN_POINT('',(0.00634909734735627,0.005125,0.00887676038879045));
#13570=CARTESIAN_POINT('Origin',(0.00634909734735627,0.,0.));
#13571=CARTESIAN_POINT('',(0.00265090265264373,0.005125,0.00887676038879045));
#13572=CARTESIAN_POINT('Origin',(0.0045,0.005875,0.0101757984944671));
#13573=CARTESIAN_POINT('',(0.00265090265264373,-1.25526296912604E-18,0.01025));
#13574=CARTESIAN_POINT('Origin',(0.00265090265264373,0.,0.));
#13575=CARTESIAN_POINT('Origin',(0.00265090265264373,0.,0.));
#13576=CARTESIAN_POINT('Origin',(0.0045,0.,0.));
#13577=CARTESIAN_POINT('',(0.00265090265264373,0.00963184936305556,0.0035057064690881));
#13578=CARTESIAN_POINT('',(0.00634909734735627,0.00963184936305556,0.0035057064690881));
#13579=CARTESIAN_POINT('Origin',(0.0045,0.0110413882942344,0.0040187366840766));
#13580=CARTESIAN_POINT('Origin',(0.00265090265264373,0.,0.));
#13581=CARTESIAN_POINT('Origin',(0.00634909734735627,0.,0.));
#13582=CARTESIAN_POINT('Origin',(0.0045,0.,0.));
#13583=CARTESIAN_POINT('',(0.00265090265264373,0.00963184936305556,-0.00350570646908811));
#13584=CARTESIAN_POINT('',(0.00634909734735627,0.00963184936305556,-0.00350570646908811));
#13585=CARTESIAN_POINT('Origin',(0.0045,0.0110413882942344,-0.00401873668407661));
#13586=CARTESIAN_POINT('Origin',(0.00265090265264373,0.,0.));
#13587=CARTESIAN_POINT('Origin',(0.00634909734735627,0.,0.));
#13588=CARTESIAN_POINT('Origin',(0.0045,0.,0.));
#13589=CARTESIAN_POINT('',(0.00265090265264373,0.005125,-0.00887676038879054));
#13590=CARTESIAN_POINT('',(0.00634909734735627,0.005125,-0.00887676038879054));
#13591=CARTESIAN_POINT('Origin',(0.0045,0.005875,-0.0101757984944672));
#13592=CARTESIAN_POINT('Origin',(0.00265090265264373,0.,0.));
#13593=CARTESIAN_POINT('Origin',(0.00634909734735627,0.,0.));
#13594=CARTESIAN_POINT('Origin',(0.0045,0.,0.));
#13595=CARTESIAN_POINT('',(0.00265090265264373,-0.00177989382108601,-0.0100942794683751));
#13596=CARTESIAN_POINT('',(0.00634909734735627,-0.00177989382108601,-0.0100942794683751));
#13597=CARTESIAN_POINT('Origin',(0.0045,-0.0020403660875864,-0.0115714910978934));
#13598=CARTESIAN_POINT('Origin',(0.00265090265264373,0.,0.));
#13599=CARTESIAN_POINT('Origin',(0.00634909734735627,0.,0.));
#13600=CARTESIAN_POINT('Origin',(0.0045,0.,0.));
#13601=CARTESIAN_POINT('',(0.00265090265264373,-0.01025,0.));
#13602=CARTESIAN_POINT('',(0.00634909734735627,-0.01025,0.));
#13603=CARTESIAN_POINT('Origin',(0.0045,-0.01175,0.));
#13604=CARTESIAN_POINT('Origin',(0.00634909734735627,0.,0.));
#13605=CARTESIAN_POINT('Origin',(0.00265090265264373,0.,0.));
#13606=CARTESIAN_POINT('Origin',(0.0045,0.,0.));
#13607=CARTESIAN_POINT('',(0.00265090265264373,-0.00785195554196953,-0.00658857299928703));
#13608=CARTESIAN_POINT('',(0.00634909734735627,-0.00785195554196953,-0.00658857299928703));
#13609=CARTESIAN_POINT('Origin',(0.0045,-0.009001022206648,-0.00755275441381684));
#13610=CARTESIAN_POINT('Origin',(0.00265090265264373,0.,0.));
#13611=CARTESIAN_POINT('Origin',(0.00634909734735627,0.,0.));
#13612=CARTESIAN_POINT('Origin',(1.0842021724855E-19,0.01015,0.));
#13613=CARTESIAN_POINT('',(0.,-1.24301650113456E-18,0.01015));
#13614=CARTESIAN_POINT('Origin',(0.,0.,0.));
#13615=CARTESIAN_POINT('',(0.,-9.55224503334936E-19,0.0078));
#13616=CARTESIAN_POINT('Origin',(0.,0.,0.));
#13617=CARTESIAN_POINT('Origin',(0.000300000000000002,0.,0.));
#13618=CARTESIAN_POINT('',(0.000299999999999995,-9.18485099360515E-19,0.0075));
#13619=CARTESIAN_POINT('Origin',(0.000300000000000002,-9.55224503334936E-19,
0.0078));
#13620=CARTESIAN_POINT('Origin',(0.000299999999999995,0.,0.));
#13621=CARTESIAN_POINT('Origin',(0.1,0.,0.));
#13622=CARTESIAN_POINT('',(0.00869999999999999,-9.18485099360515E-19,0.0075));
#13623=CARTESIAN_POINT('',(0.1,-9.18485099360515E-19,0.0075));
#13624=CARTESIAN_POINT('Origin',(0.0087,0.,0.));
#13625=CARTESIAN_POINT('Origin',(0.0087,0.,0.));
#13626=CARTESIAN_POINT('',(0.00900000000000001,-9.55224503334936E-19,0.0078));
#13627=CARTESIAN_POINT('Origin',(0.0087,-9.55224503334936E-19,0.0078));
#13628=CARTESIAN_POINT('Origin',(0.00900000000000001,0.,0.));
#13629=CARTESIAN_POINT('Origin',(0.009,0.0078,0.));
#13630=CARTESIAN_POINT('',(0.00900000000000001,-1.24301650113456E-18,0.01015));
#13631=CARTESIAN_POINT('Origin',(0.00900000000000001,0.,0.));
#13632=CARTESIAN_POINT('Origin',(0.0089,0.,0.));
#13633=CARTESIAN_POINT('',(0.00890000000000001,-1.25526296912604E-18,0.01025));
#13634=CARTESIAN_POINT('Origin',(0.0089,-1.24301650113456E-18,0.01015));
#13635=CARTESIAN_POINT('Origin',(0.00890000000000001,0.,0.));
#13636=CARTESIAN_POINT('Origin',(0.1,0.,0.));
#13637=CARTESIAN_POINT('',(0.1,-1.25526296912604E-18,0.01025));
#13638=CARTESIAN_POINT('Origin',(0.00634909734735627,0.,0.));
#13639=CARTESIAN_POINT('Origin',(0.0045,0.,0.));
#13640=CARTESIAN_POINT('Origin',(0.00265090265264373,0.,0.));
#13641=CARTESIAN_POINT('Origin',(0.1,0.,0.));
#13642=CARTESIAN_POINT('',(9.99999999999979E-5,-1.25526296912604E-18,0.01025));
#13643=CARTESIAN_POINT('',(0.1,-1.25526296912604E-18,0.01025));
#13644=CARTESIAN_POINT('Origin',(0.000100000000000003,0.,0.));
#13645=CARTESIAN_POINT('Origin',(0.000100000000000001,0.,0.));
#13646=CARTESIAN_POINT('Origin',(0.000100000000000001,-1.24301650113456E-18,
0.01015));
#13647=CARTESIAN_POINT('Origin',(0.05,0.,0.));
#13648=CARTESIAN_POINT('',(0.0087,-1.95943487863577E-18,0.016));
#13649=CARTESIAN_POINT('Origin',(0.0087,0.,0.));
#13650=CARTESIAN_POINT('',(0.000300000000000002,-1.95943487863577E-18,0.016));
#13651=CARTESIAN_POINT('',(0.05,-1.95943487863577E-18,0.016));
#13652=CARTESIAN_POINT('Origin',(0.000300000000000002,0.,0.));
#13653=CARTESIAN_POINT('Origin',(0.0087,0.,0.));
#13654=CARTESIAN_POINT('',(0.009,-1.92269547466134E-18,0.0157));
#13655=CARTESIAN_POINT('Origin',(0.009,0.,0.));
#13656=CARTESIAN_POINT('Origin',(0.0087,-1.92269547466134E-18,0.0157));
#13657=CARTESIAN_POINT('Origin',(0.009,0.01345,0.));
#13658=CARTESIAN_POINT('',(0.009,-1.64714994485319E-18,0.01345));
#13659=CARTESIAN_POINT('Origin',(0.009,0.,0.));
#13660=CARTESIAN_POINT('Origin',(0.0089,0.,0.));
#13661=CARTESIAN_POINT('',(0.00890000000000001,-1.63490347686172E-18,0.01335));
#13662=CARTESIAN_POINT('Origin',(0.0089,0.,0.));
#13663=CARTESIAN_POINT('Origin',(0.0089,-1.64714994485319E-18,0.01345));
#13664=CARTESIAN_POINT('Origin',(0.05,0.,0.));
#13665=CARTESIAN_POINT('',(0.00626328131618298,-0.0102266933156384,0.00858121458931531));
#13666=CARTESIAN_POINT('',(0.00626328131618298,-0.01335,0.));
#13667=CARTESIAN_POINT('Origin',(0.00626328131618298,0.,0.));
#13668=CARTESIAN_POINT('',(0.00626328131618298,-0.00231820317185349,0.0131471835027129));
#13669=CARTESIAN_POINT('Origin',(0.00626328131618298,0.,0.));
#13670=CARTESIAN_POINT('',(0.00626328131618298,-1.63490347686172E-18,0.01335));
#13671=CARTESIAN_POINT('Origin',(0.00626328131618298,0.,0.));
#13672=CARTESIAN_POINT('',(0.05,-1.63490347686172E-18,0.01335));
#13673=CARTESIAN_POINT('',(0.00626328131618298,0.006675,0.0115614391405222));
#13674=CARTESIAN_POINT('Origin',(0.00626328131618298,0.,0.));
#13675=CARTESIAN_POINT('',(0.00626328131618298,0.0125448964874919,0.00456596891339767));
#13676=CARTESIAN_POINT('Origin',(0.00626328131618298,0.,0.));
#13677=CARTESIAN_POINT('',(0.00626328131618298,0.0125448964874919,-0.00456596891339768));
#13678=CARTESIAN_POINT('Origin',(0.00626328131618298,0.,0.));
#13679=CARTESIAN_POINT('',(0.00626328131618298,0.006675,-0.0115614391405223));
#13680=CARTESIAN_POINT('Origin',(0.00626328131618298,0.,0.));
#13681=CARTESIAN_POINT('',(0.00626328131618298,-0.00231820317185349,-0.0131471835027129));
#13682=CARTESIAN_POINT('Origin',(0.00626328131618298,0.,0.));
#13683=CARTESIAN_POINT('',(0.00626328131618298,-0.0102266933156384,-0.00858121458931531));
#13684=CARTESIAN_POINT('Origin',(0.00626328131618298,0.,0.));
#13685=CARTESIAN_POINT('Origin',(0.00626328131618298,0.,0.));
#13686=CARTESIAN_POINT('Origin',(0.0045,0.,0.));
#13687=CARTESIAN_POINT('',(0.00273671868381702,-0.01335,0.));
#13688=CARTESIAN_POINT('Origin',(0.0045,-0.01175,0.));
#13689=CARTESIAN_POINT('',(0.00273671868381702,-0.0102266933156384,0.00858121458931531));
#13690=CARTESIAN_POINT('Origin',(0.00273671868381702,0.,0.));
#13691=CARTESIAN_POINT('Origin',(0.0045,-0.009001022206648,0.00755275441381684));
#13692=CARTESIAN_POINT('Origin',(0.05,0.,0.));
#13693=CARTESIAN_POINT('',(0.000100000000000003,-1.63490347686172E-18,0.01335));
#13694=CARTESIAN_POINT('Origin',(0.000100000000000003,0.,0.));
#13695=CARTESIAN_POINT('',(0.00273671868381702,-1.63490347686172E-18,0.01335));
#13696=CARTESIAN_POINT('',(0.05,-1.63490347686172E-18,0.01335));
#13697=CARTESIAN_POINT('',(0.00273671868381702,-0.00231820317185349,0.0131471835027129));
#13698=CARTESIAN_POINT('Origin',(0.00273671868381702,0.,0.));
#13699=CARTESIAN_POINT('Origin',(0.00273671868381702,0.,0.));
#13700=CARTESIAN_POINT('',(0.00273671868381702,-0.0102266933156384,-0.00858121458931531));
#13701=CARTESIAN_POINT('Origin',(0.00273671868381702,0.,0.));
#13702=CARTESIAN_POINT('',(0.00273671868381702,-0.00231820317185349,-0.0131471835027129));
#13703=CARTESIAN_POINT('Origin',(0.00273671868381702,0.,0.));
#13704=CARTESIAN_POINT('',(0.00273671868381702,0.006675,-0.0115614391405223));
#13705=CARTESIAN_POINT('Origin',(0.00273671868381702,0.,0.));
#13706=CARTESIAN_POINT('',(0.00273671868381702,0.0125448964874919,-0.00456596891339768));
#13707=CARTESIAN_POINT('Origin',(0.00273671868381702,0.,0.));
#13708=CARTESIAN_POINT('',(0.00273671868381702,0.0125448964874919,0.00456596891339767));
#13709=CARTESIAN_POINT('Origin',(0.00273671868381702,0.,0.));
#13710=CARTESIAN_POINT('',(0.00273671868381702,0.006675,0.0115614391405222));
#13711=CARTESIAN_POINT('Origin',(0.00273671868381702,0.,0.));
#13712=CARTESIAN_POINT('Origin',(0.00273671868381702,0.,0.));
#13713=CARTESIAN_POINT('Origin',(9.99999999999991E-5,0.,0.));
#13714=CARTESIAN_POINT('',(0.,-1.64714994485319E-18,0.01345));
#13715=CARTESIAN_POINT('Origin',(0.,0.,0.));
#13716=CARTESIAN_POINT('Origin',(9.99999999999991E-5,-1.64714994485319E-18,
0.01345));
#13717=CARTESIAN_POINT('Origin',(0.,0.0157,0.));
#13718=CARTESIAN_POINT('',(0.,-1.92269547466134E-18,0.0157));
#13719=CARTESIAN_POINT('Origin',(0.,0.,0.));
#13720=CARTESIAN_POINT('Origin',(0.000299999999999998,0.,0.));
#13721=CARTESIAN_POINT('Origin',(0.000299999999999998,-1.92269547466134E-18,
0.0157));
#13722=CARTESIAN_POINT('Origin',(0.0045,0.,0.));
#13723=CARTESIAN_POINT('Origin',(0.0045,-0.009001022206648,-0.00755275441381684));
#13724=CARTESIAN_POINT('Origin',(0.0045,0.,0.));
#13725=CARTESIAN_POINT('Origin',(0.0045,-0.0020403660875864,0.0115714910978934));
#13726=CARTESIAN_POINT('Origin',(0.0045,0.005875,0.0101757984944671));
#13727=CARTESIAN_POINT('Origin',(0.0045,0.,0.));
#13728=CARTESIAN_POINT('Origin',(0.0045,0.0110413882942344,0.0040187366840766));
#13729=CARTESIAN_POINT('Origin',(0.0045,0.,0.));
#13730=CARTESIAN_POINT('Origin',(0.0045,0.0110413882942344,-0.00401873668407661));
#13731=CARTESIAN_POINT('Origin',(0.0045,0.,0.));
#13732=CARTESIAN_POINT('Origin',(0.0045,0.005875,-0.0101757984944672));
#13733=CARTESIAN_POINT('Origin',(0.0045,0.,0.));
#13734=CARTESIAN_POINT('Origin',(0.0045,-0.0020403660875864,-0.0115714910978934));
#13735=CARTESIAN_POINT('Origin',(0.0045,0.,0.));
#13736=CARTESIAN_POINT('Origin',(0.0045,0.,0.));
#13737=CARTESIAN_POINT('',(0.,0.,0.));
#13738=CARTESIAN_POINT('',(0.,0.,0.));
#13739=CARTESIAN_POINT('',(0.009,0.020751022206648,-0.00755275441381684));
#13740=CARTESIAN_POINT('',(-0.00369999999999999,-8.10386854531041E-20,-0.06));
#13741=CARTESIAN_POINT('',(0.,0.,0.));
#13742=CARTESIAN_POINT('',(0.009,0.0137903660875864,-0.0115714910978934));
#13743=CARTESIAN_POINT('',(0.009,0.005875,-0.0101757984944671));
#13744=CARTESIAN_POINT('',(0.009,0.000708611705765581,-0.0040187366840766));
#13745=CARTESIAN_POINT('',(0.009,0.000708611705765581,0.00401873668407661));
#13746=CARTESIAN_POINT('',(0.009,0.005875,0.0101757984944672));
#13747=CARTESIAN_POINT('',(0.009,0.0137903660875864,0.0115714910978934));
#13748=CARTESIAN_POINT('',(0.009,0.020751022206648,0.00755275441381684));
#13749=CARTESIAN_POINT('',(0.009,0.0235,0.));
#13750=CARTESIAN_POINT('Origin',(-0.005,1.11022302462516E-18,0.01));
#13751=CARTESIAN_POINT('',(-0.005,0.02,0.02));
#13752=CARTESIAN_POINT('',(-0.005,0.02,-0.02));
#13753=CARTESIAN_POINT('',(-0.005,0.02,0.02));
#13754=CARTESIAN_POINT('',(-0.005,-0.02,-0.02));
#13755=CARTESIAN_POINT('',(-0.005,0.02,-0.02));
#13756=CARTESIAN_POINT('',(-0.005,-0.02,0.02));
#13757=CARTESIAN_POINT('',(-0.005,-0.02,-0.02));
#13758=CARTESIAN_POINT('Origin',(-0.005,0.,0.02));
#13759=CARTESIAN_POINT('',(-0.005,-0.016,0.02));
#13760=CARTESIAN_POINT('Origin',(-0.005,0.,0.02));
#13761=CARTESIAN_POINT('Origin',(0.,0.,0.02));
#13762=CARTESIAN_POINT('',(0.005,-0.016,0.02));
#13763=CARTESIAN_POINT('Origin',(0.005,0.,0.02));
#13764=CARTESIAN_POINT('',(0.,-0.016,0.02));
#13765=CARTESIAN_POINT('Origin',(0.,-0.02,-0.02));
#13766=CARTESIAN_POINT('',(0.005,0.02,-0.02));
#13767=CARTESIAN_POINT('',(0.,0.02,-0.02));
#13768=CARTESIAN_POINT('',(0.005,-0.02,-0.02));
#13769=CARTESIAN_POINT('',(0.005,0.02,-0.02));
#13770=CARTESIAN_POINT('',(0.,-0.02,-0.02));
#13771=CARTESIAN_POINT('Origin',(0.,-0.02,0.02));
#13772=CARTESIAN_POINT('',(0.005,-0.02,0.02));
#13773=CARTESIAN_POINT('',(0.005,-0.02,-0.02));
#13774=CARTESIAN_POINT('',(0.,-0.02,0.02));
#13775=CARTESIAN_POINT('Origin',(0.,0.,0.02));
#13776=CARTESIAN_POINT('',(0.005,0.02,0.02));
#13777=CARTESIAN_POINT('Origin',(0.005,0.,0.02));
#13778=CARTESIAN_POINT('',(0.,0.02,0.02));
#13779=CARTESIAN_POINT('Origin',(0.,0.02,-0.02));
#13780=CARTESIAN_POINT('',(0.005,0.02,0.02));
#13781=CARTESIAN_POINT('Origin',(0.005,1.11022302462516E-18,0.01));
#13782=CARTESIAN_POINT('Origin',(-0.087,-1.10218211923262E-18,-0.015));
#13783=CARTESIAN_POINT('',(-0.0845,-7.96020419445781E-19,-0.015));
#13784=CARTESIAN_POINT('Origin',(-0.087,-1.10218211923262E-18,-0.015));
#13785=CARTESIAN_POINT('',(-0.0845,-7.96020419445781E-19,-0.02));
#13786=CARTESIAN_POINT('',(-0.0845,-1.40834381901946E-18,-0.015));
#13787=CARTESIAN_POINT('Origin',(-0.087,-1.10218211923262E-18,-0.02));
#13788=CARTESIAN_POINT('Origin',(-0.005,0.02,-0.015));
#13789=CARTESIAN_POINT('',(-0.005,0.02,-0.015));
#13790=CARTESIAN_POINT('',(-0.005,0.02,-0.02));
#13791=CARTESIAN_POINT('',(-0.005,0.02,0.02));
#13792=CARTESIAN_POINT('',(-0.105,0.02,-0.02));
#13793=CARTESIAN_POINT('',(-0.005,0.02,-0.02));
#13794=CARTESIAN_POINT('',(-0.105,0.02,-0.015));
#13795=CARTESIAN_POINT('',(-0.105,0.02,0.02));
#13796=CARTESIAN_POINT('',(-0.005,0.02,-0.015));
#13797=CARTESIAN_POINT('Origin',(-0.005,-0.02,-0.015));
#13798=CARTESIAN_POINT('',(-0.005,-0.02,-0.015));
#13799=CARTESIAN_POINT('',(-0.005,0.02,-0.015));
#13800=CARTESIAN_POINT('',(-0.105,-0.02,-0.015));
#13801=CARTESIAN_POINT('',(-0.105,0.02,-0.015));
#13802=CARTESIAN_POINT('',(-0.005,-0.02,-0.015));
#13803=CARTESIAN_POINT('Origin',(-0.005,-0.02,-0.02));
#13804=CARTESIAN_POINT('',(-0.005,-0.02,-0.02));
#13805=CARTESIAN_POINT('',(-0.005,-0.02,-0.02));
#13806=CARTESIAN_POINT('',(-0.105,-0.02,-0.02));
#13807=CARTESIAN_POINT('',(-0.105,-0.02,-0.02));
#13808=CARTESIAN_POINT('',(-0.005,-0.02,-0.02));
#13809=CARTESIAN_POINT('Origin',(-0.005,0.02,-0.02));
#13810=CARTESIAN_POINT('',(-0.005,0.02,-0.02));
#13811=CARTESIAN_POINT('',(-0.105,0.02,-0.02));
#13812=CARTESIAN_POINT('Origin',(-0.105,4.44089209850063E-18,-0.0175));
#13813=CARTESIAN_POINT('Origin',(-0.005,4.44089209850063E-18,-0.0175));
#13814=CARTESIAN_POINT('',(0.,0.,0.08));
#13815=CARTESIAN_POINT('',(0.,0.,0.));
#13816=CARTESIAN_POINT('Origin',(0.,-0.015,0.));
#13817=CARTESIAN_POINT('',(-0.0075,-0.015,9.18485099360515E-19));
#13818=CARTESIAN_POINT('Origin',(0.,-0.015,0.));
#13819=CARTESIAN_POINT('',(-0.0055,-0.015,6.73555739531044E-19));
#13820=CARTESIAN_POINT('Origin',(0.,-0.015,0.));
#13821=CARTESIAN_POINT('Origin',(0.,0.,0.));
#13822=CARTESIAN_POINT('',(-0.0055,0.015,6.73555739531044E-19));
#13823=CARTESIAN_POINT('Origin',(0.,0.015,0.));
#13824=CARTESIAN_POINT('',(-0.0055,0.,6.73555739531044E-19));
#13825=CARTESIAN_POINT('Origin',(0.,0.,0.));
#13826=CARTESIAN_POINT('',(-0.0075,0.015,9.18485099360515E-19));
#13827=CARTESIAN_POINT('Origin',(0.,0.015,0.));
#13828=CARTESIAN_POINT('',(-0.0075,0.,9.18485099360515E-19));
#13829=CARTESIAN_POINT('Origin',(0.,0.015,0.));
#13830=CARTESIAN_POINT('',(0.,0.,0.));
#13831=CARTESIAN_POINT('Origin',(-2.22044604925031E-18,-0.005,0.01375));
#13832=CARTESIAN_POINT('',(-0.0125,-0.005,0.));
#13833=CARTESIAN_POINT('',(0.0125,-0.005,-6.21724893790088E-17));
#13834=CARTESIAN_POINT('Origin',(0.,-0.005,0.));
#13835=CARTESIAN_POINT('',(0.0125,-0.005,0.04));
#13836=CARTESIAN_POINT('',(0.0125,-0.005,-6.21724893790088E-17));
#13837=CARTESIAN_POINT('',(-0.0125,-0.005,0.04));
#13838=CARTESIAN_POINT('',(0.0125,-0.005,0.04));
#13839=CARTESIAN_POINT('',(-0.0125,-0.005,0.04));
#13840=CARTESIAN_POINT('',(-0.0075,-0.005,9.18485099360515E-19));
#13841=CARTESIAN_POINT('Origin',(0.,-0.005,0.));
#13842=CARTESIAN_POINT('Origin',(0.,0.,0.));
#13843=CARTESIAN_POINT('',(-0.0075,0.005,9.18485099360515E-19));
#13844=CARTESIAN_POINT('Origin',(0.,0.005,0.));
#13845=CARTESIAN_POINT('',(-0.0075,0.,9.18485099360515E-19));
#13846=CARTESIAN_POINT('Origin',(0.0125,0.,0.04));
#13847=CARTESIAN_POINT('',(0.0125,0.005,-6.21724893790088E-17));
#13848=CARTESIAN_POINT('',(0.0125,0.,-6.21724893790088E-17));
#13849=CARTESIAN_POINT('',(0.0125,0.005,0.04));
#13850=CARTESIAN_POINT('',(0.0125,0.005,-6.21724893790088E-17));
#13851=CARTESIAN_POINT('',(0.0125,0.,0.04));
#13852=CARTESIAN_POINT('Origin',(-0.0125,0.,0.04));
#13853=CARTESIAN_POINT('',(-0.0125,0.005,0.04));
#13854=CARTESIAN_POINT('',(0.0125,0.005,0.04));
#13855=CARTESIAN_POINT('',(-0.0125,0.,0.04));
#13856=CARTESIAN_POINT('Origin',(-0.0125,0.,0.));
#13857=CARTESIAN_POINT('',(-0.0125,0.005,0.));
#13858=CARTESIAN_POINT('',(-0.0125,0.005,0.04));
#13859=CARTESIAN_POINT('',(-0.0125,0.,0.));
#13860=CARTESIAN_POINT('Origin',(0.,0.,0.));
#13861=CARTESIAN_POINT('Origin',(0.,0.005,0.));
#13862=CARTESIAN_POINT('Origin',(-2.22044604925031E-18,0.005,0.01375));
#13863=CARTESIAN_POINT('Origin',(0.,0.,0.04));
#13864=CARTESIAN_POINT('',(0.005,6.12323399573677E-19,0.19));
#13865=CARTESIAN_POINT('Origin',(0.,0.,0.19));
#13866=CARTESIAN_POINT('',(0.005,6.12323399573677E-19,0.04));
#13867=CARTESIAN_POINT('',(0.005,6.12323399573677E-19,0.04));
#13868=CARTESIAN_POINT('Origin',(0.,0.,0.04));
#13869=CARTESIAN_POINT('Origin',(0.,0.,0.19));
#13870=CARTESIAN_POINT('Origin',(0.,0.,0.04));
#13871=CARTESIAN_POINT('',(0.,0.,0.));
#13872=CARTESIAN_POINT('',(0.086998227710414,0.000555315448824617,0.0620000000000038));
#13873=CARTESIAN_POINT('',(0.0969980239989665,0.000619144810758457,0.0820000000000012));
#13874=CARTESIAN_POINT('',(0.107497810101947,0.000686165640789031,0.0820000000000012));
#13875=UNCERTAINTY_MEASURE_WITH_UNIT(LENGTH_MEASURE(1.E-5),#13913,
'DISTANCE_ACCURACY_VALUE',
'Maximum model space distance between geometric entities at asserted c
onnectivities');
#13876=UNCERTAINTY_MEASURE_WITH_UNIT(LENGTH_MEASURE(1.E-5),#13913,
'DISTANCE_ACCURACY_VALUE',
'Maximum model space distance between geometric entities at asserted c
onnectivities');
#13877=UNCERTAINTY_MEASURE_WITH_UNIT(LENGTH_MEASURE(1.E-5),#13913,
'DISTANCE_ACCURACY_VALUE',
'Maximum model space distance between geometric entities at asserted c
onnectivities');
#13878=UNCERTAINTY_MEASURE_WITH_UNIT(LENGTH_MEASURE(1.E-5),#13913,
'DISTANCE_ACCURACY_VALUE',
'Maximum model space distance between geometric entities at asserted c
onnectivities');
#13879=UNCERTAINTY_MEASURE_WITH_UNIT(LENGTH_MEASURE(1.E-5),#13913,
'DISTANCE_ACCURACY_VALUE',
'Maximum model space distance between geometric entities at asserted c
onnectivities');
#13880=UNCERTAINTY_MEASURE_WITH_UNIT(LENGTH_MEASURE(1.E-5),#13913,
'DISTANCE_ACCURACY_VALUE',
'Maximum model space distance between geometric entities at asserted c
onnectivities');
#13881=UNCERTAINTY_MEASURE_WITH_UNIT(LENGTH_MEASURE(1.E-5),#13913,
'DISTANCE_ACCURACY_VALUE',
'Maximum model space distance between geometric entities at asserted c
onnectivities');
#13882=UNCERTAINTY_MEASURE_WITH_UNIT(LENGTH_MEASURE(1.E-5),#13913,
'DISTANCE_ACCURACY_VALUE',
'Maximum model space distance between geometric entities at asserted c
onnectivities');
#13883=UNCERTAINTY_MEASURE_WITH_UNIT(LENGTH_MEASURE(1.E-5),#13913,
'DISTANCE_ACCURACY_VALUE',
'Maximum model space distance between geometric entities at asserted c
onnectivities');
#13884=UNCERTAINTY_MEASURE_WITH_UNIT(LENGTH_MEASURE(1.E-5),#13913,
'DISTANCE_ACCURACY_VALUE',
'Maximum model space distance between geometric entities at asserted c
onnectivities');
#13885=UNCERTAINTY_MEASURE_WITH_UNIT(LENGTH_MEASURE(1.E-5),#13913,
'DISTANCE_ACCURACY_VALUE',
'Maximum model space distance between geometric entities at asserted c
onnectivities');
#13886=UNCERTAINTY_MEASURE_WITH_UNIT(LENGTH_MEASURE(1.E-5),#13913,
'DISTANCE_ACCURACY_VALUE',
'Maximum model space distance between geometric entities at asserted c
onnectivities');
#13887=UNCERTAINTY_MEASURE_WITH_UNIT(LENGTH_MEASURE(1.E-5),#13913,
'DISTANCE_ACCURACY_VALUE',
'Maximum model space distance between geometric entities at asserted c
onnectivities');
#13888=UNCERTAINTY_MEASURE_WITH_UNIT(LENGTH_MEASURE(1.E-5),#13913,
'DISTANCE_ACCURACY_VALUE',
'Maximum model space distance between geometric entities at asserted c
onnectivities');
#13889=UNCERTAINTY_MEASURE_WITH_UNIT(LENGTH_MEASURE(1.E-5),#13913,
'DISTANCE_ACCURACY_VALUE',
'Maximum model space distance between geometric entities at asserted c
onnectivities');
#13890=UNCERTAINTY_MEASURE_WITH_UNIT(LENGTH_MEASURE(1.E-5),#13913,
'DISTANCE_ACCURACY_VALUE',
'Maximum model space distance between geometric entities at asserted c
onnectivities');
#13891=UNCERTAINTY_MEASURE_WITH_UNIT(LENGTH_MEASURE(1.E-5),#13913,
'DISTANCE_ACCURACY_VALUE',
'Maximum model space distance between geometric entities at asserted c
onnectivities');
#13892=UNCERTAINTY_MEASURE_WITH_UNIT(LENGTH_MEASURE(1.E-5),#13913,
'DISTANCE_ACCURACY_VALUE',
'Maximum model space distance between geometric entities at asserted c
onnectivities');
#13893=UNCERTAINTY_MEASURE_WITH_UNIT(LENGTH_MEASURE(1.E-5),#13913,
'DISTANCE_ACCURACY_VALUE',
'Maximum model space distance between geometric entities at asserted c
onnectivities');
#13894=(
GEOMETRIC_REPRESENTATION_CONTEXT(3)
GLOBAL_UNCERTAINTY_ASSIGNED_CONTEXT((#13875))
GLOBAL_UNIT_ASSIGNED_CONTEXT((#13913,#13914,#13915))
REPRESENTATION_CONTEXT('','3D')
);
#13895=(
GEOMETRIC_REPRESENTATION_CONTEXT(3)
GLOBAL_UNCERTAINTY_ASSIGNED_CONTEXT((#13876))
GLOBAL_UNIT_ASSIGNED_CONTEXT((#13913,#13914,#13915))
REPRESENTATION_CONTEXT('','3D')
);
#13896=(
GEOMETRIC_REPRESENTATION_CONTEXT(3)
GLOBAL_UNCERTAINTY_ASSIGNED_CONTEXT((#13877))
GLOBAL_UNIT_ASSIGNED_CONTEXT((#13913,#13914,#13915))
REPRESENTATION_CONTEXT('','3D')
);
#13897=(
GEOMETRIC_REPRESENTATION_CONTEXT(3)
GLOBAL_UNCERTAINTY_ASSIGNED_CONTEXT((#13878))
GLOBAL_UNIT_ASSIGNED_CONTEXT((#13913,#13914,#13915))
REPRESENTATION_CONTEXT('','3D')
);
#13898=(
GEOMETRIC_REPRESENTATION_CONTEXT(3)
GLOBAL_UNCERTAINTY_ASSIGNED_CONTEXT((#13879))
GLOBAL_UNIT_ASSIGNED_CONTEXT((#13913,#13914,#13915))
REPRESENTATION_CONTEXT('','3D')
);
#13899=(
GEOMETRIC_REPRESENTATION_CONTEXT(3)
GLOBAL_UNCERTAINTY_ASSIGNED_CONTEXT((#13880))
GLOBAL_UNIT_ASSIGNED_CONTEXT((#13913,#13914,#13915))
REPRESENTATION_CONTEXT('','3D')
);
#13900=(
GEOMETRIC_REPRESENTATION_CONTEXT(3)
GLOBAL_UNCERTAINTY_ASSIGNED_CONTEXT((#13881))
GLOBAL_UNIT_ASSIGNED_CONTEXT((#13913,#13914,#13915))
REPRESENTATION_CONTEXT('','3D')
);
#13901=(
GEOMETRIC_REPRESENTATION_CONTEXT(3)
GLOBAL_UNCERTAINTY_ASSIGNED_CONTEXT((#13882))
GLOBAL_UNIT_ASSIGNED_CONTEXT((#13913,#13914,#13915))
REPRESENTATION_CONTEXT('','3D')
);
#13902=(
GEOMETRIC_REPRESENTATION_CONTEXT(3)
GLOBAL_UNCERTAINTY_ASSIGNED_CONTEXT((#13883))
GLOBAL_UNIT_ASSIGNED_CONTEXT((#13913,#13914,#13915))
REPRESENTATION_CONTEXT('','3D')
);
#13903=(
GEOMETRIC_REPRESENTATION_CONTEXT(3)
GLOBAL_UNCERTAINTY_ASSIGNED_CONTEXT((#13884))
GLOBAL_UNIT_ASSIGNED_CONTEXT((#13913,#13914,#13915))
REPRESENTATION_CONTEXT('','3D')
);
#13904=(
GEOMETRIC_REPRESENTATION_CONTEXT(3)
GLOBAL_UNCERTAINTY_ASSIGNED_CONTEXT((#13885))
GLOBAL_UNIT_ASSIGNED_CONTEXT((#13913,#13914,#13915))
REPRESENTATION_CONTEXT('','3D')
);
#13905=(
GEOMETRIC_REPRESENTATION_CONTEXT(3)
GLOBAL_UNCERTAINTY_ASSIGNED_CONTEXT((#13886))
GLOBAL_UNIT_ASSIGNED_CONTEXT((#13913,#13914,#13915))
REPRESENTATION_CONTEXT('','3D')
);
#13906=(
GEOMETRIC_REPRESENTATION_CONTEXT(3)
GLOBAL_UNCERTAINTY_ASSIGNED_CONTEXT((#13887))
GLOBAL_UNIT_ASSIGNED_CONTEXT((#13913,#13914,#13915))
REPRESENTATION_CONTEXT('','3D')
);
#13907=(
GEOMETRIC_REPRESENTATION_CONTEXT(3)
GLOBAL_UNCERTAINTY_ASSIGNED_CONTEXT((#13888))
GLOBAL_UNIT_ASSIGNED_CONTEXT((#13913,#13914,#13915))
REPRESENTATION_CONTEXT('','3D')
);
#13908=(
GEOMETRIC_REPRESENTATION_CONTEXT(3)
GLOBAL_UNCERTAINTY_ASSIGNED_CONTEXT((#13889))
GLOBAL_UNIT_ASSIGNED_CONTEXT((#13913,#13914,#13915))
REPRESENTATION_CONTEXT('','3D')
);
#13909=(
GEOMETRIC_REPRESENTATION_CONTEXT(3)
GLOBAL_UNCERTAINTY_ASSIGNED_CONTEXT((#13890))
GLOBAL_UNIT_ASSIGNED_CONTEXT((#13913,#13914,#13915))
REPRESENTATION_CONTEXT('','3D')
);
#13910=(
GEOMETRIC_REPRESENTATION_CONTEXT(3)
GLOBAL_UNCERTAINTY_ASSIGNED_CONTEXT((#13891))
GLOBAL_UNIT_ASSIGNED_CONTEXT((#13913,#13914,#13915))
REPRESENTATION_CONTEXT('','3D')
);
#13911=(
GEOMETRIC_REPRESENTATION_CONTEXT(3)
GLOBAL_UNCERTAINTY_ASSIGNED_CONTEXT((#13892))
GLOBAL_UNIT_ASSIGNED_CONTEXT((#13913,#13914,#13915))
REPRESENTATION_CONTEXT('','3D')
);
#13912=(
GEOMETRIC_REPRESENTATION_CONTEXT(3)
GLOBAL_UNCERTAINTY_ASSIGNED_CONTEXT((#13893))
GLOBAL_UNIT_ASSIGNED_CONTEXT((#13913,#13914,#13915))
REPRESENTATION_CONTEXT('','3D')
);
#13913=(
LENGTH_UNIT()
NAMED_UNIT(*)
SI_UNIT($,.METRE.)
);
#13914=(
NAMED_UNIT(*)
PLANE_ANGLE_UNIT()
SI_UNIT($,.RADIAN.)
);
#13915=(
NAMED_UNIT(*)
SI_UNIT($,.STERADIAN.)
SOLID_ANGLE_UNIT()
);
#13916=SHAPE_DEFINITION_REPRESENTATION(#13934,#13981);
#13917=SHAPE_DEFINITION_REPRESENTATION(#13935,#13982);
#13918=SHAPE_DEFINITION_REPRESENTATION(#13936,#13983);
#13919=SHAPE_DEFINITION_REPRESENTATION(#13937,#13984);
#13920=SHAPE_DEFINITION_REPRESENTATION(#13938,#13985);
#13921=SHAPE_DEFINITION_REPRESENTATION(#13939,#13986);
#13922=SHAPE_DEFINITION_REPRESENTATION(#13940,#13987);
#13923=SHAPE_DEFINITION_REPRESENTATION(#13941,#13988);
#13924=SHAPE_DEFINITION_REPRESENTATION(#13942,#13989);
#13925=SHAPE_DEFINITION_REPRESENTATION(#13943,#13990);
#13926=SHAPE_DEFINITION_REPRESENTATION(#13955,#13991);
#13927=SHAPE_DEFINITION_REPRESENTATION(#13958,#13992);
#13928=SHAPE_DEFINITION_REPRESENTATION(#13959,#13993);
#13929=SHAPE_DEFINITION_REPRESENTATION(#13960,#13994);
#13930=SHAPE_DEFINITION_REPRESENTATION(#13961,#13995);
#13931=SHAPE_DEFINITION_REPRESENTATION(#13962,#13996);
#13932=SHAPE_DEFINITION_REPRESENTATION(#13975,#13997);
#13933=SHAPE_DEFINITION_REPRESENTATION(#13976,#13998);
#13934=PRODUCT_DEFINITION_SHAPE('',$,#14000);
#13935=PRODUCT_DEFINITION_SHAPE('',$,#14001);
#13936=PRODUCT_DEFINITION_SHAPE('',$,#14002);
#13937=PRODUCT_DEFINITION_SHAPE('',$,#14003);
#13938=PRODUCT_DEFINITION_SHAPE('',$,#14004);
#13939=PRODUCT_DEFINITION_SHAPE('',$,#14005);
#13940=PRODUCT_DEFINITION_SHAPE('',$,#14006);
#13941=PRODUCT_DEFINITION_SHAPE('',$,#14007);
#13942=PRODUCT_DEFINITION_SHAPE('',$,#14008);
#13943=PRODUCT_DEFINITION_SHAPE('',$,#14009);
#13944=PRODUCT_DEFINITION_SHAPE($,$,#98);
#13945=PRODUCT_DEFINITION_SHAPE($,$,#99);
#13946=PRODUCT_DEFINITION_SHAPE($,$,#100);
#13947=PRODUCT_DEFINITION_SHAPE($,$,#101);
#13948=PRODUCT_DEFINITION_SHAPE($,$,#102);
#13949=PRODUCT_DEFINITION_SHAPE($,$,#103);
#13950=PRODUCT_DEFINITION_SHAPE($,$,#104);
#13951=PRODUCT_DEFINITION_SHAPE($,$,#105);
#13952=PRODUCT_DEFINITION_SHAPE($,$,#106);
#13953=PRODUCT_DEFINITION_SHAPE($,$,#107);
#13954=PRODUCT_DEFINITION_SHAPE($,$,#108);
#13955=PRODUCT_DEFINITION_SHAPE('',$,#14010);
#13956=PRODUCT_DEFINITION_SHAPE($,$,#109);
#13957=PRODUCT_DEFINITION_SHAPE($,$,#110);
#13958=PRODUCT_DEFINITION_SHAPE('',$,#14011);
#13959=PRODUCT_DEFINITION_SHAPE('',$,#14012);
#13960=PRODUCT_DEFINITION_SHAPE('',$,#14013);
#13961=PRODUCT_DEFINITION_SHAPE('',$,#14014);
#13962=PRODUCT_DEFINITION_SHAPE('',$,#14015);
#13963=PRODUCT_DEFINITION_SHAPE($,$,#111);
#13964=PRODUCT_DEFINITION_SHAPE($,$,#112);
#13965=PRODUCT_DEFINITION_SHAPE($,$,#113);
#13966=PRODUCT_DEFINITION_SHAPE($,$,#114);
#13967=PRODUCT_DEFINITION_SHAPE($,$,#115);
#13968=PRODUCT_DEFINITION_SHAPE($,$,#116);
#13969=PRODUCT_DEFINITION_SHAPE($,$,#117);
#13970=PRODUCT_DEFINITION_SHAPE($,$,#118);
#13971=PRODUCT_DEFINITION_SHAPE($,$,#119);
#13972=PRODUCT_DEFINITION_SHAPE($,$,#120);
#13973=PRODUCT_DEFINITION_SHAPE($,$,#121);
#13974=PRODUCT_DEFINITION_SHAPE($,$,#122);
#13975=PRODUCT_DEFINITION_SHAPE('',$,#14016);
#13976=PRODUCT_DEFINITION_SHAPE('',$,#14017);
#13977=PRODUCT_DEFINITION_SHAPE($,$,#123);
#13978=PRODUCT_DEFINITION_SHAPE($,$,#124);
#13979=PRODUCT_DEFINITION_SHAPE($,$,#125);
#13980=PRODUCT_DEFINITION_SHAPE($,$,#126);
#13981=SHAPE_REPRESENTATION('',(#8476,#9237,#9238,#9239,#9240),#13894);
#13982=SHAPE_REPRESENTATION('',(#8477,#9017,#9018),#13895);
#13983=SHAPE_REPRESENTATION('',(#8478,#8974,#8975,#8976,#8977,#8978,#8979,
#8980,#8981,#8982,#8983,#8984),#13896);
#13984=SHAPE_REPRESENTATION('',(#8479),#13897);
#13985=SHAPE_REPRESENTATION('',(#8529),#13898);
#13986=SHAPE_REPRESENTATION('',(#8575),#13899);
#13987=SHAPE_REPRESENTATION('',(#8605),#13900);
#13988=SHAPE_REPRESENTATION('',(#8864),#13901);
#13989=SHAPE_REPRESENTATION('',(#8878),#13902);
#13990=SHAPE_REPRESENTATION('',(#8943),#13903);
#13991=SHAPE_REPRESENTATION('',(#8985),#13904);
#13992=SHAPE_REPRESENTATION('',(#9019,#9210),#13905);
#13993=SHAPE_REPRESENTATION('',(#9020,#9179,#9180,#9181,#9182,#9183,#9184,
#9185,#9186,#9187,#9188,#9189),#13906);
#13994=SHAPE_REPRESENTATION('',(#9021),#13907);
#13995=SHAPE_REPRESENTATION('',(#9177),#13908);
#13996=SHAPE_REPRESENTATION('',(#9178),#13909);
#13997=SHAPE_REPRESENTATION('',(#9211),#13910);
#13998=SHAPE_REPRESENTATION('',(#9220),#13911);
#13999=PRODUCT_DEFINITION_CONTEXT('part definition',#14055,'design');
#14000=PRODUCT_DEFINITION('Assembly','Assembly v14',#14018,#13999);
#14001=PRODUCT_DEFINITION('base_link','base_link v4',#14019,#13999);
#14002=PRODUCT_DEFINITION('NEMA 17 - MS17HD2','NEMA v6',#14020,#13999);
#14003=PRODUCT_DEFINITION('Middle part','Middle part',#14021,#13999);
#14004=PRODUCT_DEFINITION('Bottom plate','Bottom plate',#14022,#13999);
#14005=PRODUCT_DEFINITION('Top plate','Top plate',#14023,#13999);
#14006=PRODUCT_DEFINITION('JST-S6B-PH-K-S','JST-S6B-PH-K-S',#14024,#13999);
#14007=PRODUCT_DEFINITION('Stepper shaft','Stepper shaft',#14025,#13999);
#14008=PRODUCT_DEFINITION('Philips M3X30','Philips M3X30',#14026,#13999);
#14009=PRODUCT_DEFINITION('Bearing','Bearing',#14027,#13999);
#14010=PRODUCT_DEFINITION('Base/MotorMount','Base/MotorMount v12',#14028,
#13999);
#14011=PRODUCT_DEFINITION('BarLink','BarLink v9',#14029,#13999);
#14012=PRODUCT_DEFINITION('SKF_6002','SKF_6002 v4',#14030,#13999);
#14013=PRODUCT_DEFINITION('SKF_6002_or','SKF_6002_or',#14031,#13999);
#14014=PRODUCT_DEFINITION('SKF_6002_ir','SKF_6002_ir',#14032,#13999);
#14015=PRODUCT_DEFINITION('SKF_6002_ball1','SKF_6002_ball1',#14033,#13999);
#14016=PRODUCT_DEFINITION('JointRod','JointRod v4',#14034,#13999);
#14017=PRODUCT_DEFINITION('PendulumRod','PendulumRod v6',#14035,#13999);
#14018=PRODUCT_DEFINITION_FORMATION('',$,#14057);
#14019=PRODUCT_DEFINITION_FORMATION('',$,#14058);
#14020=PRODUCT_DEFINITION_FORMATION('',$,#14059);
#14021=PRODUCT_DEFINITION_FORMATION('',$,#14060);
#14022=PRODUCT_DEFINITION_FORMATION('',$,#14061);
#14023=PRODUCT_DEFINITION_FORMATION('',$,#14062);
#14024=PRODUCT_DEFINITION_FORMATION('',$,#14063);
#14025=PRODUCT_DEFINITION_FORMATION('',$,#14064);
#14026=PRODUCT_DEFINITION_FORMATION('',$,#14065);
#14027=PRODUCT_DEFINITION_FORMATION('',$,#14066);
#14028=PRODUCT_DEFINITION_FORMATION('',$,#14067);
#14029=PRODUCT_DEFINITION_FORMATION('',$,#14068);
#14030=PRODUCT_DEFINITION_FORMATION('',$,#14069);
#14031=PRODUCT_DEFINITION_FORMATION('',$,#14070);
#14032=PRODUCT_DEFINITION_FORMATION('',$,#14071);
#14033=PRODUCT_DEFINITION_FORMATION('',$,#14072);
#14034=PRODUCT_DEFINITION_FORMATION('',$,#14073);
#14035=PRODUCT_DEFINITION_FORMATION('',$,#14074);
#14036=PRODUCT_RELATED_PRODUCT_CATEGORY('Assembly v14','Assembly v14',(#14057));
#14037=PRODUCT_RELATED_PRODUCT_CATEGORY('base_link v4','base_link v4',(#14058));
#14038=PRODUCT_RELATED_PRODUCT_CATEGORY('NEMA v6','NEMA v6',(#14059));
#14039=PRODUCT_RELATED_PRODUCT_CATEGORY('Middle part','Middle part',(#14060));
#14040=PRODUCT_RELATED_PRODUCT_CATEGORY('Bottom plate','Bottom plate',(#14061));
#14041=PRODUCT_RELATED_PRODUCT_CATEGORY('Top plate','Top plate',(#14062));
#14042=PRODUCT_RELATED_PRODUCT_CATEGORY('JST-S6B-PH-K-S',
'JST-S6B-PH-K-S',(#14063));
#14043=PRODUCT_RELATED_PRODUCT_CATEGORY('Stepper shaft','Stepper shaft',
(#14064));
#14044=PRODUCT_RELATED_PRODUCT_CATEGORY('Philips M3X30','Philips M3X30',
(#14065));
#14045=PRODUCT_RELATED_PRODUCT_CATEGORY('Bearing','Bearing',(#14066));
#14046=PRODUCT_RELATED_PRODUCT_CATEGORY('Base/MotorMount v12',
'Base/MotorMount v12',(#14067));
#14047=PRODUCT_RELATED_PRODUCT_CATEGORY('BarLink v9','BarLink v9',(#14068));
#14048=PRODUCT_RELATED_PRODUCT_CATEGORY('SKF_6002 v4','SKF_6002 v4',(#14069));
#14049=PRODUCT_RELATED_PRODUCT_CATEGORY('SKF_6002_or','SKF_6002_or',(#14070));
#14050=PRODUCT_RELATED_PRODUCT_CATEGORY('SKF_6002_ir','SKF_6002_ir',(#14071));
#14051=PRODUCT_RELATED_PRODUCT_CATEGORY('SKF_6002_ball1',
'SKF_6002_ball1',(#14072));
#14052=PRODUCT_RELATED_PRODUCT_CATEGORY('JointRod v4','JointRod v4',(#14073));
#14053=PRODUCT_RELATED_PRODUCT_CATEGORY('PendulumRod v6',
'PendulumRod v6',(#14074));
#14054=APPLICATION_PROTOCOL_DEFINITION('international standard',
'automotive_design',2009,#14055);
#14055=APPLICATION_CONTEXT(
'Core Data for Automotive Mechanical Design Process');
#14056=PRODUCT_CONTEXT('part definition',#14055,'mechanical');
#14057=PRODUCT('Assembly','Assembly v14',$,(#14056));
#14058=PRODUCT('base_link','base_link v4',$,(#14056));
#14059=PRODUCT('NEMA 17 - MS17HD2','NEMA v6','Unknown',(#14056));
#14060=PRODUCT('Middle part','Middle part','Middle part',(#14056));
#14061=PRODUCT('Bottom plate','Bottom plate','Bottom plate',(#14056));
#14062=PRODUCT('Top plate','Top plate','Top plate',(#14056));
#14063=PRODUCT('JST-S6B-PH-K-S','JST-S6B-PH-K-S','JST-S6B-PH-K-S',(#14056));
#14064=PRODUCT('Stepper shaft','Stepper shaft','Stepper shaft',(#14056));
#14065=PRODUCT('Philips M3X30','Philips M3X30','Philips M3X30',(#14056));
#14066=PRODUCT('Bearing','Bearing','Bearing',(#14056));
#14067=PRODUCT('Base/MotorMount','Base/MotorMount v12',$,(#14056));
#14068=PRODUCT('BarLink','BarLink v9',$,(#14056));
#14069=PRODUCT('SKF_6002','SKF_6002 v4','STEP AP203',(#14056));
#14070=PRODUCT('SKF_6002_or','SKF_6002_or','SKF_6002_or',(#14056));
#14071=PRODUCT('SKF_6002_ir','SKF_6002_ir','SKF_6002_ir',(#14056));
#14072=PRODUCT('SKF_6002_ball1','SKF_6002_ball1','SKF_6002_ball1',(#14056));
#14073=PRODUCT('JointRod','JointRod v4',$,(#14056));
#14074=PRODUCT('PendulumRod','PendulumRod v6',$,(#14056));
#14075=PRESENTATION_STYLE_ASSIGNMENT((#14091));
#14076=PRESENTATION_STYLE_ASSIGNMENT((#14092));
#14077=PRESENTATION_STYLE_ASSIGNMENT((#14093));
#14078=PRESENTATION_STYLE_ASSIGNMENT((#14094));
#14079=PRESENTATION_STYLE_ASSIGNMENT((#14095));
#14080=PRESENTATION_STYLE_ASSIGNMENT((#14096));
#14081=PRESENTATION_STYLE_ASSIGNMENT((#14097));
#14082=PRESENTATION_STYLE_ASSIGNMENT((#14098));
#14083=PRESENTATION_STYLE_ASSIGNMENT((#14099));
#14084=PRESENTATION_STYLE_ASSIGNMENT((#14100));
#14085=PRESENTATION_STYLE_ASSIGNMENT((#14101));
#14086=PRESENTATION_STYLE_ASSIGNMENT((#14102));
#14087=PRESENTATION_STYLE_ASSIGNMENT((#14103));
#14088=PRESENTATION_STYLE_ASSIGNMENT((#14104));
#14089=PRESENTATION_STYLE_ASSIGNMENT((#14105));
#14090=PRESENTATION_STYLE_ASSIGNMENT((#14106));
#14091=SURFACE_STYLE_USAGE(.BOTH.,#14107);
#14092=SURFACE_STYLE_USAGE(.BOTH.,#14108);
#14093=SURFACE_STYLE_USAGE(.BOTH.,#14109);
#14094=SURFACE_STYLE_USAGE(.BOTH.,#14110);
#14095=SURFACE_STYLE_USAGE(.BOTH.,#14111);
#14096=SURFACE_STYLE_USAGE(.BOTH.,#14112);
#14097=SURFACE_STYLE_USAGE(.BOTH.,#14113);
#14098=SURFACE_STYLE_USAGE(.BOTH.,#14114);
#14099=SURFACE_STYLE_USAGE(.BOTH.,#14115);
#14100=SURFACE_STYLE_USAGE(.BOTH.,#14116);
#14101=SURFACE_STYLE_USAGE(.BOTH.,#14117);
#14102=SURFACE_STYLE_USAGE(.BOTH.,#14118);
#14103=SURFACE_STYLE_USAGE(.BOTH.,#14119);
#14104=SURFACE_STYLE_USAGE(.BOTH.,#14120);
#14105=SURFACE_STYLE_USAGE(.BOTH.,#14121);
#14106=SURFACE_STYLE_USAGE(.BOTH.,#14122);
#14107=SURFACE_SIDE_STYLE('',(#14123));
#14108=SURFACE_SIDE_STYLE('',(#14124));
#14109=SURFACE_SIDE_STYLE('',(#14125));
#14110=SURFACE_SIDE_STYLE('',(#14126));
#14111=SURFACE_SIDE_STYLE('',(#14127));
#14112=SURFACE_SIDE_STYLE('',(#14128));
#14113=SURFACE_SIDE_STYLE('',(#14129));
#14114=SURFACE_SIDE_STYLE('',(#14130));
#14115=SURFACE_SIDE_STYLE('',(#14131));
#14116=SURFACE_SIDE_STYLE('',(#14132));
#14117=SURFACE_SIDE_STYLE('',(#14133));
#14118=SURFACE_SIDE_STYLE('',(#14134));
#14119=SURFACE_SIDE_STYLE('',(#14135));
#14120=SURFACE_SIDE_STYLE('',(#14136));
#14121=SURFACE_SIDE_STYLE('',(#14137));
#14122=SURFACE_SIDE_STYLE('',(#14138));
#14123=SURFACE_STYLE_FILL_AREA(#14139);
#14124=SURFACE_STYLE_FILL_AREA(#14140);
#14125=SURFACE_STYLE_FILL_AREA(#14141);
#14126=SURFACE_STYLE_FILL_AREA(#14142);
#14127=SURFACE_STYLE_FILL_AREA(#14143);
#14128=SURFACE_STYLE_FILL_AREA(#14144);
#14129=SURFACE_STYLE_FILL_AREA(#14145);
#14130=SURFACE_STYLE_FILL_AREA(#14146);
#14131=SURFACE_STYLE_FILL_AREA(#14147);
#14132=SURFACE_STYLE_FILL_AREA(#14148);
#14133=SURFACE_STYLE_FILL_AREA(#14149);
#14134=SURFACE_STYLE_FILL_AREA(#14150);
#14135=SURFACE_STYLE_FILL_AREA(#14151);
#14136=SURFACE_STYLE_FILL_AREA(#14152);
#14137=SURFACE_STYLE_FILL_AREA(#14153);
#14138=SURFACE_STYLE_FILL_AREA(#14154);
#14139=FILL_AREA_STYLE('Steel - Satin',(#14155));
#14140=FILL_AREA_STYLE('Opaque(55,55,55)',(#14156));
#14141=FILL_AREA_STYLE('Opaque(209,209,209)',(#14157));
#14142=FILL_AREA_STYLE('Opaque(48,191,148)',(#14158));
#14143=FILL_AREA_STYLE('Opaque(187,204,238)',(#14159));
#14144=FILL_AREA_STYLE('Opaque(255,204,119)',(#14160));
#14145=FILL_AREA_STYLE('Opaque(255,255,255)',(#14161));
#14146=FILL_AREA_STYLE('Opaque(189,198,204)',(#14162));
#14147=FILL_AREA_STYLE('Opaque(85,87,89)',(#14163));
#14148=FILL_AREA_STYLE('Powder Coat - Rough (Dark Grey)',(#14164));
#14149=FILL_AREA_STYLE('Chrome',(#14165));
#14150=FILL_AREA_STYLE('Chrome - Black',(#14166));
#14151=FILL_AREA_STYLE('Opaque(176,176,176)',(#14167));
#14152=FILL_AREA_STYLE('Aluminum - Anodized Glossy (Blue)',(#14168));
#14153=FILL_AREA_STYLE('Paint - Metallic (Silver)',(#14169));
#14154=FILL_AREA_STYLE(
'PA 11 - Nylon- HP 11-30 (with EOS P 396 3D Printer)',(#14170));
#14155=FILL_AREA_STYLE_COLOUR('Steel - Satin',#14171);
#14156=FILL_AREA_STYLE_COLOUR('Opaque(55,55,55)',#14172);
#14157=FILL_AREA_STYLE_COLOUR('Opaque(209,209,209)',#14173);
#14158=FILL_AREA_STYLE_COLOUR('Opaque(48,191,148)',#14174);
#14159=FILL_AREA_STYLE_COLOUR('Opaque(187,204,238)',#14175);
#14160=FILL_AREA_STYLE_COLOUR('Opaque(255,204,119)',#14176);
#14161=FILL_AREA_STYLE_COLOUR('Opaque(255,255,255)',#14177);
#14162=FILL_AREA_STYLE_COLOUR('Opaque(189,198,204)',#14178);
#14163=FILL_AREA_STYLE_COLOUR('Opaque(85,87,89)',#14179);
#14164=FILL_AREA_STYLE_COLOUR('Powder Coat - Rough (Dark Grey)',#14180);
#14165=FILL_AREA_STYLE_COLOUR('Chrome',#14181);
#14166=FILL_AREA_STYLE_COLOUR('Chrome - Black',#14182);
#14167=FILL_AREA_STYLE_COLOUR('Opaque(176,176,176)',#14183);
#14168=FILL_AREA_STYLE_COLOUR('Aluminum - Anodized Glossy (Blue)',#14184);
#14169=FILL_AREA_STYLE_COLOUR('Paint - Metallic (Silver)',#14185);
#14170=FILL_AREA_STYLE_COLOUR(
'PA 11 - Nylon- HP 11-30 (with EOS P 396 3D Printer)',#14186);
#14171=COLOUR_RGB('Steel - Satin',0.627450980392157,0.627450980392157,0.627450980392157);
#14172=COLOUR_RGB('Opaque(55,55,55)',0.215686274509804,0.215686274509804,
0.215686274509804);
#14173=COLOUR_RGB('Opaque(209,209,209)',0.819607843137255,0.819607843137255,
0.819607843137255);
#14174=COLOUR_RGB('Opaque(48,191,148)',0.188235294117647,0.749019607843137,
0.580392156862745);
#14175=COLOUR_RGB('Opaque(187,204,238)',0.733333333333333,0.8,0.933333333333333);
#14176=COLOUR_RGB('Opaque(255,204,119)',1.,0.8,0.466666666666667);
#14177=COLOUR_RGB('Opaque(255,255,255)',1.,1.,1.);
#14178=COLOUR_RGB('Opaque(189,198,204)',0.741176470588235,0.776470588235294,
0.8);
#14179=COLOUR_RGB('Opaque(85,87,89)',0.333333333333333,0.341176470588235,
0.349019607843137);
#14180=COLOUR_RGB('Powder Coat - Rough (Dark Grey)',0.349019607843137,0.349019607843137,
0.349019607843137);
#14181=COLOUR_RGB('Chrome',0.768627450980392,0.772549019607843,0.768627450980392);
#14182=COLOUR_RGB('Chrome - Black',0.564705882352941,0.556862745098039,
0.545098039215686);
#14183=COLOUR_RGB('Opaque(176,176,176)',0.690196078431373,0.690196078431373,
0.690196078431373);
#14184=COLOUR_RGB('Aluminum - Anodized Glossy (Blue)',0.349019607843137,
0.584313725490196,0.854901960784314);
#14185=COLOUR_RGB('Paint - Metallic (Silver)',0.984313725490196,0.980392156862745,
0.96078431372549);
#14186=COLOUR_RGB('PA 11 - Nylon- HP 11-30 (with EOS P 396 3D Printer)',
0.247058823529412,0.247058823529412,0.247058823529412);
ENDSEC;
END-ISO-10303-21;
