ISO-10303-21;
HEADER;
/* Generated by software containing ST-Developer
 * from STEP Tools, Inc. (www.steptools.com) 
 */

FILE_DESCRIPTION(
/* description */ (''),
/* implementation_level */ '2;1');

FILE_NAME(
/* name */ 'ScaledMotorandMount.step',
/* time_stamp */ '2026-02-07T23:22:01+05:30',
/* author */ (''),
/* organization */ (''),
/* preprocessor_version */ 'ST-DEVELOPER v20.1',
/* originating_system */ 'Autodesk Translation Framework v14.24.0.0',
/* authorisation */ '');

FILE_SCHEMA (('AUTOMOTIVE_DESIGN { 1 0 10303 214 3 1 1 }'));
ENDSEC;

DATA;
#10=MECHANICAL_DESIGN_GEOMETRIC_PRESENTATION_REPRESENTATION('',(#49,#50,
#51,#52,#53,#54,#55,#56,#57,#58,#59,#60,#61,#62,#63,#64,#65,#66,#67,#68,
#69,#70,#71,#72,#73,#74,#75,#76,#77,#78,#79,#80,#81,#82,#83,#84,#85,#86,
#87,#88,#89,#90,#91,#92,#93,#94,#95,#96,#97,#98,#99,#100,#101,#102,#103,
#104,#105,#106,#107,#108,#109,#110,#111,#112,#113,#114,#115,#116,#117,#118,
#119,#120),#3221);
#11=ITEM_DEFINED_TRANSFORMATION($,$,#2009,#2149);
#12=ITEM_DEFINED_TRANSFORMATION($,$,#2059,#2150);
#13=ITEM_DEFINED_TRANSFORMATION($,$,#2105,#2151);
#14=ITEM_DEFINED_TRANSFORMATION($,$,#2135,#2152);
#15=ITEM_DEFINED_TRANSFORMATION($,$,#1976,#2153);
#16=ITEM_DEFINED_TRANSFORMATION($,$,#2008,#2154);
#17=(
REPRESENTATION_RELATIONSHIP($,$,#3248,#3247)
REPRESENTATION_RELATIONSHIP_WITH_TRANSFORMATION(#11)
SHAPE_REPRESENTATION_RELATIONSHIP()
);
#18=(
REPRESENTATION_RELATIONSHIP($,$,#3249,#3247)
REPRESENTATION_RELATIONSHIP_WITH_TRANSFORMATION(#12)
SHAPE_REPRESENTATION_RELATIONSHIP()
);
#19=(
REPRESENTATION_RELATIONSHIP($,$,#3250,#3247)
REPRESENTATION_RELATIONSHIP_WITH_TRANSFORMATION(#13)
SHAPE_REPRESENTATION_RELATIONSHIP()
);
#20=(
REPRESENTATION_RELATIONSHIP($,$,#3251,#3247)
REPRESENTATION_RELATIONSHIP_WITH_TRANSFORMATION(#14)
SHAPE_REPRESENTATION_RELATIONSHIP()
);
#21=(
REPRESENTATION_RELATIONSHIP($,$,#3246,#3245)
REPRESENTATION_RELATIONSHIP_WITH_TRANSFORMATION(#15)
SHAPE_REPRESENTATION_RELATIONSHIP()
);
#22=(
REPRESENTATION_RELATIONSHIP($,$,#3247,#3245)
REPRESENTATION_RELATIONSHIP_WITH_TRANSFORMATION(#16)
SHAPE_REPRESENTATION_RELATIONSHIP()
);
#23=CONTEXT_DEPENDENT_SHAPE_REPRESENTATION(#17,#3239);
#24=CONTEXT_DEPENDENT_SHAPE_REPRESENTATION(#18,#3240);
#25=CONTEXT_DEPENDENT_SHAPE_REPRESENTATION(#19,#3241);
#26=CONTEXT_DEPENDENT_SHAPE_REPRESENTATION(#20,#3242);
#27=CONTEXT_DEPENDENT_SHAPE_REPRESENTATION(#21,#3243);
#28=CONTEXT_DEPENDENT_SHAPE_REPRESENTATION(#22,#3244);
#29=NEXT_ASSEMBLY_USAGE_OCCURRENCE('Middle part:1','Middle part:1',
'Middle part:1',#3255,#3256,'Middle part:1');
#30=NEXT_ASSEMBLY_USAGE_OCCURRENCE('Bottom plate:1','Bottom plate:1',
'Bottom plate:1',#3255,#3257,'Bottom plate:1');
#31=NEXT_ASSEMBLY_USAGE_OCCURRENCE('Top plate:1','Top plate:1',
'Top plate:1',#3255,#3258,'Top plate:1');
#32=NEXT_ASSEMBLY_USAGE_OCCURRENCE('Stepper shaft:1','Stepper shaft:1',
'Stepper shaft:1',#3255,#3259,'Stepper shaft:1');
#33=NEXT_ASSEMBLY_USAGE_OCCURRENCE('5MotorMount v1:1',
'5MotorMount v1:1','5MotorMount v1:1',#3253,#3254,'5MotorMount v1:1');
#34=NEXT_ASSEMBLY_USAGE_OCCURRENCE('NEMA v2:1','NEMA v2:1','NEMA v2:1',
#3253,#3255,'NEMA v2:1');
#35=CONICAL_SURFACE('',#2147,0.0125,0.785398163397445);
#36=CONICAL_SURFACE('',#2148,0.011,0.785398163397445);
#37=(
BOUNDED_CURVE()
B_SPLINE_CURVE(2,(#3189,#3190,#3191),.UNSPECIFIED.,.F.,.F.)
B_SPLINE_CURVE_WITH_KNOTS((3,3),(1.52446453106399,1.83661210658499),
 .UNSPECIFIED.)
CURVE()
GEOMETRIC_REPRESENTATION_ITEM()
RATIONAL_B_SPLINE_CURVE((4.48888888888887,4.68266655144667,4.80952380953768))
REPRESENTATION_ITEM('')
);
#38=(
BOUNDED_CURVE()
B_SPLINE_CURVE(2,(#3192,#3193,#3194),.UNSPECIFIED.,.F.,.F.)
B_SPLINE_CURVE_WITH_KNOTS((3,3),(3.02005341617854,3.33220099169953),
 .UNSPECIFIED.)
CURVE()
GEOMETRIC_REPRESENTATION_ITEM()
RATIONAL_B_SPLINE_CURVE((4.80952380953767,4.68266655144666,4.48888888888887))
REPRESENTATION_ITEM('')
);
#39=SHAPE_REPRESENTATION_RELATIONSHIP('SRR','None',#3246,#44);
#40=SHAPE_REPRESENTATION_RELATIONSHIP('SRR','None',#3248,#45);
#41=SHAPE_REPRESENTATION_RELATIONSHIP('SRR','None',#3249,#46);
#42=SHAPE_REPRESENTATION_RELATIONSHIP('SRR','None',#3250,#47);
#43=SHAPE_REPRESENTATION_RELATIONSHIP('SRR','None',#3251,#48);
#44=ADVANCED_BREP_SHAPE_REPRESENTATION('',(#121),#3215);
#45=ADVANCED_BREP_SHAPE_REPRESENTATION('',(#122),#3217);
#46=ADVANCED_BREP_SHAPE_REPRESENTATION('',(#123),#3218);
#47=ADVANCED_BREP_SHAPE_REPRESENTATION('',(#124),#3219);
#48=ADVANCED_BREP_SHAPE_REPRESENTATION('',(#125),#3220);
#49=STYLED_ITEM('',(#3285),#121);
#50=STYLED_ITEM('',(#3286),#1840);
#51=STYLED_ITEM('',(#3286),#1841);
#52=STYLED_ITEM('',(#3286),#1842);
#53=STYLED_ITEM('',(#3286),#1843);
#54=STYLED_ITEM('',(#3287),#1844);
#55=STYLED_ITEM('',(#3287),#1845);
#56=STYLED_ITEM('',(#3286),#1846);
#57=STYLED_ITEM('',(#3286),#1847);
#58=STYLED_ITEM('',(#3286),#1848);
#59=STYLED_ITEM('',(#3286),#1849);
#60=STYLED_ITEM('',(#3288),#1850);
#61=STYLED_ITEM('',(#3288),#1851);
#62=STYLED_ITEM('',(#3288),#1852);
#63=STYLED_ITEM('',(#3288),#1853);
#64=STYLED_ITEM('',(#3287),#1854);
#65=STYLED_ITEM('',(#3286),#1855);
#66=STYLED_ITEM('',(#3286),#1856);
#67=STYLED_ITEM('',(#3286),#1857);
#68=STYLED_ITEM('',(#3286),#1858);
#69=STYLED_ITEM('',(#3286),#1859);
#70=STYLED_ITEM('',(#3286),#1860);
#71=STYLED_ITEM('',(#3286),#1861);
#72=STYLED_ITEM('',(#3286),#1862);
#73=STYLED_ITEM('',(#3284),#122);
#74=STYLED_ITEM('',(#3286),#1863);
#75=STYLED_ITEM('',(#3286),#1864);
#76=STYLED_ITEM('',(#3286),#1865);
#77=STYLED_ITEM('',(#3286),#1866);
#78=STYLED_ITEM('',(#3286),#1867);
#79=STYLED_ITEM('',(#3287),#1868);
#80=STYLED_ITEM('',(#3286),#1869);
#81=STYLED_ITEM('',(#3286),#1870);
#82=STYLED_ITEM('',(#3286),#1871);
#83=STYLED_ITEM('',(#3286),#1872);
#84=STYLED_ITEM('',(#3287),#1873);
#85=STYLED_ITEM('',(#3286),#1874);
#86=STYLED_ITEM('',(#3286),#1875);
#87=STYLED_ITEM('',(#3286),#1876);
#88=STYLED_ITEM('',(#3286),#1877);
#89=STYLED_ITEM('',(#3287),#1878);
#90=STYLED_ITEM('',(#3287),#1879);
#91=STYLED_ITEM('',(#3287),#1880);
#92=STYLED_ITEM('',(#3287),#1881);
#93=STYLED_ITEM('',(#3287),#1882);
#94=STYLED_ITEM('',(#3287),#1883);
#95=STYLED_ITEM('',(#3287),#1884);
#96=STYLED_ITEM('',(#3287),#1885);
#97=STYLED_ITEM('',(#3287),#1886);
#98=STYLED_ITEM('',(#3287),#1887);
#99=STYLED_ITEM('',(#3287),#1888);
#100=STYLED_ITEM('',(#3287),#1889);
#101=STYLED_ITEM('',(#3284),#123);
#102=STYLED_ITEM('',(#3286),#1890);
#103=STYLED_ITEM('',(#3286),#1891);
#104=STYLED_ITEM('',(#3286),#1892);
#105=STYLED_ITEM('',(#3286),#1893);
#106=STYLED_ITEM('',(#3286),#1894);
#107=STYLED_ITEM('',(#3286),#1895);
#108=STYLED_ITEM('',(#3286),#1896);
#109=STYLED_ITEM('',(#3286),#1897);
#110=STYLED_ITEM('',(#3287),#1898);
#111=STYLED_ITEM('',(#3287),#1899);
#112=STYLED_ITEM('',(#3287),#1900);
#113=STYLED_ITEM('',(#3286),#1901);
#114=STYLED_ITEM('',(#3287),#1902);
#115=STYLED_ITEM('',(#3288),#1903);
#116=STYLED_ITEM('',(#3288),#1904);
#117=STYLED_ITEM('',(#3288),#1905);
#118=STYLED_ITEM('',(#3288),#1906);
#119=STYLED_ITEM('',(#3284),#124);
#120=STYLED_ITEM('',(#3289),#125);
#121=MANIFOLD_SOLID_BREP('Base',#1914);
#122=MANIFOLD_SOLID_BREP('Body1',#1915);
#123=MANIFOLD_SOLID_BREP('Body1',#1916);
#124=MANIFOLD_SOLID_BREP('Body1',#1917);
#125=MANIFOLD_SOLID_BREP('Body1',#1918);
#126=FACE_BOUND('',#342,.T.);
#127=FACE_BOUND('',#345,.T.);
#128=FACE_BOUND('',#346,.T.);
#129=FACE_BOUND('',#347,.T.);
#130=FACE_BOUND('',#348,.T.);
#131=FACE_BOUND('',#349,.T.);
#132=FACE_BOUND('',#352,.T.);
#133=FACE_BOUND('',#353,.T.);
#134=FACE_BOUND('',#354,.T.);
#135=FACE_BOUND('',#355,.T.);
#136=FACE_BOUND('',#356,.T.);
#137=FACE_BOUND('',#358,.T.);
#138=FACE_BOUND('',#361,.T.);
#139=FACE_BOUND('',#363,.T.);
#140=FACE_BOUND('',#369,.T.);
#141=FACE_BOUND('',#370,.T.);
#142=FACE_BOUND('',#371,.T.);
#143=FACE_BOUND('',#372,.T.);
#144=FACE_BOUND('',#373,.T.);
#145=FACE_BOUND('',#375,.T.);
#146=FACE_BOUND('',#376,.T.);
#147=FACE_BOUND('',#377,.T.);
#148=FACE_BOUND('',#378,.T.);
#149=FACE_BOUND('',#379,.T.);
#150=FACE_BOUND('',#402,.T.);
#151=FACE_BOUND('',#403,.T.);
#152=FACE_BOUND('',#404,.T.);
#153=FACE_BOUND('',#405,.T.);
#154=FACE_BOUND('',#406,.T.);
#155=FACE_BOUND('',#408,.T.);
#156=FACE_BOUND('',#409,.T.);
#157=FACE_BOUND('',#410,.T.);
#158=FACE_BOUND('',#411,.T.);
#159=FACE_BOUND('',#412,.T.);
#160=FACE_BOUND('',#424,.T.);
#161=FACE_BOUND('',#428,.T.);
#162=FACE_BOUND('',#432,.T.);
#163=FACE_BOUND('',#436,.T.);
#164=FACE_BOUND('',#447,.T.);
#165=FACE_BOUND('',#448,.T.);
#166=FACE_BOUND('',#449,.T.);
#167=FACE_BOUND('',#450,.T.);
#168=FACE_BOUND('',#451,.T.);
#169=FACE_BOUND('',#453,.T.);
#170=FACE_BOUND('',#454,.T.);
#171=FACE_BOUND('',#455,.T.);
#172=FACE_BOUND('',#456,.T.);
#173=FACE_BOUND('',#457,.T.);
#174=FACE_BOUND('',#460,.T.);
#175=PLANE('',#1992);
#176=PLANE('',#1993);
#177=PLANE('',#1994);
#178=PLANE('',#1995);
#179=PLANE('',#1996);
#180=PLANE('',#1997);
#181=PLANE('',#1998);
#182=PLANE('',#1999);
#183=PLANE('',#2000);
#184=PLANE('',#2001);
#185=PLANE('',#2002);
#186=PLANE('',#2003);
#187=PLANE('',#2004);
#188=PLANE('',#2005);
#189=PLANE('',#2006);
#190=PLANE('',#2007);
#191=PLANE('',#2010);
#192=PLANE('',#2011);
#193=PLANE('',#2012);
#194=PLANE('',#2013);
#195=PLANE('',#2014);
#196=PLANE('',#2028);
#197=PLANE('',#2042);
#198=PLANE('',#2043);
#199=PLANE('',#2044);
#200=PLANE('',#2045);
#201=PLANE('',#2060);
#202=PLANE('',#2061);
#203=PLANE('',#2062);
#204=PLANE('',#2063);
#205=PLANE('',#2064);
#206=PLANE('',#2070);
#207=PLANE('',#2076);
#208=PLANE('',#2077);
#209=PLANE('',#2078);
#210=PLANE('',#2079);
#211=PLANE('',#2081);
#212=PLANE('',#2082);
#213=PLANE('',#2083);
#214=PLANE('',#2084);
#215=PLANE('',#2087);
#216=PLANE('',#2092);
#217=PLANE('',#2097);
#218=PLANE('',#2102);
#219=PLANE('',#2106);
#220=PLANE('',#2107);
#221=PLANE('',#2108);
#222=PLANE('',#2109);
#223=PLANE('',#2110);
#224=PLANE('',#2111);
#225=PLANE('',#2112);
#226=PLANE('',#2113);
#227=PLANE('',#2114);
#228=PLANE('',#2120);
#229=PLANE('',#2128);
#230=PLANE('',#2141);
#231=PLANE('',#2143);
#232=PLANE('',#2145);
#233=PLANE('',#2146);
#234=FACE_OUTER_BOUND('',#329,.T.);
#235=FACE_OUTER_BOUND('',#330,.T.);
#236=FACE_OUTER_BOUND('',#331,.T.);
#237=FACE_OUTER_BOUND('',#332,.T.);
#238=FACE_OUTER_BOUND('',#333,.T.);
#239=FACE_OUTER_BOUND('',#334,.T.);
#240=FACE_OUTER_BOUND('',#335,.T.);
#241=FACE_OUTER_BOUND('',#336,.T.);
#242=FACE_OUTER_BOUND('',#337,.T.);
#243=FACE_OUTER_BOUND('',#338,.T.);
#244=FACE_OUTER_BOUND('',#339,.T.);
#245=FACE_OUTER_BOUND('',#340,.T.);
#246=FACE_OUTER_BOUND('',#341,.T.);
#247=FACE_OUTER_BOUND('',#343,.T.);
#248=FACE_OUTER_BOUND('',#344,.T.);
#249=FACE_OUTER_BOUND('',#350,.T.);
#250=FACE_OUTER_BOUND('',#351,.T.);
#251=FACE_OUTER_BOUND('',#357,.T.);
#252=FACE_OUTER_BOUND('',#359,.T.);
#253=FACE_OUTER_BOUND('',#360,.T.);
#254=FACE_OUTER_BOUND('',#362,.T.);
#255=FACE_OUTER_BOUND('',#364,.T.);
#256=FACE_OUTER_BOUND('',#365,.T.);
#257=FACE_OUTER_BOUND('',#366,.T.);
#258=FACE_OUTER_BOUND('',#367,.T.);
#259=FACE_OUTER_BOUND('',#368,.T.);
#260=FACE_OUTER_BOUND('',#374,.T.);
#261=FACE_OUTER_BOUND('',#380,.T.);
#262=FACE_OUTER_BOUND('',#381,.T.);
#263=FACE_OUTER_BOUND('',#382,.T.);
#264=FACE_OUTER_BOUND('',#383,.T.);
#265=FACE_OUTER_BOUND('',#384,.T.);
#266=FACE_OUTER_BOUND('',#385,.T.);
#267=FACE_OUTER_BOUND('',#386,.T.);
#268=FACE_OUTER_BOUND('',#387,.T.);
#269=FACE_OUTER_BOUND('',#388,.T.);
#270=FACE_OUTER_BOUND('',#389,.T.);
#271=FACE_OUTER_BOUND('',#390,.T.);
#272=FACE_OUTER_BOUND('',#391,.T.);
#273=FACE_OUTER_BOUND('',#392,.T.);
#274=FACE_OUTER_BOUND('',#393,.T.);
#275=FACE_OUTER_BOUND('',#394,.T.);
#276=FACE_OUTER_BOUND('',#395,.T.);
#277=FACE_OUTER_BOUND('',#396,.T.);
#278=FACE_OUTER_BOUND('',#397,.T.);
#279=FACE_OUTER_BOUND('',#398,.T.);
#280=FACE_OUTER_BOUND('',#399,.T.);
#281=FACE_OUTER_BOUND('',#400,.T.);
#282=FACE_OUTER_BOUND('',#401,.T.);
#283=FACE_OUTER_BOUND('',#407,.T.);
#284=FACE_OUTER_BOUND('',#413,.T.);
#285=FACE_OUTER_BOUND('',#414,.T.);
#286=FACE_OUTER_BOUND('',#415,.T.);
#287=FACE_OUTER_BOUND('',#416,.T.);
#288=FACE_OUTER_BOUND('',#417,.T.);
#289=FACE_OUTER_BOUND('',#418,.T.);
#290=FACE_OUTER_BOUND('',#419,.T.);
#291=FACE_OUTER_BOUND('',#420,.T.);
#292=FACE_OUTER_BOUND('',#421,.T.);
#293=FACE_OUTER_BOUND('',#422,.T.);
#294=FACE_OUTER_BOUND('',#423,.T.);
#295=FACE_OUTER_BOUND('',#425,.T.);
#296=FACE_OUTER_BOUND('',#426,.T.);
#297=FACE_OUTER_BOUND('',#427,.T.);
#298=FACE_OUTER_BOUND('',#429,.T.);
#299=FACE_OUTER_BOUND('',#430,.T.);
#300=FACE_OUTER_BOUND('',#431,.T.);
#301=FACE_OUTER_BOUND('',#433,.T.);
#302=FACE_OUTER_BOUND('',#434,.T.);
#303=FACE_OUTER_BOUND('',#435,.T.);
#304=FACE_OUTER_BOUND('',#437,.T.);
#305=FACE_OUTER_BOUND('',#438,.T.);
#306=FACE_OUTER_BOUND('',#439,.T.);
#307=FACE_OUTER_BOUND('',#440,.T.);
#308=FACE_OUTER_BOUND('',#441,.T.);
#309=FACE_OUTER_BOUND('',#442,.T.);
#310=FACE_OUTER_BOUND('',#443,.T.);
#311=FACE_OUTER_BOUND('',#444,.T.);
#312=FACE_OUTER_BOUND('',#445,.T.);
#313=FACE_OUTER_BOUND('',#446,.T.);
#314=FACE_OUTER_BOUND('',#452,.T.);
#315=FACE_OUTER_BOUND('',#458,.T.);
#316=FACE_OUTER_BOUND('',#459,.T.);
#317=FACE_OUTER_BOUND('',#461,.T.);
#318=FACE_OUTER_BOUND('',#462,.T.);
#319=FACE_OUTER_BOUND('',#463,.T.);
#320=FACE_OUTER_BOUND('',#464,.T.);
#321=FACE_OUTER_BOUND('',#465,.T.);
#322=FACE_OUTER_BOUND('',#466,.T.);
#323=FACE_OUTER_BOUND('',#467,.T.);
#324=FACE_OUTER_BOUND('',#468,.T.);
#325=FACE_OUTER_BOUND('',#469,.T.);
#326=FACE_OUTER_BOUND('',#470,.T.);
#327=FACE_OUTER_BOUND('',#471,.T.);
#328=FACE_OUTER_BOUND('',#472,.T.);
#329=EDGE_LOOP('',(#1295,#1296,#1297,#1298));
#330=EDGE_LOOP('',(#1299,#1300,#1301,#1302));
#331=EDGE_LOOP('',(#1303,#1304,#1305,#1306));
#332=EDGE_LOOP('',(#1307,#1308,#1309,#1310));
#333=EDGE_LOOP('',(#1311,#1312,#1313,#1314));
#334=EDGE_LOOP('',(#1315,#1316,#1317,#1318));
#335=EDGE_LOOP('',(#1319,#1320,#1321,#1322));
#336=EDGE_LOOP('',(#1323,#1324,#1325,#1326));
#337=EDGE_LOOP('',(#1327,#1328,#1329,#1330));
#338=EDGE_LOOP('',(#1331,#1332,#1333,#1334));
#339=EDGE_LOOP('',(#1335,#1336,#1337,#1338));
#340=EDGE_LOOP('',(#1339,#1340,#1341,#1342));
#341=EDGE_LOOP('',(#1343,#1344,#1345,#1346));
#342=EDGE_LOOP('',(#1347,#1348,#1349,#1350));
#343=EDGE_LOOP('',(#1351,#1352,#1353,#1354,#1355,#1356,#1357,#1358,#1359,
#1360,#1361,#1362));
#344=EDGE_LOOP('',(#1363,#1364,#1365,#1366,#1367,#1368,#1369,#1370,#1371,
#1372,#1373,#1374));
#345=EDGE_LOOP('',(#1375));
#346=EDGE_LOOP('',(#1376));
#347=EDGE_LOOP('',(#1377));
#348=EDGE_LOOP('',(#1378));
#349=EDGE_LOOP('',(#1379));
#350=EDGE_LOOP('',(#1380,#1381,#1382,#1383));
#351=EDGE_LOOP('',(#1384,#1385,#1386,#1387));
#352=EDGE_LOOP('',(#1388));
#353=EDGE_LOOP('',(#1389));
#354=EDGE_LOOP('',(#1390));
#355=EDGE_LOOP('',(#1391));
#356=EDGE_LOOP('',(#1392));
#357=EDGE_LOOP('',(#1393,#1394,#1395,#1396));
#358=EDGE_LOOP('',(#1397,#1398,#1399,#1400));
#359=EDGE_LOOP('',(#1401,#1402,#1403,#1404));
#360=EDGE_LOOP('',(#1405,#1406,#1407,#1408));
#361=EDGE_LOOP('',(#1409,#1410,#1411,#1412));
#362=EDGE_LOOP('',(#1413,#1414,#1415,#1416));
#363=EDGE_LOOP('',(#1417,#1418,#1419,#1420));
#364=EDGE_LOOP('',(#1421,#1422,#1423,#1424));
#365=EDGE_LOOP('',(#1425,#1426,#1427,#1428));
#366=EDGE_LOOP('',(#1429,#1430,#1431,#1432));
#367=EDGE_LOOP('',(#1433,#1434,#1435,#1436));
#368=EDGE_LOOP('',(#1437,#1438,#1439,#1440,#1441,#1442,#1443,#1444,#1445,
#1446,#1447,#1448,#1449,#1450,#1451,#1452));
#369=EDGE_LOOP('',(#1453));
#370=EDGE_LOOP('',(#1454));
#371=EDGE_LOOP('',(#1455));
#372=EDGE_LOOP('',(#1456));
#373=EDGE_LOOP('',(#1457));
#374=EDGE_LOOP('',(#1458,#1459,#1460,#1461,#1462,#1463,#1464,#1465,#1466,
#1467,#1468,#1469,#1470,#1471,#1472,#1473));
#375=EDGE_LOOP('',(#1474));
#376=EDGE_LOOP('',(#1475));
#377=EDGE_LOOP('',(#1476));
#378=EDGE_LOOP('',(#1477));
#379=EDGE_LOOP('',(#1478));
#380=EDGE_LOOP('',(#1479,#1480,#1481,#1482));
#381=EDGE_LOOP('',(#1483,#1484,#1485,#1486));
#382=EDGE_LOOP('',(#1487,#1488,#1489,#1490));
#383=EDGE_LOOP('',(#1491,#1492,#1493,#1494));
#384=EDGE_LOOP('',(#1495,#1496,#1497,#1498));
#385=EDGE_LOOP('',(#1499,#1500,#1501,#1502));
#386=EDGE_LOOP('',(#1503,#1504,#1505,#1506));
#387=EDGE_LOOP('',(#1507,#1508,#1509,#1510));
#388=EDGE_LOOP('',(#1511,#1512,#1513,#1514));
#389=EDGE_LOOP('',(#1515,#1516,#1517,#1518));
#390=EDGE_LOOP('',(#1519,#1520,#1521,#1522));
#391=EDGE_LOOP('',(#1523,#1524,#1525,#1526));
#392=EDGE_LOOP('',(#1527,#1528,#1529,#1530));
#393=EDGE_LOOP('',(#1531,#1532,#1533,#1534));
#394=EDGE_LOOP('',(#1535,#1536,#1537,#1538));
#395=EDGE_LOOP('',(#1539,#1540,#1541,#1542));
#396=EDGE_LOOP('',(#1543,#1544,#1545,#1546));
#397=EDGE_LOOP('',(#1547,#1548,#1549,#1550,#1551,#1552,#1553,#1554));
#398=EDGE_LOOP('',(#1555,#1556,#1557,#1558));
#399=EDGE_LOOP('',(#1559,#1560,#1561,#1562));
#400=EDGE_LOOP('',(#1563,#1564,#1565,#1566));
#401=EDGE_LOOP('',(#1567,#1568,#1569,#1570,#1571,#1572,#1573,#1574,#1575,
#1576,#1577,#1578));
#402=EDGE_LOOP('',(#1579));
#403=EDGE_LOOP('',(#1580));
#404=EDGE_LOOP('',(#1581));
#405=EDGE_LOOP('',(#1582));
#406=EDGE_LOOP('',(#1583));
#407=EDGE_LOOP('',(#1584,#1585,#1586,#1587,#1588,#1589,#1590,#1591));
#408=EDGE_LOOP('',(#1592));
#409=EDGE_LOOP('',(#1593));
#410=EDGE_LOOP('',(#1594));
#411=EDGE_LOOP('',(#1595));
#412=EDGE_LOOP('',(#1596));
#413=EDGE_LOOP('',(#1597,#1598,#1599,#1600));
#414=EDGE_LOOP('',(#1601,#1602,#1603,#1604));
#415=EDGE_LOOP('',(#1605,#1606,#1607,#1608));
#416=EDGE_LOOP('',(#1609,#1610,#1611,#1612));
#417=EDGE_LOOP('',(#1613,#1614,#1615,#1616));
#418=EDGE_LOOP('',(#1617,#1618,#1619,#1620));
#419=EDGE_LOOP('',(#1621,#1622,#1623,#1624));
#420=EDGE_LOOP('',(#1625,#1626,#1627,#1628));
#421=EDGE_LOOP('',(#1629,#1630,#1631,#1632));
#422=EDGE_LOOP('',(#1633,#1634,#1635,#1636));
#423=EDGE_LOOP('',(#1637));
#424=EDGE_LOOP('',(#1638));
#425=EDGE_LOOP('',(#1639,#1640,#1641,#1642));
#426=EDGE_LOOP('',(#1643,#1644,#1645,#1646));
#427=EDGE_LOOP('',(#1647));
#428=EDGE_LOOP('',(#1648));
#429=EDGE_LOOP('',(#1649,#1650,#1651,#1652));
#430=EDGE_LOOP('',(#1653,#1654,#1655,#1656));
#431=EDGE_LOOP('',(#1657));
#432=EDGE_LOOP('',(#1658));
#433=EDGE_LOOP('',(#1659,#1660,#1661,#1662));
#434=EDGE_LOOP('',(#1663,#1664,#1665,#1666));
#435=EDGE_LOOP('',(#1667));
#436=EDGE_LOOP('',(#1668));
#437=EDGE_LOOP('',(#1669,#1670,#1671,#1672));
#438=EDGE_LOOP('',(#1673,#1674,#1675,#1676));
#439=EDGE_LOOP('',(#1677,#1678,#1679,#1680));
#440=EDGE_LOOP('',(#1681,#1682,#1683,#1684));
#441=EDGE_LOOP('',(#1685,#1686,#1687,#1688));
#442=EDGE_LOOP('',(#1689,#1690,#1691,#1692));
#443=EDGE_LOOP('',(#1693,#1694,#1695,#1696));
#444=EDGE_LOOP('',(#1697,#1698,#1699,#1700));
#445=EDGE_LOOP('',(#1701,#1702,#1703,#1704));
#446=EDGE_LOOP('',(#1705,#1706,#1707,#1708,#1709,#1710,#1711,#1712));
#447=EDGE_LOOP('',(#1713));
#448=EDGE_LOOP('',(#1714));
#449=EDGE_LOOP('',(#1715));
#450=EDGE_LOOP('',(#1716));
#451=EDGE_LOOP('',(#1717));
#452=EDGE_LOOP('',(#1718,#1719,#1720,#1721,#1722,#1723,#1724,#1725));
#453=EDGE_LOOP('',(#1726));
#454=EDGE_LOOP('',(#1727));
#455=EDGE_LOOP('',(#1728));
#456=EDGE_LOOP('',(#1729));
#457=EDGE_LOOP('',(#1730));
#458=EDGE_LOOP('',(#1731,#1732,#1733,#1734));
#459=EDGE_LOOP('',(#1735));
#460=EDGE_LOOP('',(#1736));
#461=EDGE_LOOP('',(#1737,#1738,#1739,#1740));
#462=EDGE_LOOP('',(#1741,#1742,#1743,#1744));
#463=EDGE_LOOP('',(#1745,#1746,#1747,#1748));
#464=EDGE_LOOP('',(#1749,#1750,#1751,#1752));
#465=EDGE_LOOP('',(#1753,#1754,#1755,#1756));
#466=EDGE_LOOP('',(#1757,#1758,#1759,#1760,#1761,#1762,#1763,#1764));
#467=EDGE_LOOP('',(#1765));
#468=EDGE_LOOP('',(#1766,#1767));
#469=EDGE_LOOP('',(#1768,#1769,#1770,#1771,#1772,#1773));
#470=EDGE_LOOP('',(#1774,#1775));
#471=EDGE_LOOP('',(#1776,#1777,#1778,#1779,#1780));
#472=EDGE_LOOP('',(#1781,#1782,#1783,#1784));
#473=LINE('',#2692,#644);
#474=LINE('',#2698,#645);
#475=LINE('',#2704,#646);
#476=LINE('',#2710,#647);
#477=LINE('',#2716,#648);
#478=LINE('',#2721,#649);
#479=LINE('',#2723,#650);
#480=LINE('',#2725,#651);
#481=LINE('',#2726,#652);
#482=LINE('',#2730,#653);
#483=LINE('',#2732,#654);
#484=LINE('',#2734,#655);
#485=LINE('',#2735,#656);
#486=LINE('',#2739,#657);
#487=LINE('',#2741,#658);
#488=LINE('',#2743,#659);
#489=LINE('',#2744,#660);
#490=LINE('',#2748,#661);
#491=LINE('',#2750,#662);
#492=LINE('',#2752,#663);
#493=LINE('',#2753,#664);
#494=LINE('',#2756,#665);
#495=LINE('',#2758,#666);
#496=LINE('',#2759,#667);
#497=LINE('',#2762,#668);
#498=LINE('',#2764,#669);
#499=LINE('',#2765,#670);
#500=LINE('',#2768,#671);
#501=LINE('',#2770,#672);
#502=LINE('',#2771,#673);
#503=LINE('',#2775,#674);
#504=LINE('',#2777,#675);
#505=LINE('',#2779,#676);
#506=LINE('',#2780,#677);
#507=LINE('',#2781,#678);
#508=LINE('',#2782,#679);
#509=LINE('',#2785,#680);
#510=LINE('',#2786,#681);
#511=LINE('',#2787,#682);
#512=LINE('',#2788,#683);
#513=LINE('',#2791,#684);
#514=LINE('',#2792,#685);
#515=LINE('',#2793,#686);
#516=LINE('',#2794,#687);
#517=LINE('',#2796,#688);
#518=LINE('',#2799,#689);
#519=LINE('',#2801,#690);
#520=LINE('',#2802,#691);
#521=LINE('',#2805,#692);
#522=LINE('',#2806,#693);
#523=LINE('',#2809,#694);
#524=LINE('',#2810,#695);
#525=LINE('',#2812,#696);
#526=LINE('',#2819,#697);
#527=LINE('',#2821,#698);
#528=LINE('',#2823,#699);
#529=LINE('',#2824,#700);
#530=LINE('',#2828,#701);
#531=LINE('',#2830,#702);
#532=LINE('',#2832,#703);
#533=LINE('',#2833,#704);
#534=LINE('',#2837,#705);
#535=LINE('',#2839,#706);
#536=LINE('',#2841,#707);
#537=LINE('',#2842,#708);
#538=LINE('',#2846,#709);
#539=LINE('',#2848,#710);
#540=LINE('',#2850,#711);
#541=LINE('',#2851,#712);
#542=LINE('',#2855,#713);
#543=LINE('',#2860,#714);
#544=LINE('',#2865,#715);
#545=LINE('',#2870,#716);
#546=LINE('',#2887,#717);
#547=LINE('',#2892,#718);
#548=LINE('',#2897,#719);
#549=LINE('',#2902,#720);
#550=LINE('',#2915,#721);
#551=LINE('',#2916,#722);
#552=LINE('',#2918,#723);
#553=LINE('',#2919,#724);
#554=LINE('',#2921,#725);
#555=LINE('',#2922,#726);
#556=LINE('',#2924,#727);
#557=LINE('',#2925,#728);
#558=LINE('',#2927,#729);
#559=LINE('',#2929,#730);
#560=LINE('',#2931,#731);
#561=LINE('',#2933,#732);
#562=LINE('',#2935,#733);
#563=LINE('',#2948,#734);
#564=LINE('',#2950,#735);
#565=LINE('',#2952,#736);
#566=LINE('',#2954,#737);
#567=LINE('',#2956,#738);
#568=LINE('',#2958,#739);
#569=LINE('',#2960,#740);
#570=LINE('',#2961,#741);
#571=LINE('',#2965,#742);
#572=LINE('',#2967,#743);
#573=LINE('',#2969,#744);
#574=LINE('',#2970,#745);
#575=LINE('',#2974,#746);
#576=LINE('',#2976,#747);
#577=LINE('',#2978,#748);
#578=LINE('',#2979,#749);
#579=LINE('',#2983,#750);
#580=LINE('',#2985,#751);
#581=LINE('',#2987,#752);
#582=LINE('',#2988,#753);
#583=LINE('',#2990,#754);
#584=LINE('',#2992,#755);
#585=LINE('',#2994,#756);
#586=LINE('',#2995,#757);
#587=LINE('',#2996,#758);
#588=LINE('',#2997,#759);
#589=LINE('',#2998,#760);
#590=LINE('',#3010,#761);
#591=LINE('',#3011,#762);
#592=LINE('',#3012,#763);
#593=LINE('',#3013,#764);
#594=LINE('',#3029,#765);
#595=LINE('',#3032,#766);
#596=LINE('',#3033,#767);
#597=LINE('',#3036,#768);
#598=LINE('',#3037,#769);
#599=LINE('',#3039,#770);
#600=LINE('',#3043,#771);
#601=LINE('',#3049,#772);
#602=LINE('',#3052,#773);
#603=LINE('',#3058,#774);
#604=LINE('',#3061,#775);
#605=LINE('',#3067,#776);
#606=LINE('',#3070,#777);
#607=LINE('',#3076,#778);
#608=LINE('',#3081,#779);
#609=LINE('',#3083,#780);
#610=LINE('',#3085,#781);
#611=LINE('',#3086,#782);
#612=LINE('',#3089,#783);
#613=LINE('',#3091,#784);
#614=LINE('',#3092,#785);
#615=LINE('',#3095,#786);
#616=LINE('',#3097,#787);
#617=LINE('',#3098,#788);
#618=LINE('',#3101,#789);
#619=LINE('',#3103,#790);
#620=LINE('',#3104,#791);
#621=LINE('',#3107,#792);
#622=LINE('',#3109,#793);
#623=LINE('',#3110,#794);
#624=LINE('',#3113,#795);
#625=LINE('',#3115,#796);
#626=LINE('',#3116,#797);
#627=LINE('',#3119,#798);
#628=LINE('',#3121,#799);
#629=LINE('',#3122,#800);
#630=LINE('',#3124,#801);
#631=LINE('',#3125,#802);
#632=LINE('',#3150,#803);
#633=LINE('',#3156,#804);
#634=LINE('',#3158,#805);
#635=LINE('',#3160,#806);
#636=LINE('',#3162,#807);
#637=LINE('',#3164,#808);
#638=LINE('',#3169,#809);
#639=LINE('',#3173,#810);
#640=LINE('',#3178,#811);
#641=LINE('',#3186,#812);
#642=LINE('',#3195,#813);
#643=LINE('',#3199,#814);
#644=VECTOR('',#2163,0.0062375);
#645=VECTOR('',#2170,0.0062375);
#646=VECTOR('',#2177,0.0062375);
#647=VECTOR('',#2184,0.0062375);
#648=VECTOR('',#2191,0.055);
#649=VECTOR('',#2196,0.05);
#650=VECTOR('',#2197,0.05);
#651=VECTOR('',#2198,0.05);
#652=VECTOR('',#2199,0.05);
#653=VECTOR('',#2202,0.05);
#654=VECTOR('',#2203,0.05);
#655=VECTOR('',#2204,0.05);
#656=VECTOR('',#2205,0.05);
#657=VECTOR('',#2208,0.05);
#658=VECTOR('',#2209,0.05);
#659=VECTOR('',#2210,0.05);
#660=VECTOR('',#2211,0.05);
#661=VECTOR('',#2214,0.05);
#662=VECTOR('',#2215,0.05);
#663=VECTOR('',#2216,0.05);
#664=VECTOR('',#2217,0.05);
#665=VECTOR('',#2220,0.05);
#666=VECTOR('',#2221,0.05);
#667=VECTOR('',#2222,0.05);
#668=VECTOR('',#2225,0.05);
#669=VECTOR('',#2226,0.05);
#670=VECTOR('',#2227,0.05);
#671=VECTOR('',#2230,0.05);
#672=VECTOR('',#2231,0.05);
#673=VECTOR('',#2232,0.05);
#674=VECTOR('',#2235,0.05);
#675=VECTOR('',#2236,0.05);
#676=VECTOR('',#2237,0.05);
#677=VECTOR('',#2238,0.05);
#678=VECTOR('',#2239,0.05);
#679=VECTOR('',#2240,0.05);
#680=VECTOR('',#2243,0.05);
#681=VECTOR('',#2244,0.05);
#682=VECTOR('',#2245,0.05);
#683=VECTOR('',#2246,0.05);
#684=VECTOR('',#2249,0.05);
#685=VECTOR('',#2250,0.05);
#686=VECTOR('',#2251,0.05);
#687=VECTOR('',#2252,0.05);
#688=VECTOR('',#2255,0.05);
#689=VECTOR('',#2258,0.05);
#690=VECTOR('',#2259,0.05);
#691=VECTOR('',#2260,0.05);
#692=VECTOR('',#2263,0.05);
#693=VECTOR('',#2264,0.05);
#694=VECTOR('',#2267,0.05);
#695=VECTOR('',#2268,0.05);
#696=VECTOR('',#2271,0.05);
#697=VECTOR('',#2280,5.);
#698=VECTOR('',#2281,5.);
#699=VECTOR('',#2282,5.);
#700=VECTOR('',#2283,5.);
#701=VECTOR('',#2286,5.);
#702=VECTOR('',#2287,5.);
#703=VECTOR('',#2288,5.);
#704=VECTOR('',#2289,5.);
#705=VECTOR('',#2292,5.);
#706=VECTOR('',#2293,5.);
#707=VECTOR('',#2294,5.);
#708=VECTOR('',#2295,5.);
#709=VECTOR('',#2298,5.);
#710=VECTOR('',#2299,5.);
#711=VECTOR('',#2300,5.);
#712=VECTOR('',#2301,5.);
#713=VECTOR('',#2304,5.);
#714=VECTOR('',#2309,5.);
#715=VECTOR('',#2314,5.);
#716=VECTOR('',#2319,5.);
#717=VECTOR('',#2338,5.);
#718=VECTOR('',#2343,5.);
#719=VECTOR('',#2348,5.);
#720=VECTOR('',#2353,5.);
#721=VECTOR('',#2368,5.);
#722=VECTOR('',#2369,5.);
#723=VECTOR('',#2372,5.);
#724=VECTOR('',#2373,5.);
#725=VECTOR('',#2376,5.);
#726=VECTOR('',#2377,5.);
#727=VECTOR('',#2380,5.);
#728=VECTOR('',#2381,5.);
#729=VECTOR('',#2384,0.0061475);
#730=VECTOR('',#2387,0.0061475);
#731=VECTOR('',#2390,0.0061475);
#732=VECTOR('',#2393,0.0061475);
#733=VECTOR('',#2396,0.0125);
#734=VECTOR('',#2417,5.);
#735=VECTOR('',#2418,5.);
#736=VECTOR('',#2419,5.);
#737=VECTOR('',#2420,5.);
#738=VECTOR('',#2421,5.);
#739=VECTOR('',#2422,5.);
#740=VECTOR('',#2423,5.);
#741=VECTOR('',#2424,5.);
#742=VECTOR('',#2427,5.);
#743=VECTOR('',#2428,5.);
#744=VECTOR('',#2429,5.);
#745=VECTOR('',#2430,5.);
#746=VECTOR('',#2433,5.);
#747=VECTOR('',#2434,5.);
#748=VECTOR('',#2435,5.);
#749=VECTOR('',#2436,5.);
#750=VECTOR('',#2439,5.);
#751=VECTOR('',#2440,5.);
#752=VECTOR('',#2441,5.);
#753=VECTOR('',#2442,5.);
#754=VECTOR('',#2445,5.);
#755=VECTOR('',#2446,5.);
#756=VECTOR('',#2447,5.);
#757=VECTOR('',#2448,5.);
#758=VECTOR('',#2449,5.);
#759=VECTOR('',#2450,5.);
#760=VECTOR('',#2451,5.);
#761=VECTOR('',#2464,5.);
#762=VECTOR('',#2465,5.);
#763=VECTOR('',#2466,5.);
#764=VECTOR('',#2467,5.);
#765=VECTOR('',#2488,0.025);
#766=VECTOR('',#2491,5.);
#767=VECTOR('',#2492,5.);
#768=VECTOR('',#2495,5.);
#769=VECTOR('',#2496,5.);
#770=VECTOR('',#2499,5.);
#771=VECTOR('',#2504,0.008);
#772=VECTOR('',#2513,0.0175);
#773=VECTOR('',#2516,0.008);
#774=VECTOR('',#2525,0.0175);
#775=VECTOR('',#2528,0.008);
#776=VECTOR('',#2537,0.0175);
#777=VECTOR('',#2540,0.008);
#778=VECTOR('',#2549,0.0175);
#779=VECTOR('',#2554,5.);
#780=VECTOR('',#2555,5.);
#781=VECTOR('',#2556,5.);
#782=VECTOR('',#2557,5.);
#783=VECTOR('',#2560,5.);
#784=VECTOR('',#2561,5.);
#785=VECTOR('',#2562,5.);
#786=VECTOR('',#2565,5.);
#787=VECTOR('',#2566,5.);
#788=VECTOR('',#2567,5.);
#789=VECTOR('',#2570,5.);
#790=VECTOR('',#2571,5.);
#791=VECTOR('',#2572,5.);
#792=VECTOR('',#2575,5.);
#793=VECTOR('',#2576,5.);
#794=VECTOR('',#2577,5.);
#795=VECTOR('',#2580,5.);
#796=VECTOR('',#2581,5.);
#797=VECTOR('',#2582,5.);
#798=VECTOR('',#2585,5.);
#799=VECTOR('',#2586,5.);
#800=VECTOR('',#2587,5.);
#801=VECTOR('',#2590,5.);
#802=VECTOR('',#2591,5.);
#803=VECTOR('',#2618,0.055);
#804=VECTOR('',#2627,0.025);
#805=VECTOR('',#2630,0.0061475);
#806=VECTOR('',#2633,0.0061475);
#807=VECTOR('',#2636,0.0061475);
#808=VECTOR('',#2639,0.0061475);
#809=VECTOR('',#2644,5.);
#810=VECTOR('',#2647,0.0125);
#811=VECTOR('',#2652,5.);
#812=VECTOR('',#2661,5.);
#813=VECTOR('',#2666,5.);
#814=VECTOR('',#2673,0.011);
#815=CIRCLE('',#1978,0.0062375);
#816=CIRCLE('',#1979,0.0062375);
#817=CIRCLE('',#1981,0.0062375);
#818=CIRCLE('',#1982,0.0062375);
#819=CIRCLE('',#1984,0.0062375);
#820=CIRCLE('',#1985,0.0062375);
#821=CIRCLE('',#1987,0.0062375);
#822=CIRCLE('',#1988,0.0062375);
#823=CIRCLE('',#1990,0.055);
#824=CIRCLE('',#1991,0.055);
#825=CIRCLE('',#2015,0.005);
#826=CIRCLE('',#2016,0.005);
#827=CIRCLE('',#2017,0.005);
#828=CIRCLE('',#2018,0.005);
#829=CIRCLE('',#2019,0.005);
#830=CIRCLE('',#2020,0.005);
#831=CIRCLE('',#2021,0.005);
#832=CIRCLE('',#2022,0.005);
#833=CIRCLE('',#2023,0.0125);
#834=CIRCLE('',#2024,0.0061475);
#835=CIRCLE('',#2025,0.0061475);
#836=CIRCLE('',#2026,0.0061475);
#837=CIRCLE('',#2027,0.0061475);
#838=CIRCLE('',#2029,0.005);
#839=CIRCLE('',#2030,0.005);
#840=CIRCLE('',#2031,0.005);
#841=CIRCLE('',#2032,0.005);
#842=CIRCLE('',#2033,0.005);
#843=CIRCLE('',#2034,0.005);
#844=CIRCLE('',#2035,0.005);
#845=CIRCLE('',#2036,0.005);
#846=CIRCLE('',#2037,0.0125);
#847=CIRCLE('',#2038,0.0061475);
#848=CIRCLE('',#2039,0.0061475);
#849=CIRCLE('',#2040,0.0061475);
#850=CIRCLE('',#2041,0.0061475);
#851=CIRCLE('',#2065,0.0175);
#852=CIRCLE('',#2066,0.0175);
#853=CIRCLE('',#2067,0.0175);
#854=CIRCLE('',#2068,0.0175);
#855=CIRCLE('',#2069,0.025);
#856=CIRCLE('',#2071,0.008);
#857=CIRCLE('',#2072,0.008);
#858=CIRCLE('',#2073,0.008);
#859=CIRCLE('',#2074,0.008);
#860=CIRCLE('',#2075,0.025);
#861=CIRCLE('',#2086,0.008);
#862=CIRCLE('',#2088,0.0175);
#863=CIRCLE('',#2091,0.008);
#864=CIRCLE('',#2093,0.0175);
#865=CIRCLE('',#2096,0.008);
#866=CIRCLE('',#2098,0.0175);
#867=CIRCLE('',#2101,0.008);
#868=CIRCLE('',#2103,0.0175);
#869=CIRCLE('',#2115,0.0061475);
#870=CIRCLE('',#2116,0.0061475);
#871=CIRCLE('',#2117,0.0061475);
#872=CIRCLE('',#2118,0.0061475);
#873=CIRCLE('',#2119,0.055);
#874=CIRCLE('',#2121,0.0061475);
#875=CIRCLE('',#2122,0.0061475);
#876=CIRCLE('',#2123,0.0061475);
#877=CIRCLE('',#2124,0.0061475);
#878=CIRCLE('',#2125,0.025);
#879=CIRCLE('',#2127,0.055);
#880=CIRCLE('',#2129,0.025);
#881=CIRCLE('',#2137,0.0125);
#882=CIRCLE('',#2138,0.0125);
#883=CIRCLE('',#2139,0.0125);
#884=CIRCLE('',#2140,0.0125);
#885=CIRCLE('',#2142,0.011);
#886=CIRCLE('',#2144,0.011);
#887=VERTEX_POINT('',#2689);
#888=VERTEX_POINT('',#2691);
#889=VERTEX_POINT('',#2695);
#890=VERTEX_POINT('',#2697);
#891=VERTEX_POINT('',#2701);
#892=VERTEX_POINT('',#2703);
#893=VERTEX_POINT('',#2707);
#894=VERTEX_POINT('',#2709);
#895=VERTEX_POINT('',#2713);
#896=VERTEX_POINT('',#2715);
#897=VERTEX_POINT('',#2719);
#898=VERTEX_POINT('',#2720);
#899=VERTEX_POINT('',#2722);
#900=VERTEX_POINT('',#2724);
#901=VERTEX_POINT('',#2728);
#902=VERTEX_POINT('',#2729);
#903=VERTEX_POINT('',#2731);
#904=VERTEX_POINT('',#2733);
#905=VERTEX_POINT('',#2737);
#906=VERTEX_POINT('',#2738);
#907=VERTEX_POINT('',#2740);
#908=VERTEX_POINT('',#2742);
#909=VERTEX_POINT('',#2746);
#910=VERTEX_POINT('',#2747);
#911=VERTEX_POINT('',#2749);
#912=VERTEX_POINT('',#2751);
#913=VERTEX_POINT('',#2755);
#914=VERTEX_POINT('',#2757);
#915=VERTEX_POINT('',#2761);
#916=VERTEX_POINT('',#2763);
#917=VERTEX_POINT('',#2767);
#918=VERTEX_POINT('',#2769);
#919=VERTEX_POINT('',#2773);
#920=VERTEX_POINT('',#2774);
#921=VERTEX_POINT('',#2776);
#922=VERTEX_POINT('',#2778);
#923=VERTEX_POINT('',#2784);
#924=VERTEX_POINT('',#2790);
#925=VERTEX_POINT('',#2798);
#926=VERTEX_POINT('',#2800);
#927=VERTEX_POINT('',#2804);
#928=VERTEX_POINT('',#2808);
#929=VERTEX_POINT('',#2817);
#930=VERTEX_POINT('',#2818);
#931=VERTEX_POINT('',#2820);
#932=VERTEX_POINT('',#2822);
#933=VERTEX_POINT('',#2826);
#934=VERTEX_POINT('',#2827);
#935=VERTEX_POINT('',#2829);
#936=VERTEX_POINT('',#2831);
#937=VERTEX_POINT('',#2835);
#938=VERTEX_POINT('',#2836);
#939=VERTEX_POINT('',#2838);
#940=VERTEX_POINT('',#2840);
#941=VERTEX_POINT('',#2844);
#942=VERTEX_POINT('',#2845);
#943=VERTEX_POINT('',#2847);
#944=VERTEX_POINT('',#2849);
#945=VERTEX_POINT('',#2853);
#946=VERTEX_POINT('',#2854);
#947=VERTEX_POINT('',#2857);
#948=VERTEX_POINT('',#2859);
#949=VERTEX_POINT('',#2862);
#950=VERTEX_POINT('',#2864);
#951=VERTEX_POINT('',#2867);
#952=VERTEX_POINT('',#2869);
#953=VERTEX_POINT('',#2873);
#954=VERTEX_POINT('',#2875);
#955=VERTEX_POINT('',#2877);
#956=VERTEX_POINT('',#2879);
#957=VERTEX_POINT('',#2881);
#958=VERTEX_POINT('',#2884);
#959=VERTEX_POINT('',#2886);
#960=VERTEX_POINT('',#2889);
#961=VERTEX_POINT('',#2891);
#962=VERTEX_POINT('',#2894);
#963=VERTEX_POINT('',#2896);
#964=VERTEX_POINT('',#2899);
#965=VERTEX_POINT('',#2901);
#966=VERTEX_POINT('',#2904);
#967=VERTEX_POINT('',#2906);
#968=VERTEX_POINT('',#2908);
#969=VERTEX_POINT('',#2910);
#970=VERTEX_POINT('',#2912);
#971=VERTEX_POINT('',#2946);
#972=VERTEX_POINT('',#2947);
#973=VERTEX_POINT('',#2949);
#974=VERTEX_POINT('',#2951);
#975=VERTEX_POINT('',#2953);
#976=VERTEX_POINT('',#2955);
#977=VERTEX_POINT('',#2957);
#978=VERTEX_POINT('',#2959);
#979=VERTEX_POINT('',#2963);
#980=VERTEX_POINT('',#2964);
#981=VERTEX_POINT('',#2966);
#982=VERTEX_POINT('',#2968);
#983=VERTEX_POINT('',#2972);
#984=VERTEX_POINT('',#2973);
#985=VERTEX_POINT('',#2975);
#986=VERTEX_POINT('',#2977);
#987=VERTEX_POINT('',#2981);
#988=VERTEX_POINT('',#2982);
#989=VERTEX_POINT('',#2984);
#990=VERTEX_POINT('',#2986);
#991=VERTEX_POINT('',#2991);
#992=VERTEX_POINT('',#2993);
#993=VERTEX_POINT('',#2999);
#994=VERTEX_POINT('',#3001);
#995=VERTEX_POINT('',#3003);
#996=VERTEX_POINT('',#3005);
#997=VERTEX_POINT('',#3007);
#998=VERTEX_POINT('',#3014);
#999=VERTEX_POINT('',#3016);
#1000=VERTEX_POINT('',#3018);
#1001=VERTEX_POINT('',#3020);
#1002=VERTEX_POINT('',#3022);
#1003=VERTEX_POINT('',#3031);
#1004=VERTEX_POINT('',#3035);
#1005=VERTEX_POINT('',#3042);
#1006=VERTEX_POINT('',#3046);
#1007=VERTEX_POINT('',#3051);
#1008=VERTEX_POINT('',#3055);
#1009=VERTEX_POINT('',#3060);
#1010=VERTEX_POINT('',#3064);
#1011=VERTEX_POINT('',#3069);
#1012=VERTEX_POINT('',#3073);
#1013=VERTEX_POINT('',#3079);
#1014=VERTEX_POINT('',#3080);
#1015=VERTEX_POINT('',#3082);
#1016=VERTEX_POINT('',#3084);
#1017=VERTEX_POINT('',#3088);
#1018=VERTEX_POINT('',#3090);
#1019=VERTEX_POINT('',#3094);
#1020=VERTEX_POINT('',#3096);
#1021=VERTEX_POINT('',#3100);
#1022=VERTEX_POINT('',#3102);
#1023=VERTEX_POINT('',#3106);
#1024=VERTEX_POINT('',#3108);
#1025=VERTEX_POINT('',#3112);
#1026=VERTEX_POINT('',#3114);
#1027=VERTEX_POINT('',#3118);
#1028=VERTEX_POINT('',#3120);
#1029=VERTEX_POINT('',#3127);
#1030=VERTEX_POINT('',#3129);
#1031=VERTEX_POINT('',#3131);
#1032=VERTEX_POINT('',#3133);
#1033=VERTEX_POINT('',#3135);
#1034=VERTEX_POINT('',#3138);
#1035=VERTEX_POINT('',#3140);
#1036=VERTEX_POINT('',#3142);
#1037=VERTEX_POINT('',#3144);
#1038=VERTEX_POINT('',#3146);
#1039=VERTEX_POINT('',#3149);
#1040=VERTEX_POINT('',#3153);
#1041=VERTEX_POINT('',#3167);
#1042=VERTEX_POINT('',#3168);
#1043=VERTEX_POINT('',#3170);
#1044=VERTEX_POINT('',#3172);
#1045=VERTEX_POINT('',#3175);
#1046=VERTEX_POINT('',#3177);
#1047=VERTEX_POINT('',#3181);
#1048=VERTEX_POINT('',#3184);
#1049=VERTEX_POINT('',#3185);
#1050=EDGE_CURVE('',#887,#887,#815,.T.);
#1051=EDGE_CURVE('',#887,#888,#473,.T.);
#1052=EDGE_CURVE('',#888,#888,#816,.T.);
#1053=EDGE_CURVE('',#889,#889,#817,.T.);
#1054=EDGE_CURVE('',#889,#890,#474,.T.);
#1055=EDGE_CURVE('',#890,#890,#818,.T.);
#1056=EDGE_CURVE('',#891,#891,#819,.T.);
#1057=EDGE_CURVE('',#891,#892,#475,.T.);
#1058=EDGE_CURVE('',#892,#892,#820,.T.);
#1059=EDGE_CURVE('',#893,#893,#821,.T.);
#1060=EDGE_CURVE('',#893,#894,#476,.T.);
#1061=EDGE_CURVE('',#894,#894,#822,.T.);
#1062=EDGE_CURVE('',#895,#895,#823,.T.);
#1063=EDGE_CURVE('',#895,#896,#477,.T.);
#1064=EDGE_CURVE('',#896,#896,#824,.T.);
#1065=EDGE_CURVE('',#897,#898,#478,.T.);
#1066=EDGE_CURVE('',#899,#897,#479,.T.);
#1067=EDGE_CURVE('',#900,#899,#480,.T.);
#1068=EDGE_CURVE('',#900,#898,#481,.T.);
#1069=EDGE_CURVE('',#901,#902,#482,.T.);
#1070=EDGE_CURVE('',#901,#903,#483,.T.);
#1071=EDGE_CURVE('',#904,#903,#484,.T.);
#1072=EDGE_CURVE('',#902,#904,#485,.T.);
#1073=EDGE_CURVE('',#905,#906,#486,.T.);
#1074=EDGE_CURVE('',#907,#905,#487,.T.);
#1075=EDGE_CURVE('',#908,#907,#488,.T.);
#1076=EDGE_CURVE('',#908,#906,#489,.T.);
#1077=EDGE_CURVE('',#909,#910,#490,.T.);
#1078=EDGE_CURVE('',#909,#911,#491,.T.);
#1079=EDGE_CURVE('',#912,#911,#492,.T.);
#1080=EDGE_CURVE('',#910,#912,#493,.T.);
#1081=EDGE_CURVE('',#913,#910,#494,.T.);
#1082=EDGE_CURVE('',#914,#913,#495,.T.);
#1083=EDGE_CURVE('',#914,#909,#496,.T.);
#1084=EDGE_CURVE('',#902,#915,#497,.T.);
#1085=EDGE_CURVE('',#916,#915,#498,.T.);
#1086=EDGE_CURVE('',#901,#916,#499,.T.);
#1087=EDGE_CURVE('',#906,#917,#500,.T.);
#1088=EDGE_CURVE('',#918,#917,#501,.T.);
#1089=EDGE_CURVE('',#918,#905,#502,.T.);
#1090=EDGE_CURVE('',#919,#920,#503,.T.);
#1091=EDGE_CURVE('',#920,#921,#504,.T.);
#1092=EDGE_CURVE('',#921,#922,#505,.T.);
#1093=EDGE_CURVE('',#922,#919,#506,.T.);
#1094=EDGE_CURVE('',#917,#914,#507,.T.);
#1095=EDGE_CURVE('',#913,#918,#508,.T.);
#1096=EDGE_CURVE('',#923,#897,#509,.T.);
#1097=EDGE_CURVE('',#915,#923,#510,.T.);
#1098=EDGE_CURVE('',#911,#904,#511,.T.);
#1099=EDGE_CURVE('',#899,#908,#512,.T.);
#1100=EDGE_CURVE('',#924,#916,#513,.T.);
#1101=EDGE_CURVE('',#898,#924,#514,.T.);
#1102=EDGE_CURVE('',#907,#900,#515,.T.);
#1103=EDGE_CURVE('',#903,#912,#516,.T.);
#1104=EDGE_CURVE('',#923,#924,#517,.T.);
#1105=EDGE_CURVE('',#925,#920,#518,.T.);
#1106=EDGE_CURVE('',#926,#925,#519,.T.);
#1107=EDGE_CURVE('',#921,#926,#520,.T.);
#1108=EDGE_CURVE('',#927,#926,#521,.T.);
#1109=EDGE_CURVE('',#922,#927,#522,.T.);
#1110=EDGE_CURVE('',#928,#927,#523,.T.);
#1111=EDGE_CURVE('',#919,#928,#524,.T.);
#1112=EDGE_CURVE('',#925,#928,#525,.T.);
#1113=EDGE_CURVE('',#929,#930,#526,.T.);
#1114=EDGE_CURVE('',#929,#931,#527,.F.);
#1115=EDGE_CURVE('',#931,#932,#528,.T.);
#1116=EDGE_CURVE('',#932,#930,#529,.F.);
#1117=EDGE_CURVE('',#933,#934,#530,.T.);
#1118=EDGE_CURVE('',#934,#935,#531,.F.);
#1119=EDGE_CURVE('',#936,#935,#532,.T.);
#1120=EDGE_CURVE('',#936,#933,#533,.F.);
#1121=EDGE_CURVE('',#937,#938,#534,.T.);
#1122=EDGE_CURVE('',#937,#939,#535,.F.);
#1123=EDGE_CURVE('',#939,#940,#536,.T.);
#1124=EDGE_CURVE('',#940,#938,#537,.F.);
#1125=EDGE_CURVE('',#941,#942,#538,.T.);
#1126=EDGE_CURVE('',#941,#943,#539,.F.);
#1127=EDGE_CURVE('',#943,#944,#540,.T.);
#1128=EDGE_CURVE('',#944,#942,#541,.F.);
#1129=EDGE_CURVE('',#945,#946,#542,.F.);
#1130=EDGE_CURVE('',#946,#937,#825,.T.);
#1131=EDGE_CURVE('',#938,#947,#826,.T.);
#1132=EDGE_CURVE('',#947,#948,#543,.F.);
#1133=EDGE_CURVE('',#948,#941,#827,.T.);
#1134=EDGE_CURVE('',#942,#949,#828,.T.);
#1135=EDGE_CURVE('',#949,#950,#544,.F.);
#1136=EDGE_CURVE('',#950,#929,#829,.T.);
#1137=EDGE_CURVE('',#930,#951,#830,.T.);
#1138=EDGE_CURVE('',#951,#952,#545,.F.);
#1139=EDGE_CURVE('',#952,#936,#831,.T.);
#1140=EDGE_CURVE('',#935,#945,#832,.T.);
#1141=EDGE_CURVE('',#953,#953,#833,.T.);
#1142=EDGE_CURVE('',#954,#954,#834,.T.);
#1143=EDGE_CURVE('',#955,#955,#835,.T.);
#1144=EDGE_CURVE('',#956,#956,#836,.T.);
#1145=EDGE_CURVE('',#957,#957,#837,.T.);
#1146=EDGE_CURVE('',#939,#958,#838,.F.);
#1147=EDGE_CURVE('',#958,#959,#546,.F.);
#1148=EDGE_CURVE('',#959,#934,#839,.F.);
#1149=EDGE_CURVE('',#933,#960,#840,.F.);
#1150=EDGE_CURVE('',#960,#961,#547,.F.);
#1151=EDGE_CURVE('',#961,#932,#841,.F.);
#1152=EDGE_CURVE('',#931,#962,#842,.F.);
#1153=EDGE_CURVE('',#962,#963,#548,.F.);
#1154=EDGE_CURVE('',#963,#944,#843,.F.);
#1155=EDGE_CURVE('',#943,#964,#844,.F.);
#1156=EDGE_CURVE('',#964,#965,#549,.F.);
#1157=EDGE_CURVE('',#965,#940,#845,.F.);
#1158=EDGE_CURVE('',#966,#966,#846,.F.);
#1159=EDGE_CURVE('',#967,#967,#847,.T.);
#1160=EDGE_CURVE('',#968,#968,#848,.T.);
#1161=EDGE_CURVE('',#969,#969,#849,.T.);
#1162=EDGE_CURVE('',#970,#970,#850,.T.);
#1163=EDGE_CURVE('',#947,#965,#550,.F.);
#1164=EDGE_CURVE('',#964,#948,#551,.F.);
#1165=EDGE_CURVE('',#958,#946,#552,.F.);
#1166=EDGE_CURVE('',#945,#959,#553,.F.);
#1167=EDGE_CURVE('',#960,#952,#554,.F.);
#1168=EDGE_CURVE('',#951,#961,#555,.F.);
#1169=EDGE_CURVE('',#949,#963,#556,.F.);
#1170=EDGE_CURVE('',#962,#950,#557,.F.);
#1171=EDGE_CURVE('',#970,#957,#558,.T.);
#1172=EDGE_CURVE('',#969,#956,#559,.T.);
#1173=EDGE_CURVE('',#968,#955,#560,.T.);
#1174=EDGE_CURVE('',#967,#954,#561,.T.);
#1175=EDGE_CURVE('',#966,#953,#562,.T.);
#1176=EDGE_CURVE('',#971,#972,#563,.T.);
#1177=EDGE_CURVE('',#973,#971,#564,.T.);
#1178=EDGE_CURVE('',#973,#974,#565,.T.);
#1179=EDGE_CURVE('',#975,#974,#566,.T.);
#1180=EDGE_CURVE('',#975,#976,#567,.T.);
#1181=EDGE_CURVE('',#976,#977,#568,.T.);
#1182=EDGE_CURVE('',#977,#978,#569,.T.);
#1183=EDGE_CURVE('',#972,#978,#570,.T.);
#1184=EDGE_CURVE('',#979,#980,#571,.T.);
#1185=EDGE_CURVE('',#980,#981,#572,.T.);
#1186=EDGE_CURVE('',#982,#981,#573,.T.);
#1187=EDGE_CURVE('',#982,#979,#574,.T.);
#1188=EDGE_CURVE('',#983,#984,#575,.T.);
#1189=EDGE_CURVE('',#984,#985,#576,.T.);
#1190=EDGE_CURVE('',#986,#985,#577,.T.);
#1191=EDGE_CURVE('',#986,#983,#578,.T.);
#1192=EDGE_CURVE('',#987,#988,#579,.T.);
#1193=EDGE_CURVE('',#988,#989,#580,.T.);
#1194=EDGE_CURVE('',#990,#989,#581,.T.);
#1195=EDGE_CURVE('',#990,#987,#582,.T.);
#1196=EDGE_CURVE('',#989,#975,#583,.F.);
#1197=EDGE_CURVE('',#991,#974,#584,.T.);
#1198=EDGE_CURVE('',#992,#991,#585,.T.);
#1199=EDGE_CURVE('',#972,#992,#586,.T.);
#1200=EDGE_CURVE('',#978,#982,#587,.F.);
#1201=EDGE_CURVE('',#981,#986,#588,.F.);
#1202=EDGE_CURVE('',#985,#990,#589,.F.);
#1203=EDGE_CURVE('',#993,#993,#851,.T.);
#1204=EDGE_CURVE('',#994,#994,#852,.T.);
#1205=EDGE_CURVE('',#995,#995,#853,.T.);
#1206=EDGE_CURVE('',#996,#996,#854,.T.);
#1207=EDGE_CURVE('',#997,#997,#855,.T.);
#1208=EDGE_CURVE('',#976,#988,#590,.F.);
#1209=EDGE_CURVE('',#987,#984,#591,.F.);
#1210=EDGE_CURVE('',#983,#980,#592,.F.);
#1211=EDGE_CURVE('',#979,#977,#593,.F.);
#1212=EDGE_CURVE('',#998,#998,#856,.T.);
#1213=EDGE_CURVE('',#999,#999,#857,.T.);
#1214=EDGE_CURVE('',#1000,#1000,#858,.T.);
#1215=EDGE_CURVE('',#1001,#1001,#859,.T.);
#1216=EDGE_CURVE('',#1002,#1002,#860,.F.);
#1217=EDGE_CURVE('',#1002,#997,#594,.T.);
#1218=EDGE_CURVE('',#1003,#973,#595,.T.);
#1219=EDGE_CURVE('',#1003,#991,#596,.T.);
#1220=EDGE_CURVE('',#1004,#992,#597,.T.);
#1221=EDGE_CURVE('',#971,#1004,#598,.T.);
#1222=EDGE_CURVE('',#1004,#1003,#599,.T.);
#1223=EDGE_CURVE('',#1001,#1005,#600,.T.);
#1224=EDGE_CURVE('',#1005,#1005,#861,.T.);
#1225=EDGE_CURVE('',#1006,#1006,#862,.T.);
#1226=EDGE_CURVE('',#996,#1006,#601,.T.);
#1227=EDGE_CURVE('',#1000,#1007,#602,.T.);
#1228=EDGE_CURVE('',#1007,#1007,#863,.T.);
#1229=EDGE_CURVE('',#1008,#1008,#864,.T.);
#1230=EDGE_CURVE('',#995,#1008,#603,.T.);
#1231=EDGE_CURVE('',#999,#1009,#604,.T.);
#1232=EDGE_CURVE('',#1009,#1009,#865,.T.);
#1233=EDGE_CURVE('',#1010,#1010,#866,.T.);
#1234=EDGE_CURVE('',#994,#1010,#605,.T.);
#1235=EDGE_CURVE('',#998,#1011,#606,.T.);
#1236=EDGE_CURVE('',#1011,#1011,#867,.T.);
#1237=EDGE_CURVE('',#1012,#1012,#868,.T.);
#1238=EDGE_CURVE('',#993,#1012,#607,.T.);
#1239=EDGE_CURVE('',#1013,#1014,#608,.T.);
#1240=EDGE_CURVE('',#1015,#1014,#609,.T.);
#1241=EDGE_CURVE('',#1016,#1015,#610,.T.);
#1242=EDGE_CURVE('',#1016,#1013,#611,.T.);
#1243=EDGE_CURVE('',#1014,#1017,#612,.T.);
#1244=EDGE_CURVE('',#1018,#1017,#613,.T.);
#1245=EDGE_CURVE('',#1015,#1018,#614,.T.);
#1246=EDGE_CURVE('',#1017,#1019,#615,.T.);
#1247=EDGE_CURVE('',#1020,#1019,#616,.T.);
#1248=EDGE_CURVE('',#1018,#1020,#617,.T.);
#1249=EDGE_CURVE('',#1019,#1021,#618,.T.);
#1250=EDGE_CURVE('',#1022,#1021,#619,.T.);
#1251=EDGE_CURVE('',#1020,#1022,#620,.T.);
#1252=EDGE_CURVE('',#1021,#1023,#621,.T.);
#1253=EDGE_CURVE('',#1024,#1023,#622,.T.);
#1254=EDGE_CURVE('',#1022,#1024,#623,.T.);
#1255=EDGE_CURVE('',#1023,#1025,#624,.T.);
#1256=EDGE_CURVE('',#1026,#1025,#625,.T.);
#1257=EDGE_CURVE('',#1024,#1026,#626,.T.);
#1258=EDGE_CURVE('',#1025,#1027,#627,.T.);
#1259=EDGE_CURVE('',#1028,#1027,#628,.T.);
#1260=EDGE_CURVE('',#1026,#1028,#629,.T.);
#1261=EDGE_CURVE('',#1027,#1013,#630,.T.);
#1262=EDGE_CURVE('',#1028,#1016,#631,.T.);
#1263=EDGE_CURVE('',#1029,#1029,#869,.T.);
#1264=EDGE_CURVE('',#1030,#1030,#870,.T.);
#1265=EDGE_CURVE('',#1031,#1031,#871,.T.);
#1266=EDGE_CURVE('',#1032,#1032,#872,.T.);
#1267=EDGE_CURVE('',#1033,#1033,#873,.T.);
#1268=EDGE_CURVE('',#1034,#1034,#874,.T.);
#1269=EDGE_CURVE('',#1035,#1035,#875,.T.);
#1270=EDGE_CURVE('',#1036,#1036,#876,.T.);
#1271=EDGE_CURVE('',#1037,#1037,#877,.T.);
#1272=EDGE_CURVE('',#1038,#1038,#878,.F.);
#1273=EDGE_CURVE('',#1033,#1039,#632,.T.);
#1274=EDGE_CURVE('',#1039,#1039,#879,.T.);
#1275=EDGE_CURVE('',#1040,#1040,#880,.T.);
#1276=EDGE_CURVE('',#1038,#1040,#633,.T.);
#1277=EDGE_CURVE('',#1037,#1032,#634,.T.);
#1278=EDGE_CURVE('',#1036,#1031,#635,.T.);
#1279=EDGE_CURVE('',#1035,#1030,#636,.T.);
#1280=EDGE_CURVE('',#1034,#1029,#637,.T.);
#1281=EDGE_CURVE('',#1041,#1042,#638,.T.);
#1282=EDGE_CURVE('',#1042,#1043,#881,.T.);
#1283=EDGE_CURVE('',#1043,#1044,#639,.T.);
#1284=EDGE_CURVE('',#1044,#1044,#882,.F.);
#1285=EDGE_CURVE('',#1043,#1045,#883,.T.);
#1286=EDGE_CURVE('',#1046,#1045,#640,.T.);
#1287=EDGE_CURVE('',#1046,#1041,#884,.T.);
#1288=EDGE_CURVE('',#1047,#1047,#885,.T.);
#1289=EDGE_CURVE('',#1048,#1049,#641,.T.);
#1290=EDGE_CURVE('',#1049,#1048,#886,.F.);
#1291=EDGE_CURVE('',#1045,#1049,#37,.T.);
#1292=EDGE_CURVE('',#1048,#1042,#38,.T.);
#1293=EDGE_CURVE('',#1041,#1046,#642,.T.);
#1294=EDGE_CURVE('',#1044,#1047,#643,.T.);
#1295=ORIENTED_EDGE('',*,*,#1050,.F.);
#1296=ORIENTED_EDGE('',*,*,#1051,.T.);
#1297=ORIENTED_EDGE('',*,*,#1052,.F.);
#1298=ORIENTED_EDGE('',*,*,#1051,.F.);
#1299=ORIENTED_EDGE('',*,*,#1053,.F.);
#1300=ORIENTED_EDGE('',*,*,#1054,.T.);
#1301=ORIENTED_EDGE('',*,*,#1055,.F.);
#1302=ORIENTED_EDGE('',*,*,#1054,.F.);
#1303=ORIENTED_EDGE('',*,*,#1056,.F.);
#1304=ORIENTED_EDGE('',*,*,#1057,.T.);
#1305=ORIENTED_EDGE('',*,*,#1058,.F.);
#1306=ORIENTED_EDGE('',*,*,#1057,.F.);
#1307=ORIENTED_EDGE('',*,*,#1059,.F.);
#1308=ORIENTED_EDGE('',*,*,#1060,.T.);
#1309=ORIENTED_EDGE('',*,*,#1061,.F.);
#1310=ORIENTED_EDGE('',*,*,#1060,.F.);
#1311=ORIENTED_EDGE('',*,*,#1062,.F.);
#1312=ORIENTED_EDGE('',*,*,#1063,.T.);
#1313=ORIENTED_EDGE('',*,*,#1064,.F.);
#1314=ORIENTED_EDGE('',*,*,#1063,.F.);
#1315=ORIENTED_EDGE('',*,*,#1065,.F.);
#1316=ORIENTED_EDGE('',*,*,#1066,.F.);
#1317=ORIENTED_EDGE('',*,*,#1067,.F.);
#1318=ORIENTED_EDGE('',*,*,#1068,.T.);
#1319=ORIENTED_EDGE('',*,*,#1069,.F.);
#1320=ORIENTED_EDGE('',*,*,#1070,.T.);
#1321=ORIENTED_EDGE('',*,*,#1071,.F.);
#1322=ORIENTED_EDGE('',*,*,#1072,.F.);
#1323=ORIENTED_EDGE('',*,*,#1073,.F.);
#1324=ORIENTED_EDGE('',*,*,#1074,.F.);
#1325=ORIENTED_EDGE('',*,*,#1075,.F.);
#1326=ORIENTED_EDGE('',*,*,#1076,.T.);
#1327=ORIENTED_EDGE('',*,*,#1077,.F.);
#1328=ORIENTED_EDGE('',*,*,#1078,.T.);
#1329=ORIENTED_EDGE('',*,*,#1079,.F.);
#1330=ORIENTED_EDGE('',*,*,#1080,.F.);
#1331=ORIENTED_EDGE('',*,*,#1077,.T.);
#1332=ORIENTED_EDGE('',*,*,#1081,.F.);
#1333=ORIENTED_EDGE('',*,*,#1082,.F.);
#1334=ORIENTED_EDGE('',*,*,#1083,.T.);
#1335=ORIENTED_EDGE('',*,*,#1069,.T.);
#1336=ORIENTED_EDGE('',*,*,#1084,.T.);
#1337=ORIENTED_EDGE('',*,*,#1085,.F.);
#1338=ORIENTED_EDGE('',*,*,#1086,.F.);
#1339=ORIENTED_EDGE('',*,*,#1073,.T.);
#1340=ORIENTED_EDGE('',*,*,#1087,.T.);
#1341=ORIENTED_EDGE('',*,*,#1088,.F.);
#1342=ORIENTED_EDGE('',*,*,#1089,.T.);
#1343=ORIENTED_EDGE('',*,*,#1090,.T.);
#1344=ORIENTED_EDGE('',*,*,#1091,.T.);
#1345=ORIENTED_EDGE('',*,*,#1092,.T.);
#1346=ORIENTED_EDGE('',*,*,#1093,.T.);
#1347=ORIENTED_EDGE('',*,*,#1088,.T.);
#1348=ORIENTED_EDGE('',*,*,#1094,.T.);
#1349=ORIENTED_EDGE('',*,*,#1082,.T.);
#1350=ORIENTED_EDGE('',*,*,#1095,.T.);
#1351=ORIENTED_EDGE('',*,*,#1096,.F.);
#1352=ORIENTED_EDGE('',*,*,#1097,.F.);
#1353=ORIENTED_EDGE('',*,*,#1084,.F.);
#1354=ORIENTED_EDGE('',*,*,#1072,.T.);
#1355=ORIENTED_EDGE('',*,*,#1098,.F.);
#1356=ORIENTED_EDGE('',*,*,#1078,.F.);
#1357=ORIENTED_EDGE('',*,*,#1083,.F.);
#1358=ORIENTED_EDGE('',*,*,#1094,.F.);
#1359=ORIENTED_EDGE('',*,*,#1087,.F.);
#1360=ORIENTED_EDGE('',*,*,#1076,.F.);
#1361=ORIENTED_EDGE('',*,*,#1099,.F.);
#1362=ORIENTED_EDGE('',*,*,#1066,.T.);
#1363=ORIENTED_EDGE('',*,*,#1086,.T.);
#1364=ORIENTED_EDGE('',*,*,#1100,.F.);
#1365=ORIENTED_EDGE('',*,*,#1101,.F.);
#1366=ORIENTED_EDGE('',*,*,#1068,.F.);
#1367=ORIENTED_EDGE('',*,*,#1102,.F.);
#1368=ORIENTED_EDGE('',*,*,#1074,.T.);
#1369=ORIENTED_EDGE('',*,*,#1089,.F.);
#1370=ORIENTED_EDGE('',*,*,#1095,.F.);
#1371=ORIENTED_EDGE('',*,*,#1081,.T.);
#1372=ORIENTED_EDGE('',*,*,#1080,.T.);
#1373=ORIENTED_EDGE('',*,*,#1103,.F.);
#1374=ORIENTED_EDGE('',*,*,#1070,.F.);
#1375=ORIENTED_EDGE('',*,*,#1052,.T.);
#1376=ORIENTED_EDGE('',*,*,#1055,.T.);
#1377=ORIENTED_EDGE('',*,*,#1058,.T.);
#1378=ORIENTED_EDGE('',*,*,#1061,.T.);
#1379=ORIENTED_EDGE('',*,*,#1064,.T.);
#1380=ORIENTED_EDGE('',*,*,#1065,.T.);
#1381=ORIENTED_EDGE('',*,*,#1101,.T.);
#1382=ORIENTED_EDGE('',*,*,#1104,.F.);
#1383=ORIENTED_EDGE('',*,*,#1096,.T.);
#1384=ORIENTED_EDGE('',*,*,#1105,.F.);
#1385=ORIENTED_EDGE('',*,*,#1106,.F.);
#1386=ORIENTED_EDGE('',*,*,#1107,.F.);
#1387=ORIENTED_EDGE('',*,*,#1091,.F.);
#1388=ORIENTED_EDGE('',*,*,#1050,.T.);
#1389=ORIENTED_EDGE('',*,*,#1053,.T.);
#1390=ORIENTED_EDGE('',*,*,#1056,.T.);
#1391=ORIENTED_EDGE('',*,*,#1059,.T.);
#1392=ORIENTED_EDGE('',*,*,#1062,.T.);
#1393=ORIENTED_EDGE('',*,*,#1107,.T.);
#1394=ORIENTED_EDGE('',*,*,#1108,.F.);
#1395=ORIENTED_EDGE('',*,*,#1109,.F.);
#1396=ORIENTED_EDGE('',*,*,#1092,.F.);
#1397=ORIENTED_EDGE('',*,*,#1079,.T.);
#1398=ORIENTED_EDGE('',*,*,#1098,.T.);
#1399=ORIENTED_EDGE('',*,*,#1071,.T.);
#1400=ORIENTED_EDGE('',*,*,#1103,.T.);
#1401=ORIENTED_EDGE('',*,*,#1109,.T.);
#1402=ORIENTED_EDGE('',*,*,#1110,.F.);
#1403=ORIENTED_EDGE('',*,*,#1111,.F.);
#1404=ORIENTED_EDGE('',*,*,#1093,.F.);
#1405=ORIENTED_EDGE('',*,*,#1111,.T.);
#1406=ORIENTED_EDGE('',*,*,#1112,.F.);
#1407=ORIENTED_EDGE('',*,*,#1105,.T.);
#1408=ORIENTED_EDGE('',*,*,#1090,.F.);
#1409=ORIENTED_EDGE('',*,*,#1075,.T.);
#1410=ORIENTED_EDGE('',*,*,#1102,.T.);
#1411=ORIENTED_EDGE('',*,*,#1067,.T.);
#1412=ORIENTED_EDGE('',*,*,#1099,.T.);
#1413=ORIENTED_EDGE('',*,*,#1112,.T.);
#1414=ORIENTED_EDGE('',*,*,#1110,.T.);
#1415=ORIENTED_EDGE('',*,*,#1108,.T.);
#1416=ORIENTED_EDGE('',*,*,#1106,.T.);
#1417=ORIENTED_EDGE('',*,*,#1104,.T.);
#1418=ORIENTED_EDGE('',*,*,#1100,.T.);
#1419=ORIENTED_EDGE('',*,*,#1085,.T.);
#1420=ORIENTED_EDGE('',*,*,#1097,.T.);
#1421=ORIENTED_EDGE('',*,*,#1113,.F.);
#1422=ORIENTED_EDGE('',*,*,#1114,.T.);
#1423=ORIENTED_EDGE('',*,*,#1115,.T.);
#1424=ORIENTED_EDGE('',*,*,#1116,.T.);
#1425=ORIENTED_EDGE('',*,*,#1117,.T.);
#1426=ORIENTED_EDGE('',*,*,#1118,.T.);
#1427=ORIENTED_EDGE('',*,*,#1119,.F.);
#1428=ORIENTED_EDGE('',*,*,#1120,.T.);
#1429=ORIENTED_EDGE('',*,*,#1121,.F.);
#1430=ORIENTED_EDGE('',*,*,#1122,.T.);
#1431=ORIENTED_EDGE('',*,*,#1123,.T.);
#1432=ORIENTED_EDGE('',*,*,#1124,.T.);
#1433=ORIENTED_EDGE('',*,*,#1125,.F.);
#1434=ORIENTED_EDGE('',*,*,#1126,.T.);
#1435=ORIENTED_EDGE('',*,*,#1127,.T.);
#1436=ORIENTED_EDGE('',*,*,#1128,.T.);
#1437=ORIENTED_EDGE('',*,*,#1129,.T.);
#1438=ORIENTED_EDGE('',*,*,#1130,.T.);
#1439=ORIENTED_EDGE('',*,*,#1121,.T.);
#1440=ORIENTED_EDGE('',*,*,#1131,.T.);
#1441=ORIENTED_EDGE('',*,*,#1132,.T.);
#1442=ORIENTED_EDGE('',*,*,#1133,.T.);
#1443=ORIENTED_EDGE('',*,*,#1125,.T.);
#1444=ORIENTED_EDGE('',*,*,#1134,.T.);
#1445=ORIENTED_EDGE('',*,*,#1135,.T.);
#1446=ORIENTED_EDGE('',*,*,#1136,.T.);
#1447=ORIENTED_EDGE('',*,*,#1113,.T.);
#1448=ORIENTED_EDGE('',*,*,#1137,.T.);
#1449=ORIENTED_EDGE('',*,*,#1138,.T.);
#1450=ORIENTED_EDGE('',*,*,#1139,.T.);
#1451=ORIENTED_EDGE('',*,*,#1119,.T.);
#1452=ORIENTED_EDGE('',*,*,#1140,.T.);
#1453=ORIENTED_EDGE('',*,*,#1141,.T.);
#1454=ORIENTED_EDGE('',*,*,#1142,.F.);
#1455=ORIENTED_EDGE('',*,*,#1143,.F.);
#1456=ORIENTED_EDGE('',*,*,#1144,.F.);
#1457=ORIENTED_EDGE('',*,*,#1145,.F.);
#1458=ORIENTED_EDGE('',*,*,#1123,.F.);
#1459=ORIENTED_EDGE('',*,*,#1146,.T.);
#1460=ORIENTED_EDGE('',*,*,#1147,.T.);
#1461=ORIENTED_EDGE('',*,*,#1148,.T.);
#1462=ORIENTED_EDGE('',*,*,#1117,.F.);
#1463=ORIENTED_EDGE('',*,*,#1149,.T.);
#1464=ORIENTED_EDGE('',*,*,#1150,.T.);
#1465=ORIENTED_EDGE('',*,*,#1151,.T.);
#1466=ORIENTED_EDGE('',*,*,#1115,.F.);
#1467=ORIENTED_EDGE('',*,*,#1152,.T.);
#1468=ORIENTED_EDGE('',*,*,#1153,.T.);
#1469=ORIENTED_EDGE('',*,*,#1154,.T.);
#1470=ORIENTED_EDGE('',*,*,#1127,.F.);
#1471=ORIENTED_EDGE('',*,*,#1155,.T.);
#1472=ORIENTED_EDGE('',*,*,#1156,.T.);
#1473=ORIENTED_EDGE('',*,*,#1157,.T.);
#1474=ORIENTED_EDGE('',*,*,#1158,.F.);
#1475=ORIENTED_EDGE('',*,*,#1159,.T.);
#1476=ORIENTED_EDGE('',*,*,#1160,.T.);
#1477=ORIENTED_EDGE('',*,*,#1161,.T.);
#1478=ORIENTED_EDGE('',*,*,#1162,.T.);
#1479=ORIENTED_EDGE('',*,*,#1132,.F.);
#1480=ORIENTED_EDGE('',*,*,#1163,.T.);
#1481=ORIENTED_EDGE('',*,*,#1156,.F.);
#1482=ORIENTED_EDGE('',*,*,#1164,.T.);
#1483=ORIENTED_EDGE('',*,*,#1147,.F.);
#1484=ORIENTED_EDGE('',*,*,#1165,.T.);
#1485=ORIENTED_EDGE('',*,*,#1129,.F.);
#1486=ORIENTED_EDGE('',*,*,#1166,.T.);
#1487=ORIENTED_EDGE('',*,*,#1150,.F.);
#1488=ORIENTED_EDGE('',*,*,#1167,.T.);
#1489=ORIENTED_EDGE('',*,*,#1138,.F.);
#1490=ORIENTED_EDGE('',*,*,#1168,.T.);
#1491=ORIENTED_EDGE('',*,*,#1135,.F.);
#1492=ORIENTED_EDGE('',*,*,#1169,.T.);
#1493=ORIENTED_EDGE('',*,*,#1153,.F.);
#1494=ORIENTED_EDGE('',*,*,#1170,.T.);
#1495=ORIENTED_EDGE('',*,*,#1162,.F.);
#1496=ORIENTED_EDGE('',*,*,#1171,.T.);
#1497=ORIENTED_EDGE('',*,*,#1145,.T.);
#1498=ORIENTED_EDGE('',*,*,#1171,.F.);
#1499=ORIENTED_EDGE('',*,*,#1161,.F.);
#1500=ORIENTED_EDGE('',*,*,#1172,.T.);
#1501=ORIENTED_EDGE('',*,*,#1144,.T.);
#1502=ORIENTED_EDGE('',*,*,#1172,.F.);
#1503=ORIENTED_EDGE('',*,*,#1160,.F.);
#1504=ORIENTED_EDGE('',*,*,#1173,.T.);
#1505=ORIENTED_EDGE('',*,*,#1143,.T.);
#1506=ORIENTED_EDGE('',*,*,#1173,.F.);
#1507=ORIENTED_EDGE('',*,*,#1159,.F.);
#1508=ORIENTED_EDGE('',*,*,#1174,.T.);
#1509=ORIENTED_EDGE('',*,*,#1142,.T.);
#1510=ORIENTED_EDGE('',*,*,#1174,.F.);
#1511=ORIENTED_EDGE('',*,*,#1158,.T.);
#1512=ORIENTED_EDGE('',*,*,#1175,.T.);
#1513=ORIENTED_EDGE('',*,*,#1141,.F.);
#1514=ORIENTED_EDGE('',*,*,#1175,.F.);
#1515=ORIENTED_EDGE('',*,*,#1130,.F.);
#1516=ORIENTED_EDGE('',*,*,#1165,.F.);
#1517=ORIENTED_EDGE('',*,*,#1146,.F.);
#1518=ORIENTED_EDGE('',*,*,#1122,.F.);
#1519=ORIENTED_EDGE('',*,*,#1157,.F.);
#1520=ORIENTED_EDGE('',*,*,#1163,.F.);
#1521=ORIENTED_EDGE('',*,*,#1131,.F.);
#1522=ORIENTED_EDGE('',*,*,#1124,.F.);
#1523=ORIENTED_EDGE('',*,*,#1133,.F.);
#1524=ORIENTED_EDGE('',*,*,#1164,.F.);
#1525=ORIENTED_EDGE('',*,*,#1155,.F.);
#1526=ORIENTED_EDGE('',*,*,#1126,.F.);
#1527=ORIENTED_EDGE('',*,*,#1154,.F.);
#1528=ORIENTED_EDGE('',*,*,#1169,.F.);
#1529=ORIENTED_EDGE('',*,*,#1134,.F.);
#1530=ORIENTED_EDGE('',*,*,#1128,.F.);
#1531=ORIENTED_EDGE('',*,*,#1136,.F.);
#1532=ORIENTED_EDGE('',*,*,#1170,.F.);
#1533=ORIENTED_EDGE('',*,*,#1152,.F.);
#1534=ORIENTED_EDGE('',*,*,#1114,.F.);
#1535=ORIENTED_EDGE('',*,*,#1148,.F.);
#1536=ORIENTED_EDGE('',*,*,#1166,.F.);
#1537=ORIENTED_EDGE('',*,*,#1140,.F.);
#1538=ORIENTED_EDGE('',*,*,#1118,.F.);
#1539=ORIENTED_EDGE('',*,*,#1139,.F.);
#1540=ORIENTED_EDGE('',*,*,#1167,.F.);
#1541=ORIENTED_EDGE('',*,*,#1149,.F.);
#1542=ORIENTED_EDGE('',*,*,#1120,.F.);
#1543=ORIENTED_EDGE('',*,*,#1151,.F.);
#1544=ORIENTED_EDGE('',*,*,#1168,.F.);
#1545=ORIENTED_EDGE('',*,*,#1137,.F.);
#1546=ORIENTED_EDGE('',*,*,#1116,.F.);
#1547=ORIENTED_EDGE('',*,*,#1176,.F.);
#1548=ORIENTED_EDGE('',*,*,#1177,.F.);
#1549=ORIENTED_EDGE('',*,*,#1178,.T.);
#1550=ORIENTED_EDGE('',*,*,#1179,.F.);
#1551=ORIENTED_EDGE('',*,*,#1180,.T.);
#1552=ORIENTED_EDGE('',*,*,#1181,.T.);
#1553=ORIENTED_EDGE('',*,*,#1182,.T.);
#1554=ORIENTED_EDGE('',*,*,#1183,.F.);
#1555=ORIENTED_EDGE('',*,*,#1184,.T.);
#1556=ORIENTED_EDGE('',*,*,#1185,.T.);
#1557=ORIENTED_EDGE('',*,*,#1186,.F.);
#1558=ORIENTED_EDGE('',*,*,#1187,.T.);
#1559=ORIENTED_EDGE('',*,*,#1188,.T.);
#1560=ORIENTED_EDGE('',*,*,#1189,.T.);
#1561=ORIENTED_EDGE('',*,*,#1190,.F.);
#1562=ORIENTED_EDGE('',*,*,#1191,.T.);
#1563=ORIENTED_EDGE('',*,*,#1192,.T.);
#1564=ORIENTED_EDGE('',*,*,#1193,.T.);
#1565=ORIENTED_EDGE('',*,*,#1194,.F.);
#1566=ORIENTED_EDGE('',*,*,#1195,.T.);
#1567=ORIENTED_EDGE('',*,*,#1194,.T.);
#1568=ORIENTED_EDGE('',*,*,#1196,.T.);
#1569=ORIENTED_EDGE('',*,*,#1179,.T.);
#1570=ORIENTED_EDGE('',*,*,#1197,.F.);
#1571=ORIENTED_EDGE('',*,*,#1198,.F.);
#1572=ORIENTED_EDGE('',*,*,#1199,.F.);
#1573=ORIENTED_EDGE('',*,*,#1183,.T.);
#1574=ORIENTED_EDGE('',*,*,#1200,.T.);
#1575=ORIENTED_EDGE('',*,*,#1186,.T.);
#1576=ORIENTED_EDGE('',*,*,#1201,.T.);
#1577=ORIENTED_EDGE('',*,*,#1190,.T.);
#1578=ORIENTED_EDGE('',*,*,#1202,.T.);
#1579=ORIENTED_EDGE('',*,*,#1203,.T.);
#1580=ORIENTED_EDGE('',*,*,#1204,.T.);
#1581=ORIENTED_EDGE('',*,*,#1205,.T.);
#1582=ORIENTED_EDGE('',*,*,#1206,.T.);
#1583=ORIENTED_EDGE('',*,*,#1207,.T.);
#1584=ORIENTED_EDGE('',*,*,#1181,.F.);
#1585=ORIENTED_EDGE('',*,*,#1208,.T.);
#1586=ORIENTED_EDGE('',*,*,#1192,.F.);
#1587=ORIENTED_EDGE('',*,*,#1209,.T.);
#1588=ORIENTED_EDGE('',*,*,#1188,.F.);
#1589=ORIENTED_EDGE('',*,*,#1210,.T.);
#1590=ORIENTED_EDGE('',*,*,#1184,.F.);
#1591=ORIENTED_EDGE('',*,*,#1211,.T.);
#1592=ORIENTED_EDGE('',*,*,#1212,.T.);
#1593=ORIENTED_EDGE('',*,*,#1213,.T.);
#1594=ORIENTED_EDGE('',*,*,#1214,.T.);
#1595=ORIENTED_EDGE('',*,*,#1215,.T.);
#1596=ORIENTED_EDGE('',*,*,#1216,.F.);
#1597=ORIENTED_EDGE('',*,*,#1196,.F.);
#1598=ORIENTED_EDGE('',*,*,#1193,.F.);
#1599=ORIENTED_EDGE('',*,*,#1208,.F.);
#1600=ORIENTED_EDGE('',*,*,#1180,.F.);
#1601=ORIENTED_EDGE('',*,*,#1202,.F.);
#1602=ORIENTED_EDGE('',*,*,#1189,.F.);
#1603=ORIENTED_EDGE('',*,*,#1209,.F.);
#1604=ORIENTED_EDGE('',*,*,#1195,.F.);
#1605=ORIENTED_EDGE('',*,*,#1201,.F.);
#1606=ORIENTED_EDGE('',*,*,#1185,.F.);
#1607=ORIENTED_EDGE('',*,*,#1210,.F.);
#1608=ORIENTED_EDGE('',*,*,#1191,.F.);
#1609=ORIENTED_EDGE('',*,*,#1200,.F.);
#1610=ORIENTED_EDGE('',*,*,#1182,.F.);
#1611=ORIENTED_EDGE('',*,*,#1211,.F.);
#1612=ORIENTED_EDGE('',*,*,#1187,.F.);
#1613=ORIENTED_EDGE('',*,*,#1216,.T.);
#1614=ORIENTED_EDGE('',*,*,#1217,.T.);
#1615=ORIENTED_EDGE('',*,*,#1207,.F.);
#1616=ORIENTED_EDGE('',*,*,#1217,.F.);
#1617=ORIENTED_EDGE('',*,*,#1197,.T.);
#1618=ORIENTED_EDGE('',*,*,#1178,.F.);
#1619=ORIENTED_EDGE('',*,*,#1218,.F.);
#1620=ORIENTED_EDGE('',*,*,#1219,.T.);
#1621=ORIENTED_EDGE('',*,*,#1199,.T.);
#1622=ORIENTED_EDGE('',*,*,#1220,.F.);
#1623=ORIENTED_EDGE('',*,*,#1221,.F.);
#1624=ORIENTED_EDGE('',*,*,#1176,.T.);
#1625=ORIENTED_EDGE('',*,*,#1198,.T.);
#1626=ORIENTED_EDGE('',*,*,#1219,.F.);
#1627=ORIENTED_EDGE('',*,*,#1222,.F.);
#1628=ORIENTED_EDGE('',*,*,#1220,.T.);
#1629=ORIENTED_EDGE('',*,*,#1218,.T.);
#1630=ORIENTED_EDGE('',*,*,#1177,.T.);
#1631=ORIENTED_EDGE('',*,*,#1221,.T.);
#1632=ORIENTED_EDGE('',*,*,#1222,.T.);
#1633=ORIENTED_EDGE('',*,*,#1215,.F.);
#1634=ORIENTED_EDGE('',*,*,#1223,.T.);
#1635=ORIENTED_EDGE('',*,*,#1224,.T.);
#1636=ORIENTED_EDGE('',*,*,#1223,.F.);
#1637=ORIENTED_EDGE('',*,*,#1225,.T.);
#1638=ORIENTED_EDGE('',*,*,#1224,.F.);
#1639=ORIENTED_EDGE('',*,*,#1206,.F.);
#1640=ORIENTED_EDGE('',*,*,#1226,.T.);
#1641=ORIENTED_EDGE('',*,*,#1225,.F.);
#1642=ORIENTED_EDGE('',*,*,#1226,.F.);
#1643=ORIENTED_EDGE('',*,*,#1214,.F.);
#1644=ORIENTED_EDGE('',*,*,#1227,.T.);
#1645=ORIENTED_EDGE('',*,*,#1228,.T.);
#1646=ORIENTED_EDGE('',*,*,#1227,.F.);
#1647=ORIENTED_EDGE('',*,*,#1229,.T.);
#1648=ORIENTED_EDGE('',*,*,#1228,.F.);
#1649=ORIENTED_EDGE('',*,*,#1205,.F.);
#1650=ORIENTED_EDGE('',*,*,#1230,.T.);
#1651=ORIENTED_EDGE('',*,*,#1229,.F.);
#1652=ORIENTED_EDGE('',*,*,#1230,.F.);
#1653=ORIENTED_EDGE('',*,*,#1213,.F.);
#1654=ORIENTED_EDGE('',*,*,#1231,.T.);
#1655=ORIENTED_EDGE('',*,*,#1232,.T.);
#1656=ORIENTED_EDGE('',*,*,#1231,.F.);
#1657=ORIENTED_EDGE('',*,*,#1233,.T.);
#1658=ORIENTED_EDGE('',*,*,#1232,.F.);
#1659=ORIENTED_EDGE('',*,*,#1204,.F.);
#1660=ORIENTED_EDGE('',*,*,#1234,.T.);
#1661=ORIENTED_EDGE('',*,*,#1233,.F.);
#1662=ORIENTED_EDGE('',*,*,#1234,.F.);
#1663=ORIENTED_EDGE('',*,*,#1212,.F.);
#1664=ORIENTED_EDGE('',*,*,#1235,.T.);
#1665=ORIENTED_EDGE('',*,*,#1236,.T.);
#1666=ORIENTED_EDGE('',*,*,#1235,.F.);
#1667=ORIENTED_EDGE('',*,*,#1237,.T.);
#1668=ORIENTED_EDGE('',*,*,#1236,.F.);
#1669=ORIENTED_EDGE('',*,*,#1203,.F.);
#1670=ORIENTED_EDGE('',*,*,#1238,.T.);
#1671=ORIENTED_EDGE('',*,*,#1237,.F.);
#1672=ORIENTED_EDGE('',*,*,#1238,.F.);
#1673=ORIENTED_EDGE('',*,*,#1239,.T.);
#1674=ORIENTED_EDGE('',*,*,#1240,.F.);
#1675=ORIENTED_EDGE('',*,*,#1241,.F.);
#1676=ORIENTED_EDGE('',*,*,#1242,.T.);
#1677=ORIENTED_EDGE('',*,*,#1243,.T.);
#1678=ORIENTED_EDGE('',*,*,#1244,.F.);
#1679=ORIENTED_EDGE('',*,*,#1245,.F.);
#1680=ORIENTED_EDGE('',*,*,#1240,.T.);
#1681=ORIENTED_EDGE('',*,*,#1246,.T.);
#1682=ORIENTED_EDGE('',*,*,#1247,.F.);
#1683=ORIENTED_EDGE('',*,*,#1248,.F.);
#1684=ORIENTED_EDGE('',*,*,#1244,.T.);
#1685=ORIENTED_EDGE('',*,*,#1249,.T.);
#1686=ORIENTED_EDGE('',*,*,#1250,.F.);
#1687=ORIENTED_EDGE('',*,*,#1251,.F.);
#1688=ORIENTED_EDGE('',*,*,#1247,.T.);
#1689=ORIENTED_EDGE('',*,*,#1252,.T.);
#1690=ORIENTED_EDGE('',*,*,#1253,.F.);
#1691=ORIENTED_EDGE('',*,*,#1254,.F.);
#1692=ORIENTED_EDGE('',*,*,#1250,.T.);
#1693=ORIENTED_EDGE('',*,*,#1255,.T.);
#1694=ORIENTED_EDGE('',*,*,#1256,.F.);
#1695=ORIENTED_EDGE('',*,*,#1257,.F.);
#1696=ORIENTED_EDGE('',*,*,#1253,.T.);
#1697=ORIENTED_EDGE('',*,*,#1258,.T.);
#1698=ORIENTED_EDGE('',*,*,#1259,.F.);
#1699=ORIENTED_EDGE('',*,*,#1260,.F.);
#1700=ORIENTED_EDGE('',*,*,#1256,.T.);
#1701=ORIENTED_EDGE('',*,*,#1261,.T.);
#1702=ORIENTED_EDGE('',*,*,#1242,.F.);
#1703=ORIENTED_EDGE('',*,*,#1262,.F.);
#1704=ORIENTED_EDGE('',*,*,#1259,.T.);
#1705=ORIENTED_EDGE('',*,*,#1241,.T.);
#1706=ORIENTED_EDGE('',*,*,#1245,.T.);
#1707=ORIENTED_EDGE('',*,*,#1248,.T.);
#1708=ORIENTED_EDGE('',*,*,#1251,.T.);
#1709=ORIENTED_EDGE('',*,*,#1254,.T.);
#1710=ORIENTED_EDGE('',*,*,#1257,.T.);
#1711=ORIENTED_EDGE('',*,*,#1260,.T.);
#1712=ORIENTED_EDGE('',*,*,#1262,.T.);
#1713=ORIENTED_EDGE('',*,*,#1263,.F.);
#1714=ORIENTED_EDGE('',*,*,#1264,.F.);
#1715=ORIENTED_EDGE('',*,*,#1265,.F.);
#1716=ORIENTED_EDGE('',*,*,#1266,.F.);
#1717=ORIENTED_EDGE('',*,*,#1267,.T.);
#1718=ORIENTED_EDGE('',*,*,#1239,.F.);
#1719=ORIENTED_EDGE('',*,*,#1261,.F.);
#1720=ORIENTED_EDGE('',*,*,#1258,.F.);
#1721=ORIENTED_EDGE('',*,*,#1255,.F.);
#1722=ORIENTED_EDGE('',*,*,#1252,.F.);
#1723=ORIENTED_EDGE('',*,*,#1249,.F.);
#1724=ORIENTED_EDGE('',*,*,#1246,.F.);
#1725=ORIENTED_EDGE('',*,*,#1243,.F.);
#1726=ORIENTED_EDGE('',*,*,#1268,.T.);
#1727=ORIENTED_EDGE('',*,*,#1269,.T.);
#1728=ORIENTED_EDGE('',*,*,#1270,.T.);
#1729=ORIENTED_EDGE('',*,*,#1271,.T.);
#1730=ORIENTED_EDGE('',*,*,#1272,.F.);
#1731=ORIENTED_EDGE('',*,*,#1267,.F.);
#1732=ORIENTED_EDGE('',*,*,#1273,.T.);
#1733=ORIENTED_EDGE('',*,*,#1274,.T.);
#1734=ORIENTED_EDGE('',*,*,#1273,.F.);
#1735=ORIENTED_EDGE('',*,*,#1274,.F.);
#1736=ORIENTED_EDGE('',*,*,#1275,.T.);
#1737=ORIENTED_EDGE('',*,*,#1272,.T.);
#1738=ORIENTED_EDGE('',*,*,#1276,.T.);
#1739=ORIENTED_EDGE('',*,*,#1275,.F.);
#1740=ORIENTED_EDGE('',*,*,#1276,.F.);
#1741=ORIENTED_EDGE('',*,*,#1271,.F.);
#1742=ORIENTED_EDGE('',*,*,#1277,.T.);
#1743=ORIENTED_EDGE('',*,*,#1266,.T.);
#1744=ORIENTED_EDGE('',*,*,#1277,.F.);
#1745=ORIENTED_EDGE('',*,*,#1270,.F.);
#1746=ORIENTED_EDGE('',*,*,#1278,.T.);
#1747=ORIENTED_EDGE('',*,*,#1265,.T.);
#1748=ORIENTED_EDGE('',*,*,#1278,.F.);
#1749=ORIENTED_EDGE('',*,*,#1269,.F.);
#1750=ORIENTED_EDGE('',*,*,#1279,.T.);
#1751=ORIENTED_EDGE('',*,*,#1264,.T.);
#1752=ORIENTED_EDGE('',*,*,#1279,.F.);
#1753=ORIENTED_EDGE('',*,*,#1268,.F.);
#1754=ORIENTED_EDGE('',*,*,#1280,.T.);
#1755=ORIENTED_EDGE('',*,*,#1263,.T.);
#1756=ORIENTED_EDGE('',*,*,#1280,.F.);
#1757=ORIENTED_EDGE('',*,*,#1281,.T.);
#1758=ORIENTED_EDGE('',*,*,#1282,.T.);
#1759=ORIENTED_EDGE('',*,*,#1283,.T.);
#1760=ORIENTED_EDGE('',*,*,#1284,.T.);
#1761=ORIENTED_EDGE('',*,*,#1283,.F.);
#1762=ORIENTED_EDGE('',*,*,#1285,.T.);
#1763=ORIENTED_EDGE('',*,*,#1286,.F.);
#1764=ORIENTED_EDGE('',*,*,#1287,.T.);
#1765=ORIENTED_EDGE('',*,*,#1288,.T.);
#1766=ORIENTED_EDGE('',*,*,#1289,.T.);
#1767=ORIENTED_EDGE('',*,*,#1290,.T.);
#1768=ORIENTED_EDGE('',*,*,#1286,.T.);
#1769=ORIENTED_EDGE('',*,*,#1291,.T.);
#1770=ORIENTED_EDGE('',*,*,#1289,.F.);
#1771=ORIENTED_EDGE('',*,*,#1292,.T.);
#1772=ORIENTED_EDGE('',*,*,#1281,.F.);
#1773=ORIENTED_EDGE('',*,*,#1293,.T.);
#1774=ORIENTED_EDGE('',*,*,#1293,.F.);
#1775=ORIENTED_EDGE('',*,*,#1287,.F.);
#1776=ORIENTED_EDGE('',*,*,#1292,.F.);
#1777=ORIENTED_EDGE('',*,*,#1290,.F.);
#1778=ORIENTED_EDGE('',*,*,#1291,.F.);
#1779=ORIENTED_EDGE('',*,*,#1285,.F.);
#1780=ORIENTED_EDGE('',*,*,#1282,.F.);
#1781=ORIENTED_EDGE('',*,*,#1284,.F.);
#1782=ORIENTED_EDGE('',*,*,#1294,.T.);
#1783=ORIENTED_EDGE('',*,*,#1288,.F.);
#1784=ORIENTED_EDGE('',*,*,#1294,.F.);
#1785=CYLINDRICAL_SURFACE('',#1977,0.0062375);
#1786=CYLINDRICAL_SURFACE('',#1980,0.0062375);
#1787=CYLINDRICAL_SURFACE('',#1983,0.0062375);
#1788=CYLINDRICAL_SURFACE('',#1986,0.0062375);
#1789=CYLINDRICAL_SURFACE('',#1989,0.055);
#1790=CYLINDRICAL_SURFACE('',#2046,0.0061475);
#1791=CYLINDRICAL_SURFACE('',#2047,0.0061475);
#1792=CYLINDRICAL_SURFACE('',#2048,0.0061475);
#1793=CYLINDRICAL_SURFACE('',#2049,0.0061475);
#1794=CYLINDRICAL_SURFACE('',#2050,0.0125);
#1795=CYLINDRICAL_SURFACE('',#2051,0.005);
#1796=CYLINDRICAL_SURFACE('',#2052,0.005);
#1797=CYLINDRICAL_SURFACE('',#2053,0.005);
#1798=CYLINDRICAL_SURFACE('',#2054,0.005);
#1799=CYLINDRICAL_SURFACE('',#2055,0.005);
#1800=CYLINDRICAL_SURFACE('',#2056,0.005);
#1801=CYLINDRICAL_SURFACE('',#2057,0.005);
#1802=CYLINDRICAL_SURFACE('',#2058,0.005);
#1803=CYLINDRICAL_SURFACE('',#2080,0.025);
#1804=CYLINDRICAL_SURFACE('',#2085,0.008);
#1805=CYLINDRICAL_SURFACE('',#2089,0.0175);
#1806=CYLINDRICAL_SURFACE('',#2090,0.008);
#1807=CYLINDRICAL_SURFACE('',#2094,0.0175);
#1808=CYLINDRICAL_SURFACE('',#2095,0.008);
#1809=CYLINDRICAL_SURFACE('',#2099,0.0175);
#1810=CYLINDRICAL_SURFACE('',#2100,0.008);
#1811=CYLINDRICAL_SURFACE('',#2104,0.0175);
#1812=CYLINDRICAL_SURFACE('',#2126,0.055);
#1813=CYLINDRICAL_SURFACE('',#2130,0.025);
#1814=CYLINDRICAL_SURFACE('',#2131,0.0061475);
#1815=CYLINDRICAL_SURFACE('',#2132,0.0061475);
#1816=CYLINDRICAL_SURFACE('',#2133,0.0061475);
#1817=CYLINDRICAL_SURFACE('',#2134,0.0061475);
#1818=CYLINDRICAL_SURFACE('',#2136,0.0125);
#1819=ADVANCED_FACE('',(#234),#1785,.F.);
#1820=ADVANCED_FACE('',(#235),#1786,.F.);
#1821=ADVANCED_FACE('',(#236),#1787,.F.);
#1822=ADVANCED_FACE('',(#237),#1788,.F.);
#1823=ADVANCED_FACE('',(#238),#1789,.F.);
#1824=ADVANCED_FACE('',(#239),#175,.F.);
#1825=ADVANCED_FACE('',(#240),#176,.F.);
#1826=ADVANCED_FACE('',(#241),#177,.F.);
#1827=ADVANCED_FACE('',(#242),#178,.F.);
#1828=ADVANCED_FACE('',(#243),#179,.T.);
#1829=ADVANCED_FACE('',(#244),#180,.T.);
#1830=ADVANCED_FACE('',(#245),#181,.T.);
#1831=ADVANCED_FACE('',(#246,#126),#182,.T.);
#1832=ADVANCED_FACE('',(#247),#183,.T.);
#1833=ADVANCED_FACE('',(#248,#127,#128,#129,#130,#131),#184,.T.);
#1834=ADVANCED_FACE('',(#249),#185,.T.);
#1835=ADVANCED_FACE('',(#250,#132,#133,#134,#135,#136),#186,.T.);
#1836=ADVANCED_FACE('',(#251,#137),#187,.T.);
#1837=ADVANCED_FACE('',(#252),#188,.T.);
#1838=ADVANCED_FACE('',(#253,#138),#189,.T.);
#1839=ADVANCED_FACE('',(#254,#139),#190,.T.);
#1840=ADVANCED_FACE('',(#255),#191,.F.);
#1841=ADVANCED_FACE('',(#256),#192,.F.);
#1842=ADVANCED_FACE('',(#257),#193,.F.);
#1843=ADVANCED_FACE('',(#258),#194,.F.);
#1844=ADVANCED_FACE('',(#259,#140,#141,#142,#143,#144),#195,.T.);
#1845=ADVANCED_FACE('',(#260,#145,#146,#147,#148,#149),#196,.F.);
#1846=ADVANCED_FACE('',(#261),#197,.F.);
#1847=ADVANCED_FACE('',(#262),#198,.F.);
#1848=ADVANCED_FACE('',(#263),#199,.F.);
#1849=ADVANCED_FACE('',(#264),#200,.F.);
#1850=ADVANCED_FACE('',(#265),#1790,.F.);
#1851=ADVANCED_FACE('',(#266),#1791,.F.);
#1852=ADVANCED_FACE('',(#267),#1792,.F.);
#1853=ADVANCED_FACE('',(#268),#1793,.F.);
#1854=ADVANCED_FACE('',(#269),#1794,.F.);
#1855=ADVANCED_FACE('',(#270),#1795,.T.);
#1856=ADVANCED_FACE('',(#271),#1796,.T.);
#1857=ADVANCED_FACE('',(#272),#1797,.T.);
#1858=ADVANCED_FACE('',(#273),#1798,.T.);
#1859=ADVANCED_FACE('',(#274),#1799,.T.);
#1860=ADVANCED_FACE('',(#275),#1800,.T.);
#1861=ADVANCED_FACE('',(#276),#1801,.T.);
#1862=ADVANCED_FACE('',(#277),#1802,.T.);
#1863=ADVANCED_FACE('',(#278),#201,.F.);
#1864=ADVANCED_FACE('',(#279),#202,.F.);
#1865=ADVANCED_FACE('',(#280),#203,.F.);
#1866=ADVANCED_FACE('',(#281),#204,.F.);
#1867=ADVANCED_FACE('',(#282,#150,#151,#152,#153,#154),#205,.T.);
#1868=ADVANCED_FACE('',(#283,#155,#156,#157,#158,#159),#206,.F.);
#1869=ADVANCED_FACE('',(#284),#207,.F.);
#1870=ADVANCED_FACE('',(#285),#208,.F.);
#1871=ADVANCED_FACE('',(#286),#209,.F.);
#1872=ADVANCED_FACE('',(#287),#210,.F.);
#1873=ADVANCED_FACE('',(#288),#1803,.F.);
#1874=ADVANCED_FACE('',(#289),#211,.F.);
#1875=ADVANCED_FACE('',(#290),#212,.F.);
#1876=ADVANCED_FACE('',(#291),#213,.F.);
#1877=ADVANCED_FACE('',(#292),#214,.T.);
#1878=ADVANCED_FACE('',(#293),#1804,.F.);
#1879=ADVANCED_FACE('',(#294,#160),#215,.F.);
#1880=ADVANCED_FACE('',(#295),#1805,.F.);
#1881=ADVANCED_FACE('',(#296),#1806,.F.);
#1882=ADVANCED_FACE('',(#297,#161),#216,.F.);
#1883=ADVANCED_FACE('',(#298),#1807,.F.);
#1884=ADVANCED_FACE('',(#299),#1808,.F.);
#1885=ADVANCED_FACE('',(#300,#162),#217,.F.);
#1886=ADVANCED_FACE('',(#301),#1809,.F.);
#1887=ADVANCED_FACE('',(#302),#1810,.F.);
#1888=ADVANCED_FACE('',(#303,#163),#218,.F.);
#1889=ADVANCED_FACE('',(#304),#1811,.F.);
#1890=ADVANCED_FACE('',(#305),#219,.F.);
#1891=ADVANCED_FACE('',(#306),#220,.F.);
#1892=ADVANCED_FACE('',(#307),#221,.F.);
#1893=ADVANCED_FACE('',(#308),#222,.F.);
#1894=ADVANCED_FACE('',(#309),#223,.F.);
#1895=ADVANCED_FACE('',(#310),#224,.F.);
#1896=ADVANCED_FACE('',(#311),#225,.F.);
#1897=ADVANCED_FACE('',(#312),#226,.F.);
#1898=ADVANCED_FACE('',(#313,#164,#165,#166,#167,#168),#227,.T.);
#1899=ADVANCED_FACE('',(#314,#169,#170,#171,#172,#173),#228,.F.);
#1900=ADVANCED_FACE('',(#315),#1812,.T.);
#1901=ADVANCED_FACE('',(#316,#174),#229,.F.);
#1902=ADVANCED_FACE('',(#317),#1813,.F.);
#1903=ADVANCED_FACE('',(#318),#1814,.F.);
#1904=ADVANCED_FACE('',(#319),#1815,.F.);
#1905=ADVANCED_FACE('',(#320),#1816,.F.);
#1906=ADVANCED_FACE('',(#321),#1817,.F.);
#1907=ADVANCED_FACE('',(#322),#1818,.T.);
#1908=ADVANCED_FACE('',(#323),#230,.T.);
#1909=ADVANCED_FACE('',(#324),#231,.F.);
#1910=ADVANCED_FACE('',(#325),#232,.T.);
#1911=ADVANCED_FACE('',(#326),#233,.F.);
#1912=ADVANCED_FACE('',(#327),#35,.T.);
#1913=ADVANCED_FACE('',(#328),#36,.T.);
#1914=CLOSED_SHELL('',(#1819,#1820,#1821,#1822,#1823,#1824,#1825,#1826,
#1827,#1828,#1829,#1830,#1831,#1832,#1833,#1834,#1835,#1836,#1837,#1838,
#1839));
#1915=CLOSED_SHELL('',(#1840,#1841,#1842,#1843,#1844,#1845,#1846,#1847,
#1848,#1849,#1850,#1851,#1852,#1853,#1854,#1855,#1856,#1857,#1858,#1859,
#1860,#1861,#1862));
#1916=CLOSED_SHELL('',(#1863,#1864,#1865,#1866,#1867,#1868,#1869,#1870,
#1871,#1872,#1873,#1874,#1875,#1876,#1877,#1878,#1879,#1880,#1881,#1882,
#1883,#1884,#1885,#1886,#1887,#1888,#1889));
#1917=CLOSED_SHELL('',(#1890,#1891,#1892,#1893,#1894,#1895,#1896,#1897,
#1898,#1899,#1900,#1901,#1902,#1903,#1904,#1905,#1906));
#1918=CLOSED_SHELL('',(#1907,#1908,#1909,#1910,#1911,#1912,#1913));
#1919=DERIVED_UNIT_ELEMENT(#1929,1.);
#1920=DERIVED_UNIT_ELEMENT(#3222,-3.);
#1921=DERIVED_UNIT_ELEMENT(#1929,1.);
#1922=DERIVED_UNIT_ELEMENT(#3222,-3.);
#1923=DERIVED_UNIT_ELEMENT(#1929,1.);
#1924=DERIVED_UNIT_ELEMENT(#3222,-3.);
#1925=DERIVED_UNIT_ELEMENT(#1929,1.);
#1926=DERIVED_UNIT_ELEMENT(#3222,-3.);
#1927=DERIVED_UNIT_ELEMENT(#1929,1.);
#1928=DERIVED_UNIT_ELEMENT(#3222,-3.);
#1929=(
MASS_UNIT()
NAMED_UNIT(*)
SI_UNIT(.KILO.,.GRAM.)
);
#1930=DERIVED_UNIT((#1919,#1920));
#1931=DERIVED_UNIT((#1921,#1922));
#1932=DERIVED_UNIT((#1923,#1924));
#1933=DERIVED_UNIT((#1925,#1926));
#1934=DERIVED_UNIT((#1927,#1928));
#1935=MEASURE_REPRESENTATION_ITEM('density measure',
POSITIVE_RATIO_MEASURE(7850.),#1930);
#1936=MEASURE_REPRESENTATION_ITEM('density measure',
POSITIVE_RATIO_MEASURE(7850.),#1931);
#1937=MEASURE_REPRESENTATION_ITEM('density measure',
POSITIVE_RATIO_MEASURE(7850.),#1932);
#1938=MEASURE_REPRESENTATION_ITEM('density measure',
POSITIVE_RATIO_MEASURE(7850.),#1933);
#1939=MEASURE_REPRESENTATION_ITEM('density measure',
POSITIVE_RATIO_MEASURE(7850.),#1934);
#1940=PROPERTY_DEFINITION_REPRESENTATION(#1965,#1950);
#1941=PROPERTY_DEFINITION_REPRESENTATION(#1966,#1951);
#1942=PROPERTY_DEFINITION_REPRESENTATION(#1967,#1952);
#1943=PROPERTY_DEFINITION_REPRESENTATION(#1968,#1953);
#1944=PROPERTY_DEFINITION_REPRESENTATION(#1969,#1954);
#1945=PROPERTY_DEFINITION_REPRESENTATION(#1970,#1955);
#1946=PROPERTY_DEFINITION_REPRESENTATION(#1971,#1956);
#1947=PROPERTY_DEFINITION_REPRESENTATION(#1972,#1957);
#1948=PROPERTY_DEFINITION_REPRESENTATION(#1973,#1958);
#1949=PROPERTY_DEFINITION_REPRESENTATION(#1974,#1959);
#1950=REPRESENTATION('material name',(#1960),#3215);
#1951=REPRESENTATION('density',(#1935),#3215);
#1952=REPRESENTATION('material name',(#1961),#3217);
#1953=REPRESENTATION('density',(#1936),#3217);
#1954=REPRESENTATION('material name',(#1962),#3218);
#1955=REPRESENTATION('density',(#1937),#3218);
#1956=REPRESENTATION('material name',(#1963),#3219);
#1957=REPRESENTATION('density',(#1938),#3219);
#1958=REPRESENTATION('material name',(#1964),#3220);
#1959=REPRESENTATION('density',(#1939),#3220);
#1960=DESCRIPTIVE_REPRESENTATION_ITEM('Steel','Steel');
#1961=DESCRIPTIVE_REPRESENTATION_ITEM('Steel','Steel');
#1962=DESCRIPTIVE_REPRESENTATION_ITEM('Steel','Steel');
#1963=DESCRIPTIVE_REPRESENTATION_ITEM('Steel','Steel');
#1964=DESCRIPTIVE_REPRESENTATION_ITEM('Steel','Steel');
#1965=PROPERTY_DEFINITION('material property','material name',#3254);
#1966=PROPERTY_DEFINITION('material property','density of part',#3254);
#1967=PROPERTY_DEFINITION('material property','material name',#3256);
#1968=PROPERTY_DEFINITION('material property','density of part',#3256);
#1969=PROPERTY_DEFINITION('material property','material name',#3257);
#1970=PROPERTY_DEFINITION('material property','density of part',#3257);
#1971=PROPERTY_DEFINITION('material property','material name',#3258);
#1972=PROPERTY_DEFINITION('material property','density of part',#3258);
#1973=PROPERTY_DEFINITION('material property','material name',#3259);
#1974=PROPERTY_DEFINITION('material property','density of part',#3259);
#1975=AXIS2_PLACEMENT_3D('',#2686,#2155,#2156);
#1976=AXIS2_PLACEMENT_3D('',#2687,#2157,#2158);
#1977=AXIS2_PLACEMENT_3D('',#2688,#2159,#2160);
#1978=AXIS2_PLACEMENT_3D('',#2690,#2161,#2162);
#1979=AXIS2_PLACEMENT_3D('',#2693,#2164,#2165);
#1980=AXIS2_PLACEMENT_3D('',#2694,#2166,#2167);
#1981=AXIS2_PLACEMENT_3D('',#2696,#2168,#2169);
#1982=AXIS2_PLACEMENT_3D('',#2699,#2171,#2172);
#1983=AXIS2_PLACEMENT_3D('',#2700,#2173,#2174);
#1984=AXIS2_PLACEMENT_3D('',#2702,#2175,#2176);
#1985=AXIS2_PLACEMENT_3D('',#2705,#2178,#2179);
#1986=AXIS2_PLACEMENT_3D('',#2706,#2180,#2181);
#1987=AXIS2_PLACEMENT_3D('',#2708,#2182,#2183);
#1988=AXIS2_PLACEMENT_3D('',#2711,#2185,#2186);
#1989=AXIS2_PLACEMENT_3D('',#2712,#2187,#2188);
#1990=AXIS2_PLACEMENT_3D('',#2714,#2189,#2190);
#1991=AXIS2_PLACEMENT_3D('',#2717,#2192,#2193);
#1992=AXIS2_PLACEMENT_3D('',#2718,#2194,#2195);
#1993=AXIS2_PLACEMENT_3D('',#2727,#2200,#2201);
#1994=AXIS2_PLACEMENT_3D('',#2736,#2206,#2207);
#1995=AXIS2_PLACEMENT_3D('',#2745,#2212,#2213);
#1996=AXIS2_PLACEMENT_3D('',#2754,#2218,#2219);
#1997=AXIS2_PLACEMENT_3D('',#2760,#2223,#2224);
#1998=AXIS2_PLACEMENT_3D('',#2766,#2228,#2229);
#1999=AXIS2_PLACEMENT_3D('',#2772,#2233,#2234);
#2000=AXIS2_PLACEMENT_3D('',#2783,#2241,#2242);
#2001=AXIS2_PLACEMENT_3D('',#2789,#2247,#2248);
#2002=AXIS2_PLACEMENT_3D('',#2795,#2253,#2254);
#2003=AXIS2_PLACEMENT_3D('',#2797,#2256,#2257);
#2004=AXIS2_PLACEMENT_3D('',#2803,#2261,#2262);
#2005=AXIS2_PLACEMENT_3D('',#2807,#2265,#2266);
#2006=AXIS2_PLACEMENT_3D('',#2811,#2269,#2270);
#2007=AXIS2_PLACEMENT_3D('',#2813,#2272,#2273);
#2008=AXIS2_PLACEMENT_3D('',#2814,#2274,#2275);
#2009=AXIS2_PLACEMENT_3D('',#2815,#2276,#2277);
#2010=AXIS2_PLACEMENT_3D('',#2816,#2278,#2279);
#2011=AXIS2_PLACEMENT_3D('',#2825,#2284,#2285);
#2012=AXIS2_PLACEMENT_3D('',#2834,#2290,#2291);
#2013=AXIS2_PLACEMENT_3D('',#2843,#2296,#2297);
#2014=AXIS2_PLACEMENT_3D('',#2852,#2302,#2303);
#2015=AXIS2_PLACEMENT_3D('',#2856,#2305,#2306);
#2016=AXIS2_PLACEMENT_3D('',#2858,#2307,#2308);
#2017=AXIS2_PLACEMENT_3D('',#2861,#2310,#2311);
#2018=AXIS2_PLACEMENT_3D('',#2863,#2312,#2313);
#2019=AXIS2_PLACEMENT_3D('',#2866,#2315,#2316);
#2020=AXIS2_PLACEMENT_3D('',#2868,#2317,#2318);
#2021=AXIS2_PLACEMENT_3D('',#2871,#2320,#2321);
#2022=AXIS2_PLACEMENT_3D('',#2872,#2322,#2323);
#2023=AXIS2_PLACEMENT_3D('',#2874,#2324,#2325);
#2024=AXIS2_PLACEMENT_3D('',#2876,#2326,#2327);
#2025=AXIS2_PLACEMENT_3D('',#2878,#2328,#2329);
#2026=AXIS2_PLACEMENT_3D('',#2880,#2330,#2331);
#2027=AXIS2_PLACEMENT_3D('',#2882,#2332,#2333);
#2028=AXIS2_PLACEMENT_3D('',#2883,#2334,#2335);
#2029=AXIS2_PLACEMENT_3D('',#2885,#2336,#2337);
#2030=AXIS2_PLACEMENT_3D('',#2888,#2339,#2340);
#2031=AXIS2_PLACEMENT_3D('',#2890,#2341,#2342);
#2032=AXIS2_PLACEMENT_3D('',#2893,#2344,#2345);
#2033=AXIS2_PLACEMENT_3D('',#2895,#2346,#2347);
#2034=AXIS2_PLACEMENT_3D('',#2898,#2349,#2350);
#2035=AXIS2_PLACEMENT_3D('',#2900,#2351,#2352);
#2036=AXIS2_PLACEMENT_3D('',#2903,#2354,#2355);
#2037=AXIS2_PLACEMENT_3D('',#2905,#2356,#2357);
#2038=AXIS2_PLACEMENT_3D('',#2907,#2358,#2359);
#2039=AXIS2_PLACEMENT_3D('',#2909,#2360,#2361);
#2040=AXIS2_PLACEMENT_3D('',#2911,#2362,#2363);
#2041=AXIS2_PLACEMENT_3D('',#2913,#2364,#2365);
#2042=AXIS2_PLACEMENT_3D('',#2914,#2366,#2367);
#2043=AXIS2_PLACEMENT_3D('',#2917,#2370,#2371);
#2044=AXIS2_PLACEMENT_3D('',#2920,#2374,#2375);
#2045=AXIS2_PLACEMENT_3D('',#2923,#2378,#2379);
#2046=AXIS2_PLACEMENT_3D('',#2926,#2382,#2383);
#2047=AXIS2_PLACEMENT_3D('',#2928,#2385,#2386);
#2048=AXIS2_PLACEMENT_3D('',#2930,#2388,#2389);
#2049=AXIS2_PLACEMENT_3D('',#2932,#2391,#2392);
#2050=AXIS2_PLACEMENT_3D('',#2934,#2394,#2395);
#2051=AXIS2_PLACEMENT_3D('',#2936,#2397,#2398);
#2052=AXIS2_PLACEMENT_3D('',#2937,#2399,#2400);
#2053=AXIS2_PLACEMENT_3D('',#2938,#2401,#2402);
#2054=AXIS2_PLACEMENT_3D('',#2939,#2403,#2404);
#2055=AXIS2_PLACEMENT_3D('',#2940,#2405,#2406);
#2056=AXIS2_PLACEMENT_3D('',#2941,#2407,#2408);
#2057=AXIS2_PLACEMENT_3D('',#2942,#2409,#2410);
#2058=AXIS2_PLACEMENT_3D('',#2943,#2411,#2412);
#2059=AXIS2_PLACEMENT_3D('',#2944,#2413,#2414);
#2060=AXIS2_PLACEMENT_3D('',#2945,#2415,#2416);
#2061=AXIS2_PLACEMENT_3D('',#2962,#2425,#2426);
#2062=AXIS2_PLACEMENT_3D('',#2971,#2431,#2432);
#2063=AXIS2_PLACEMENT_3D('',#2980,#2437,#2438);
#2064=AXIS2_PLACEMENT_3D('',#2989,#2443,#2444);
#2065=AXIS2_PLACEMENT_3D('',#3000,#2452,#2453);
#2066=AXIS2_PLACEMENT_3D('',#3002,#2454,#2455);
#2067=AXIS2_PLACEMENT_3D('',#3004,#2456,#2457);
#2068=AXIS2_PLACEMENT_3D('',#3006,#2458,#2459);
#2069=AXIS2_PLACEMENT_3D('',#3008,#2460,#2461);
#2070=AXIS2_PLACEMENT_3D('',#3009,#2462,#2463);
#2071=AXIS2_PLACEMENT_3D('',#3015,#2468,#2469);
#2072=AXIS2_PLACEMENT_3D('',#3017,#2470,#2471);
#2073=AXIS2_PLACEMENT_3D('',#3019,#2472,#2473);
#2074=AXIS2_PLACEMENT_3D('',#3021,#2474,#2475);
#2075=AXIS2_PLACEMENT_3D('',#3023,#2476,#2477);
#2076=AXIS2_PLACEMENT_3D('',#3024,#2478,#2479);
#2077=AXIS2_PLACEMENT_3D('',#3025,#2480,#2481);
#2078=AXIS2_PLACEMENT_3D('',#3026,#2482,#2483);
#2079=AXIS2_PLACEMENT_3D('',#3027,#2484,#2485);
#2080=AXIS2_PLACEMENT_3D('',#3028,#2486,#2487);
#2081=AXIS2_PLACEMENT_3D('',#3030,#2489,#2490);
#2082=AXIS2_PLACEMENT_3D('',#3034,#2493,#2494);
#2083=AXIS2_PLACEMENT_3D('',#3038,#2497,#2498);
#2084=AXIS2_PLACEMENT_3D('',#3040,#2500,#2501);
#2085=AXIS2_PLACEMENT_3D('',#3041,#2502,#2503);
#2086=AXIS2_PLACEMENT_3D('',#3044,#2505,#2506);
#2087=AXIS2_PLACEMENT_3D('',#3045,#2507,#2508);
#2088=AXIS2_PLACEMENT_3D('',#3047,#2509,#2510);
#2089=AXIS2_PLACEMENT_3D('',#3048,#2511,#2512);
#2090=AXIS2_PLACEMENT_3D('',#3050,#2514,#2515);
#2091=AXIS2_PLACEMENT_3D('',#3053,#2517,#2518);
#2092=AXIS2_PLACEMENT_3D('',#3054,#2519,#2520);
#2093=AXIS2_PLACEMENT_3D('',#3056,#2521,#2522);
#2094=AXIS2_PLACEMENT_3D('',#3057,#2523,#2524);
#2095=AXIS2_PLACEMENT_3D('',#3059,#2526,#2527);
#2096=AXIS2_PLACEMENT_3D('',#3062,#2529,#2530);
#2097=AXIS2_PLACEMENT_3D('',#3063,#2531,#2532);
#2098=AXIS2_PLACEMENT_3D('',#3065,#2533,#2534);
#2099=AXIS2_PLACEMENT_3D('',#3066,#2535,#2536);
#2100=AXIS2_PLACEMENT_3D('',#3068,#2538,#2539);
#2101=AXIS2_PLACEMENT_3D('',#3071,#2541,#2542);
#2102=AXIS2_PLACEMENT_3D('',#3072,#2543,#2544);
#2103=AXIS2_PLACEMENT_3D('',#3074,#2545,#2546);
#2104=AXIS2_PLACEMENT_3D('',#3075,#2547,#2548);
#2105=AXIS2_PLACEMENT_3D('',#3077,#2550,#2551);
#2106=AXIS2_PLACEMENT_3D('',#3078,#2552,#2553);
#2107=AXIS2_PLACEMENT_3D('',#3087,#2558,#2559);
#2108=AXIS2_PLACEMENT_3D('',#3093,#2563,#2564);
#2109=AXIS2_PLACEMENT_3D('',#3099,#2568,#2569);
#2110=AXIS2_PLACEMENT_3D('',#3105,#2573,#2574);
#2111=AXIS2_PLACEMENT_3D('',#3111,#2578,#2579);
#2112=AXIS2_PLACEMENT_3D('',#3117,#2583,#2584);
#2113=AXIS2_PLACEMENT_3D('',#3123,#2588,#2589);
#2114=AXIS2_PLACEMENT_3D('',#3126,#2592,#2593);
#2115=AXIS2_PLACEMENT_3D('',#3128,#2594,#2595);
#2116=AXIS2_PLACEMENT_3D('',#3130,#2596,#2597);
#2117=AXIS2_PLACEMENT_3D('',#3132,#2598,#2599);
#2118=AXIS2_PLACEMENT_3D('',#3134,#2600,#2601);
#2119=AXIS2_PLACEMENT_3D('',#3136,#2602,#2603);
#2120=AXIS2_PLACEMENT_3D('',#3137,#2604,#2605);
#2121=AXIS2_PLACEMENT_3D('',#3139,#2606,#2607);
#2122=AXIS2_PLACEMENT_3D('',#3141,#2608,#2609);
#2123=AXIS2_PLACEMENT_3D('',#3143,#2610,#2611);
#2124=AXIS2_PLACEMENT_3D('',#3145,#2612,#2613);
#2125=AXIS2_PLACEMENT_3D('',#3147,#2614,#2615);
#2126=AXIS2_PLACEMENT_3D('',#3148,#2616,#2617);
#2127=AXIS2_PLACEMENT_3D('',#3151,#2619,#2620);
#2128=AXIS2_PLACEMENT_3D('',#3152,#2621,#2622);
#2129=AXIS2_PLACEMENT_3D('',#3154,#2623,#2624);
#2130=AXIS2_PLACEMENT_3D('',#3155,#2625,#2626);
#2131=AXIS2_PLACEMENT_3D('',#3157,#2628,#2629);
#2132=AXIS2_PLACEMENT_3D('',#3159,#2631,#2632);
#2133=AXIS2_PLACEMENT_3D('',#3161,#2634,#2635);
#2134=AXIS2_PLACEMENT_3D('',#3163,#2637,#2638);
#2135=AXIS2_PLACEMENT_3D('',#3165,#2640,#2641);
#2136=AXIS2_PLACEMENT_3D('',#3166,#2642,#2643);
#2137=AXIS2_PLACEMENT_3D('',#3171,#2645,#2646);
#2138=AXIS2_PLACEMENT_3D('',#3174,#2648,#2649);
#2139=AXIS2_PLACEMENT_3D('',#3176,#2650,#2651);
#2140=AXIS2_PLACEMENT_3D('',#3179,#2653,#2654);
#2141=AXIS2_PLACEMENT_3D('',#3180,#2655,#2656);
#2142=AXIS2_PLACEMENT_3D('',#3182,#2657,#2658);
#2143=AXIS2_PLACEMENT_3D('',#3183,#2659,#2660);
#2144=AXIS2_PLACEMENT_3D('',#3187,#2662,#2663);
#2145=AXIS2_PLACEMENT_3D('',#3188,#2664,#2665);
#2146=AXIS2_PLACEMENT_3D('',#3196,#2667,#2668);
#2147=AXIS2_PLACEMENT_3D('',#3197,#2669,#2670);
#2148=AXIS2_PLACEMENT_3D('',#3198,#2671,#2672);
#2149=AXIS2_PLACEMENT_3D('',#3200,#2674,#2675);
#2150=AXIS2_PLACEMENT_3D('',#3201,#2676,#2677);
#2151=AXIS2_PLACEMENT_3D('',#3202,#2678,#2679);
#2152=AXIS2_PLACEMENT_3D('',#3203,#2680,#2681);
#2153=AXIS2_PLACEMENT_3D('',#3204,#2682,#2683);
#2154=AXIS2_PLACEMENT_3D('',#3205,#2684,#2685);
#2155=DIRECTION('axis',(0.,0.,1.));
#2156=DIRECTION('refdir',(1.,0.,0.));
#2157=DIRECTION('axis',(0.,0.,1.));
#2158=DIRECTION('refdir',(1.,0.,0.));
#2159=DIRECTION('center_axis',(0.,0.,-1.));
#2160=DIRECTION('ref_axis',(-1.,0.,0.));
#2161=DIRECTION('center_axis',(0.,0.,-1.));
#2162=DIRECTION('ref_axis',(-1.,0.,0.));
#2163=DIRECTION('',(0.,0.,-1.));
#2164=DIRECTION('center_axis',(8.88178419700125E-17,0.,1.));
#2165=DIRECTION('ref_axis',(-1.,0.,0.));
#2166=DIRECTION('center_axis',(0.,0.,-1.));
#2167=DIRECTION('ref_axis',(-1.,0.,0.));
#2168=DIRECTION('center_axis',(0.,0.,-1.));
#2169=DIRECTION('ref_axis',(-1.,0.,0.));
#2170=DIRECTION('',(0.,0.,-1.));
#2171=DIRECTION('center_axis',(8.88178419700125E-17,0.,1.));
#2172=DIRECTION('ref_axis',(-1.,0.,0.));
#2173=DIRECTION('center_axis',(0.,0.,-1.));
#2174=DIRECTION('ref_axis',(-1.,0.,0.));
#2175=DIRECTION('center_axis',(0.,0.,-1.));
#2176=DIRECTION('ref_axis',(-1.,0.,0.));
#2177=DIRECTION('',(0.,0.,-1.));
#2178=DIRECTION('center_axis',(8.88178419700125E-17,0.,1.));
#2179=DIRECTION('ref_axis',(-1.,0.,0.));
#2180=DIRECTION('center_axis',(0.,0.,-1.));
#2181=DIRECTION('ref_axis',(-1.,0.,0.));
#2182=DIRECTION('center_axis',(0.,0.,-1.));
#2183=DIRECTION('ref_axis',(-1.,0.,0.));
#2184=DIRECTION('',(0.,0.,-1.));
#2185=DIRECTION('center_axis',(8.88178419700125E-17,0.,1.));
#2186=DIRECTION('ref_axis',(-1.,0.,0.));
#2187=DIRECTION('center_axis',(0.,0.,-1.));
#2188=DIRECTION('ref_axis',(-1.,0.,0.));
#2189=DIRECTION('center_axis',(0.,0.,-1.));
#2190=DIRECTION('ref_axis',(-1.,0.,0.));
#2191=DIRECTION('',(0.,0.,-1.));
#2192=DIRECTION('center_axis',(8.88178419700125E-17,0.,1.));
#2193=DIRECTION('ref_axis',(-1.,0.,0.));
#2194=DIRECTION('center_axis',(0.,1.,0.));
#2195=DIRECTION('ref_axis',(-7.40148683083438E-17,0.,-1.));
#2196=DIRECTION('',(0.,0.,1.));
#2197=DIRECTION('',(-1.,0.,7.40148683083438E-17));
#2198=DIRECTION('',(0.,0.,-1.));
#2199=DIRECTION('',(-1.,0.,7.40148683083438E-17));
#2200=DIRECTION('center_axis',(0.,1.,0.));
#2201=DIRECTION('ref_axis',(-7.40148683083438E-17,0.,-1.));
#2202=DIRECTION('',(0.,0.,-1.));
#2203=DIRECTION('',(-1.,0.,7.40148683083438E-17));
#2204=DIRECTION('',(0.,0.,1.));
#2205=DIRECTION('',(-1.,0.,7.40148683083438E-17));
#2206=DIRECTION('center_axis',(0.,-1.,0.));
#2207=DIRECTION('ref_axis',(7.40148683083438E-17,0.,1.));
#2208=DIRECTION('',(0.,0.,-1.));
#2209=DIRECTION('',(-1.,0.,7.40148683083438E-17));
#2210=DIRECTION('',(0.,0.,1.));
#2211=DIRECTION('',(-1.,0.,7.40148683083438E-17));
#2212=DIRECTION('center_axis',(0.,-1.,0.));
#2213=DIRECTION('ref_axis',(7.40148683083438E-17,0.,1.));
#2214=DIRECTION('',(0.,0.,1.));
#2215=DIRECTION('',(-1.,0.,7.40148683083438E-17));
#2216=DIRECTION('',(0.,0.,-1.));
#2217=DIRECTION('',(-1.,0.,7.40148683083438E-17));
#2218=DIRECTION('center_axis',(1.,0.,0.));
#2219=DIRECTION('ref_axis',(0.,0.,-1.));
#2220=DIRECTION('',(0.,1.,0.));
#2221=DIRECTION('',(0.,0.,1.));
#2222=DIRECTION('',(0.,1.,0.));
#2223=DIRECTION('center_axis',(1.,0.,0.));
#2224=DIRECTION('ref_axis',(0.,0.,-1.));
#2225=DIRECTION('',(0.,1.,0.));
#2226=DIRECTION('',(0.,0.,-1.));
#2227=DIRECTION('',(0.,1.,0.));
#2228=DIRECTION('center_axis',(-1.,0.,0.));
#2229=DIRECTION('ref_axis',(0.,0.,1.));
#2230=DIRECTION('',(0.,-1.,0.));
#2231=DIRECTION('',(0.,0.,-1.));
#2232=DIRECTION('',(0.,1.,0.));
#2233=DIRECTION('center_axis',(0.,-1.,0.));
#2234=DIRECTION('ref_axis',(0.,0.,-1.));
#2235=DIRECTION('',(0.,0.,1.));
#2236=DIRECTION('',(-1.,0.,0.));
#2237=DIRECTION('',(0.,0.,-1.));
#2238=DIRECTION('',(1.,0.,0.));
#2239=DIRECTION('',(-1.,0.,8.88178419700125E-17));
#2240=DIRECTION('',(1.,0.,-8.88178419700125E-17));
#2241=DIRECTION('center_axis',(8.88178419700125E-17,0.,1.));
#2242=DIRECTION('ref_axis',(1.,0.,-8.88178419700125E-17));
#2243=DIRECTION('',(0.,-1.,0.));
#2244=DIRECTION('',(1.,0.,-8.88178419700125E-17));
#2245=DIRECTION('',(0.,1.,0.));
#2246=DIRECTION('',(0.,-1.,0.));
#2247=DIRECTION('center_axis',(-8.88178419700125E-17,0.,-1.));
#2248=DIRECTION('ref_axis',(-1.,0.,8.88178419700125E-17));
#2249=DIRECTION('',(-1.,0.,8.88178419700125E-17));
#2250=DIRECTION('',(0.,1.,0.));
#2251=DIRECTION('',(0.,1.,0.));
#2252=DIRECTION('',(0.,-1.,0.));
#2253=DIRECTION('center_axis',(-1.,0.,0.));
#2254=DIRECTION('ref_axis',(0.,0.,1.));
#2255=DIRECTION('',(0.,0.,1.));
#2256=DIRECTION('center_axis',(0.,0.,1.));
#2257=DIRECTION('ref_axis',(1.,0.,0.));
#2258=DIRECTION('',(0.,-1.,0.));
#2259=DIRECTION('',(1.,0.,0.));
#2260=DIRECTION('',(0.,1.,0.));
#2261=DIRECTION('center_axis',(-1.,0.,0.));
#2262=DIRECTION('ref_axis',(0.,0.,1.));
#2263=DIRECTION('',(0.,0.,1.));
#2264=DIRECTION('',(0.,1.,0.));
#2265=DIRECTION('center_axis',(0.,0.,-1.));
#2266=DIRECTION('ref_axis',(-1.,0.,0.));
#2267=DIRECTION('',(-1.,0.,0.));
#2268=DIRECTION('',(0.,1.,0.));
#2269=DIRECTION('center_axis',(1.,0.,0.));
#2270=DIRECTION('ref_axis',(0.,0.,-1.));
#2271=DIRECTION('',(0.,0.,-1.));
#2272=DIRECTION('center_axis',(0.,1.,0.));
#2273=DIRECTION('ref_axis',(0.,0.,1.));
#2274=DIRECTION('axis',(0.,0.,1.));
#2275=DIRECTION('refdir',(1.,0.,0.));
#2276=DIRECTION('axis',(0.,0.,1.));
#2277=DIRECTION('refdir',(1.,0.,0.));
#2278=DIRECTION('center_axis',(0.,1.,0.));
#2279=DIRECTION('ref_axis',(0.,0.,1.));
#2280=DIRECTION('',(1.,0.,0.));
#2281=DIRECTION('',(0.,0.,1.));
#2282=DIRECTION('',(1.,0.,0.));
#2283=DIRECTION('',(0.,0.,-1.));
#2284=DIRECTION('center_axis',(-1.,0.,0.));
#2285=DIRECTION('ref_axis',(0.,0.,1.));
#2286=DIRECTION('',(0.,1.,0.));
#2287=DIRECTION('',(0.,0.,-1.));
#2288=DIRECTION('',(0.,1.,0.));
#2289=DIRECTION('',(0.,0.,1.));
#2290=DIRECTION('center_axis',(0.,-1.,0.));
#2291=DIRECTION('ref_axis',(0.,0.,-1.));
#2292=DIRECTION('',(-1.,0.,0.));
#2293=DIRECTION('',(0.,0.,1.));
#2294=DIRECTION('',(-1.,0.,0.));
#2295=DIRECTION('',(0.,0.,-1.));
#2296=DIRECTION('center_axis',(1.,0.,0.));
#2297=DIRECTION('ref_axis',(0.,0.,-1.));
#2298=DIRECTION('',(0.,-1.,0.));
#2299=DIRECTION('',(0.,0.,1.));
#2300=DIRECTION('',(0.,-1.,0.));
#2301=DIRECTION('',(0.,0.,-1.));
#2302=DIRECTION('center_axis',(0.,0.,1.));
#2303=DIRECTION('ref_axis',(1.,0.,0.));
#2304=DIRECTION('',(0.707106781186547,-0.707106781186547,0.));
#2305=DIRECTION('center_axis',(0.,0.,1.));
#2306=DIRECTION('ref_axis',(1.,0.,0.));
#2307=DIRECTION('center_axis',(0.,0.,1.));
#2308=DIRECTION('ref_axis',(1.,0.,0.));
#2309=DIRECTION('',(0.707106781186547,0.707106781186547,0.));
#2310=DIRECTION('center_axis',(0.,0.,1.));
#2311=DIRECTION('ref_axis',(1.,0.,0.));
#2312=DIRECTION('center_axis',(0.,0.,1.));
#2313=DIRECTION('ref_axis',(1.,0.,0.));
#2314=DIRECTION('',(-0.707106781186547,0.707106781186547,0.));
#2315=DIRECTION('center_axis',(0.,0.,1.));
#2316=DIRECTION('ref_axis',(1.,0.,0.));
#2317=DIRECTION('center_axis',(0.,0.,1.));
#2318=DIRECTION('ref_axis',(1.,0.,0.));
#2319=DIRECTION('',(-0.707106781186547,-0.707106781186547,0.));
#2320=DIRECTION('center_axis',(0.,0.,1.));
#2321=DIRECTION('ref_axis',(1.,0.,0.));
#2322=DIRECTION('center_axis',(0.,0.,1.));
#2323=DIRECTION('ref_axis',(1.,0.,0.));
#2324=DIRECTION('center_axis',(0.,0.,-1.));
#2325=DIRECTION('ref_axis',(-1.,0.,0.));
#2326=DIRECTION('center_axis',(0.,0.,1.));
#2327=DIRECTION('ref_axis',(-1.,0.,0.));
#2328=DIRECTION('center_axis',(0.,0.,1.));
#2329=DIRECTION('ref_axis',(-1.,0.,0.));
#2330=DIRECTION('center_axis',(0.,0.,1.));
#2331=DIRECTION('ref_axis',(-1.,0.,0.));
#2332=DIRECTION('center_axis',(0.,0.,1.));
#2333=DIRECTION('ref_axis',(-1.,0.,0.));
#2334=DIRECTION('center_axis',(0.,0.,1.));
#2335=DIRECTION('ref_axis',(1.,0.,0.));
#2336=DIRECTION('center_axis',(0.,0.,1.));
#2337=DIRECTION('ref_axis',(1.,0.,0.));
#2338=DIRECTION('',(-0.707106781186547,0.707106781186547,0.));
#2339=DIRECTION('center_axis',(0.,0.,1.));
#2340=DIRECTION('ref_axis',(1.,0.,0.));
#2341=DIRECTION('center_axis',(0.,0.,1.));
#2342=DIRECTION('ref_axis',(1.,0.,0.));
#2343=DIRECTION('',(0.707106781186547,0.707106781186547,0.));
#2344=DIRECTION('center_axis',(0.,0.,1.));
#2345=DIRECTION('ref_axis',(1.,0.,0.));
#2346=DIRECTION('center_axis',(0.,0.,1.));
#2347=DIRECTION('ref_axis',(1.,0.,0.));
#2348=DIRECTION('',(0.707106781186547,-0.707106781186547,0.));
#2349=DIRECTION('center_axis',(0.,0.,1.));
#2350=DIRECTION('ref_axis',(1.,0.,0.));
#2351=DIRECTION('center_axis',(0.,0.,1.));
#2352=DIRECTION('ref_axis',(1.,0.,0.));
#2353=DIRECTION('',(-0.707106781186547,-0.707106781186547,0.));
#2354=DIRECTION('center_axis',(0.,0.,1.));
#2355=DIRECTION('ref_axis',(1.,0.,0.));
#2356=DIRECTION('center_axis',(0.,0.,1.));
#2357=DIRECTION('ref_axis',(1.,0.,0.));
#2358=DIRECTION('center_axis',(0.,0.,1.));
#2359=DIRECTION('ref_axis',(1.,0.,0.));
#2360=DIRECTION('center_axis',(0.,0.,1.));
#2361=DIRECTION('ref_axis',(1.,0.,0.));
#2362=DIRECTION('center_axis',(0.,0.,1.));
#2363=DIRECTION('ref_axis',(1.,0.,0.));
#2364=DIRECTION('center_axis',(0.,0.,1.));
#2365=DIRECTION('ref_axis',(1.,0.,0.));
#2366=DIRECTION('center_axis',(0.707106781186548,-0.707106781186548,0.));
#2367=DIRECTION('ref_axis',(0.,0.,-1.));
#2368=DIRECTION('',(0.,0.,1.));
#2369=DIRECTION('',(0.,0.,-1.));
#2370=DIRECTION('center_axis',(-0.707106781186548,-0.707106781186548,0.));
#2371=DIRECTION('ref_axis',(0.,0.,-1.));
#2372=DIRECTION('',(0.,0.,-1.));
#2373=DIRECTION('',(0.,0.,1.));
#2374=DIRECTION('center_axis',(-0.707106781186548,0.707106781186548,0.));
#2375=DIRECTION('ref_axis',(0.,0.,-1.));
#2376=DIRECTION('',(0.,0.,-1.));
#2377=DIRECTION('',(0.,0.,1.));
#2378=DIRECTION('center_axis',(0.707106781186548,0.707106781186548,0.));
#2379=DIRECTION('ref_axis',(0.,0.,-1.));
#2380=DIRECTION('',(0.,0.,1.));
#2381=DIRECTION('',(0.,0.,-1.));
#2382=DIRECTION('center_axis',(0.,0.,1.));
#2383=DIRECTION('ref_axis',(1.,0.,0.));
#2384=DIRECTION('',(0.,0.,1.));
#2385=DIRECTION('center_axis',(0.,0.,1.));
#2386=DIRECTION('ref_axis',(1.,0.,0.));
#2387=DIRECTION('',(0.,0.,1.));
#2388=DIRECTION('center_axis',(0.,0.,1.));
#2389=DIRECTION('ref_axis',(1.,0.,0.));
#2390=DIRECTION('',(0.,0.,1.));
#2391=DIRECTION('center_axis',(0.,0.,1.));
#2392=DIRECTION('ref_axis',(1.,0.,0.));
#2393=DIRECTION('',(0.,0.,1.));
#2394=DIRECTION('center_axis',(0.,0.,1.));
#2395=DIRECTION('ref_axis',(1.,0.,0.));
#2396=DIRECTION('',(0.,0.,1.));
#2397=DIRECTION('center_axis',(0.,0.,-1.));
#2398=DIRECTION('ref_axis',(-1.,0.,0.));
#2399=DIRECTION('center_axis',(0.,0.,1.));
#2400=DIRECTION('ref_axis',(1.,0.,0.));
#2401=DIRECTION('center_axis',(0.,0.,-1.));
#2402=DIRECTION('ref_axis',(-1.,0.,0.));
#2403=DIRECTION('center_axis',(0.,0.,1.));
#2404=DIRECTION('ref_axis',(1.,0.,0.));
#2405=DIRECTION('center_axis',(0.,0.,-1.));
#2406=DIRECTION('ref_axis',(-1.,0.,0.));
#2407=DIRECTION('center_axis',(0.,0.,1.));
#2408=DIRECTION('ref_axis',(1.,0.,0.));
#2409=DIRECTION('center_axis',(0.,0.,-1.));
#2410=DIRECTION('ref_axis',(-1.,0.,0.));
#2411=DIRECTION('center_axis',(0.,0.,1.));
#2412=DIRECTION('ref_axis',(1.,0.,0.));
#2413=DIRECTION('axis',(0.,0.,1.));
#2414=DIRECTION('refdir',(1.,0.,0.));
#2415=DIRECTION('center_axis',(-1.,0.,0.));
#2416=DIRECTION('ref_axis',(0.,0.,1.));
#2417=DIRECTION('',(0.,-1.,0.));
#2418=DIRECTION('',(0.,0.,1.));
#2419=DIRECTION('',(0.,-1.,0.));
#2420=DIRECTION('',(0.,0.,1.));
#2421=DIRECTION('',(0.,1.,0.));
#2422=DIRECTION('',(0.,0.,1.));
#2423=DIRECTION('',(0.,-1.,0.));
#2424=DIRECTION('',(0.,0.,1.));
#2425=DIRECTION('center_axis',(0.,0.,-1.));
#2426=DIRECTION('ref_axis',(-1.,0.,0.));
#2427=DIRECTION('',(-1.,0.,0.));
#2428=DIRECTION('',(0.,-1.,0.));
#2429=DIRECTION('',(-1.,0.,0.));
#2430=DIRECTION('',(0.,1.,0.));
#2431=DIRECTION('center_axis',(1.,0.,0.));
#2432=DIRECTION('ref_axis',(0.,0.,-1.));
#2433=DIRECTION('',(0.,0.,-1.));
#2434=DIRECTION('',(0.,-1.,0.));
#2435=DIRECTION('',(0.,0.,-1.));
#2436=DIRECTION('',(0.,1.,0.));
#2437=DIRECTION('center_axis',(0.,0.,1.));
#2438=DIRECTION('ref_axis',(1.,0.,0.));
#2439=DIRECTION('',(1.,0.,0.));
#2440=DIRECTION('',(0.,-1.,0.));
#2441=DIRECTION('',(1.,0.,0.));
#2442=DIRECTION('',(0.,1.,0.));
#2443=DIRECTION('center_axis',(0.,-1.,0.));
#2444=DIRECTION('ref_axis',(0.,0.,-1.));
#2445=DIRECTION('',(-0.707106781186547,0.,-0.707106781186548));
#2446=DIRECTION('',(-1.,0.,4.33680868994202E-16));
#2447=DIRECTION('',(0.,0.,-1.));
#2448=DIRECTION('',(1.,0.,4.33680868994202E-16));
#2449=DIRECTION('',(0.707106781186548,0.,-0.707106781186547));
#2450=DIRECTION('',(0.707106781186547,0.,0.707106781186548));
#2451=DIRECTION('',(-0.707106781186548,0.,0.707106781186547));
#2452=DIRECTION('center_axis',(0.,1.,0.));
#2453=DIRECTION('ref_axis',(0.,0.,-1.));
#2454=DIRECTION('center_axis',(0.,1.,0.));
#2455=DIRECTION('ref_axis',(0.,0.,-1.));
#2456=DIRECTION('center_axis',(0.,1.,0.));
#2457=DIRECTION('ref_axis',(0.,0.,-1.));
#2458=DIRECTION('center_axis',(0.,1.,0.));
#2459=DIRECTION('ref_axis',(0.,0.,-1.));
#2460=DIRECTION('center_axis',(0.,1.,0.));
#2461=DIRECTION('ref_axis',(1.,0.,0.));
#2462=DIRECTION('center_axis',(0.,-1.,0.));
#2463=DIRECTION('ref_axis',(0.,0.,-1.));
#2464=DIRECTION('',(0.707106781186547,0.,0.707106781186548));
#2465=DIRECTION('',(0.707106781186548,0.,-0.707106781186547));
#2466=DIRECTION('',(-0.707106781186547,0.,-0.707106781186548));
#2467=DIRECTION('',(-0.707106781186548,0.,0.707106781186547));
#2468=DIRECTION('center_axis',(0.,-1.,0.));
#2469=DIRECTION('ref_axis',(0.,0.,-1.));
#2470=DIRECTION('center_axis',(0.,-1.,0.));
#2471=DIRECTION('ref_axis',(0.,0.,-1.));
#2472=DIRECTION('center_axis',(0.,-1.,0.));
#2473=DIRECTION('ref_axis',(0.,0.,-1.));
#2474=DIRECTION('center_axis',(0.,-1.,0.));
#2475=DIRECTION('ref_axis',(0.,0.,-1.));
#2476=DIRECTION('center_axis',(0.,-1.,0.));
#2477=DIRECTION('ref_axis',(0.,0.,-1.));
#2478=DIRECTION('center_axis',(-0.707106781186548,0.,0.707106781186547));
#2479=DIRECTION('ref_axis',(0.,1.,0.));
#2480=DIRECTION('center_axis',(0.707106781186547,0.,0.707106781186548));
#2481=DIRECTION('ref_axis',(0.,1.,0.));
#2482=DIRECTION('center_axis',(0.707106781186548,0.,-0.707106781186547));
#2483=DIRECTION('ref_axis',(0.,1.,0.));
#2484=DIRECTION('center_axis',(-0.707106781186547,0.,-0.707106781186548));
#2485=DIRECTION('ref_axis',(0.,1.,0.));
#2486=DIRECTION('center_axis',(0.,-1.,0.));
#2487=DIRECTION('ref_axis',(0.,0.,-1.));
#2488=DIRECTION('',(0.,-1.,0.));
#2489=DIRECTION('center_axis',(4.33680868994202E-16,0.,1.));
#2490=DIRECTION('ref_axis',(1.,0.,-4.33680868994202E-16));
#2491=DIRECTION('',(-1.,0.,4.33680868994202E-16));
#2492=DIRECTION('',(0.,-1.,0.));
#2493=DIRECTION('center_axis',(4.33680868994202E-16,0.,-1.));
#2494=DIRECTION('ref_axis',(-1.,0.,-4.33680868994202E-16));
#2495=DIRECTION('',(0.,-1.,0.));
#2496=DIRECTION('',(1.,0.,4.33680868994202E-16));
#2497=DIRECTION('center_axis',(-1.,0.,0.));
#2498=DIRECTION('ref_axis',(0.,0.,1.));
#2499=DIRECTION('',(0.,0.,-1.));
#2500=DIRECTION('center_axis',(0.,1.,0.));
#2501=DIRECTION('ref_axis',(0.,0.,1.));
#2502=DIRECTION('center_axis',(0.,-1.,0.));
#2503=DIRECTION('ref_axis',(0.,0.,-1.));
#2504=DIRECTION('',(0.,-1.,0.));
#2505=DIRECTION('center_axis',(0.,-1.,0.));
#2506=DIRECTION('ref_axis',(1.,0.,0.));
#2507=DIRECTION('center_axis',(0.,1.,0.));
#2508=DIRECTION('ref_axis',(0.,0.,1.));
#2509=DIRECTION('center_axis',(0.,-1.,0.));
#2510=DIRECTION('ref_axis',(0.,0.,-1.));
#2511=DIRECTION('center_axis',(0.,1.,0.));
#2512=DIRECTION('ref_axis',(0.,0.,-1.));
#2513=DIRECTION('',(0.,1.,0.));
#2514=DIRECTION('center_axis',(0.,-1.,0.));
#2515=DIRECTION('ref_axis',(0.,0.,-1.));
#2516=DIRECTION('',(0.,-1.,0.));
#2517=DIRECTION('center_axis',(0.,-1.,0.));
#2518=DIRECTION('ref_axis',(1.,0.,0.));
#2519=DIRECTION('center_axis',(0.,1.,0.));
#2520=DIRECTION('ref_axis',(0.,0.,1.));
#2521=DIRECTION('center_axis',(0.,-1.,0.));
#2522=DIRECTION('ref_axis',(0.,0.,-1.));
#2523=DIRECTION('center_axis',(0.,1.,0.));
#2524=DIRECTION('ref_axis',(0.,0.,-1.));
#2525=DIRECTION('',(0.,1.,0.));
#2526=DIRECTION('center_axis',(0.,-1.,0.));
#2527=DIRECTION('ref_axis',(0.,0.,-1.));
#2528=DIRECTION('',(0.,-1.,0.));
#2529=DIRECTION('center_axis',(0.,-1.,0.));
#2530=DIRECTION('ref_axis',(1.,0.,0.));
#2531=DIRECTION('center_axis',(0.,1.,0.));
#2532=DIRECTION('ref_axis',(0.,0.,1.));
#2533=DIRECTION('center_axis',(0.,-1.,0.));
#2534=DIRECTION('ref_axis',(0.,0.,-1.));
#2535=DIRECTION('center_axis',(0.,1.,0.));
#2536=DIRECTION('ref_axis',(0.,0.,-1.));
#2537=DIRECTION('',(0.,1.,0.));
#2538=DIRECTION('center_axis',(0.,-1.,0.));
#2539=DIRECTION('ref_axis',(0.,0.,-1.));
#2540=DIRECTION('',(0.,-1.,0.));
#2541=DIRECTION('center_axis',(0.,-1.,0.));
#2542=DIRECTION('ref_axis',(1.,0.,0.));
#2543=DIRECTION('center_axis',(0.,1.,0.));
#2544=DIRECTION('ref_axis',(0.,0.,1.));
#2545=DIRECTION('center_axis',(0.,-1.,0.));
#2546=DIRECTION('ref_axis',(0.,0.,-1.));
#2547=DIRECTION('center_axis',(0.,1.,0.));
#2548=DIRECTION('ref_axis',(0.,0.,-1.));
#2549=DIRECTION('',(0.,1.,0.));
#2550=DIRECTION('axis',(0.,0.,1.));
#2551=DIRECTION('refdir',(1.,0.,0.));
#2552=DIRECTION('center_axis',(-0.707106781186548,-0.707106781186548,0.));
#2553=DIRECTION('ref_axis',(0.707106781186548,-0.707106781186548,0.));
#2554=DIRECTION('',(-0.707106781186547,0.707106781186547,0.));
#2555=DIRECTION('',(0.,0.,-1.));
#2556=DIRECTION('',(-0.707106781186547,0.707106781186547,0.));
#2557=DIRECTION('',(0.,0.,-1.));
#2558=DIRECTION('center_axis',(0.,-1.,0.));
#2559=DIRECTION('ref_axis',(0.,0.,-1.));
#2560=DIRECTION('',(-1.,0.,0.));
#2561=DIRECTION('',(0.,0.,-1.));
#2562=DIRECTION('',(-1.,0.,0.));
#2563=DIRECTION('center_axis',(0.707106781186548,-0.707106781186548,0.));
#2564=DIRECTION('ref_axis',(0.707106781186548,0.707106781186548,0.));
#2565=DIRECTION('',(-0.707106781186547,-0.707106781186547,0.));
#2566=DIRECTION('',(0.,0.,-1.));
#2567=DIRECTION('',(-0.707106781186547,-0.707106781186547,0.));
#2568=DIRECTION('center_axis',(1.,0.,0.));
#2569=DIRECTION('ref_axis',(0.,0.,-1.));
#2570=DIRECTION('',(0.,-1.,0.));
#2571=DIRECTION('',(0.,0.,-1.));
#2572=DIRECTION('',(0.,-1.,0.));
#2573=DIRECTION('center_axis',(0.707106781186548,0.707106781186547,0.));
#2574=DIRECTION('ref_axis',(-0.707106781186547,0.707106781186548,0.));
#2575=DIRECTION('',(0.707106781186547,-0.707106781186548,0.));
#2576=DIRECTION('',(0.,0.,-1.));
#2577=DIRECTION('',(0.707106781186547,-0.707106781186548,0.));
#2578=DIRECTION('center_axis',(-9.91270557701033E-17,1.,0.));
#2579=DIRECTION('ref_axis',(-1.,-9.91270557701033E-17,0.));
#2580=DIRECTION('',(1.,9.91270557701033E-17,0.));
#2581=DIRECTION('',(0.,0.,-1.));
#2582=DIRECTION('',(1.,9.91270557701033E-17,0.));
#2583=DIRECTION('center_axis',(-0.707106781186548,0.707106781186548,0.));
#2584=DIRECTION('ref_axis',(-0.707106781186548,-0.707106781186548,0.));
#2585=DIRECTION('',(0.707106781186547,0.707106781186547,0.));
#2586=DIRECTION('',(0.,0.,-1.));
#2587=DIRECTION('',(0.707106781186547,0.707106781186547,0.));
#2588=DIRECTION('center_axis',(-1.,0.,0.));
#2589=DIRECTION('ref_axis',(0.,0.,1.));
#2590=DIRECTION('',(0.,1.,0.));
#2591=DIRECTION('',(0.,1.,0.));
#2592=DIRECTION('center_axis',(0.,0.,1.));
#2593=DIRECTION('ref_axis',(1.,0.,0.));
#2594=DIRECTION('center_axis',(0.,0.,1.));
#2595=DIRECTION('ref_axis',(1.,9.91270557701033E-17,0.));
#2596=DIRECTION('center_axis',(0.,0.,1.));
#2597=DIRECTION('ref_axis',(1.,9.91270557701033E-17,0.));
#2598=DIRECTION('center_axis',(0.,0.,1.));
#2599=DIRECTION('ref_axis',(1.,9.91270557701033E-17,0.));
#2600=DIRECTION('center_axis',(0.,0.,1.));
#2601=DIRECTION('ref_axis',(1.,9.91270557701033E-17,0.));
#2602=DIRECTION('center_axis',(0.,0.,-1.));
#2603=DIRECTION('ref_axis',(1.,9.91270557701032E-17,0.));
#2604=DIRECTION('center_axis',(0.,0.,1.));
#2605=DIRECTION('ref_axis',(1.,0.,0.));
#2606=DIRECTION('center_axis',(0.,0.,1.));
#2607=DIRECTION('ref_axis',(1.,0.,0.));
#2608=DIRECTION('center_axis',(0.,0.,1.));
#2609=DIRECTION('ref_axis',(1.,0.,0.));
#2610=DIRECTION('center_axis',(0.,0.,1.));
#2611=DIRECTION('ref_axis',(1.,0.,0.));
#2612=DIRECTION('center_axis',(0.,0.,1.));
#2613=DIRECTION('ref_axis',(1.,0.,0.));
#2614=DIRECTION('center_axis',(0.,0.,1.));
#2615=DIRECTION('ref_axis',(1.,0.,0.));
#2616=DIRECTION('center_axis',(0.,0.,-1.));
#2617=DIRECTION('ref_axis',(-1.,0.,0.));
#2618=DIRECTION('',(0.,0.,1.));
#2619=DIRECTION('center_axis',(0.,0.,-1.));
#2620=DIRECTION('ref_axis',(1.,9.91270557701032E-17,0.));
#2621=DIRECTION('center_axis',(0.,0.,-1.));
#2622=DIRECTION('ref_axis',(-1.,0.,0.));
#2623=DIRECTION('center_axis',(0.,0.,-1.));
#2624=DIRECTION('ref_axis',(1.,0.,0.));
#2625=DIRECTION('center_axis',(0.,0.,1.));
#2626=DIRECTION('ref_axis',(1.,0.,0.));
#2627=DIRECTION('',(0.,0.,1.));
#2628=DIRECTION('center_axis',(0.,0.,1.));
#2629=DIRECTION('ref_axis',(1.,0.,0.));
#2630=DIRECTION('',(0.,0.,1.));
#2631=DIRECTION('center_axis',(0.,0.,1.));
#2632=DIRECTION('ref_axis',(1.,0.,0.));
#2633=DIRECTION('',(0.,0.,1.));
#2634=DIRECTION('center_axis',(0.,0.,1.));
#2635=DIRECTION('ref_axis',(1.,0.,0.));
#2636=DIRECTION('',(0.,0.,1.));
#2637=DIRECTION('center_axis',(0.,0.,1.));
#2638=DIRECTION('ref_axis',(1.,0.,0.));
#2639=DIRECTION('',(0.,0.,1.));
#2640=DIRECTION('axis',(0.,0.,1.));
#2641=DIRECTION('refdir',(1.,0.,0.));
#2642=DIRECTION('center_axis',(0.,0.,1.));
#2643=DIRECTION('ref_axis',(1.,0.,0.));
#2644=DIRECTION('',(0.,0.,1.));
#2645=DIRECTION('center_axis',(0.,0.,-1.));
#2646=DIRECTION('ref_axis',(-1.,0.,0.));
#2647=DIRECTION('',(0.,0.,-1.));
#2648=DIRECTION('center_axis',(0.,0.,-1.));
#2649=DIRECTION('ref_axis',(-1.,0.,0.));
#2650=DIRECTION('center_axis',(0.,0.,-1.));
#2651=DIRECTION('ref_axis',(-1.,0.,0.));
#2652=DIRECTION('',(0.,0.,1.));
#2653=DIRECTION('center_axis',(0.,0.,-1.));
#2654=DIRECTION('ref_axis',(1.,0.,0.));
#2655=DIRECTION('center_axis',(0.,0.,-1.));
#2656=DIRECTION('ref_axis',(-1.,0.,0.));
#2657=DIRECTION('center_axis',(0.,0.,-1.));
#2658=DIRECTION('ref_axis',(-1.,0.,0.));
#2659=DIRECTION('center_axis',(0.,0.,-1.));
#2660=DIRECTION('ref_axis',(-1.,0.,0.));
#2661=DIRECTION('',(-1.,0.,0.));
#2662=DIRECTION('center_axis',(0.,0.,-1.));
#2663=DIRECTION('ref_axis',(-1.,0.,0.));
#2664=DIRECTION('center_axis',(0.,1.,0.));
#2665=DIRECTION('ref_axis',(0.,0.,1.));
#2666=DIRECTION('',(-1.,0.,0.));
#2667=DIRECTION('center_axis',(0.,0.,-1.));
#2668=DIRECTION('ref_axis',(-1.,0.,0.));
#2669=DIRECTION('center_axis',(0.,0.,-1.));
#2670=DIRECTION('ref_axis',(-3.3690166589284E-15,-1.,0.));
#2671=DIRECTION('center_axis',(0.,0.,1.));
#2672=DIRECTION('ref_axis',(1.,0.,0.));
#2673=DIRECTION('',(0.707106781186545,8.6595605623549E-17,-0.70710678118655));
#2674=DIRECTION('',(0.,0.,1.));
#2675=DIRECTION('',(1.,0.,0.));
#2676=DIRECTION('',(5.55111512312578E-17,1.,-8.8232240178523E-17));
#2677=DIRECTION('',(-1.,5.55111512312578E-17,2.22778936956452E-16));
#2678=DIRECTION('',(7.12936328607471E-17,1.17767419673696E-17,1.));
#2679=DIRECTION('',(-1.,2.22593182120733E-33,7.12936328607471E-17));
#2680=DIRECTION('',(1.98319809720063E-16,-1.69276637813573E-16,1.));
#2681=DIRECTION('',(0.411774174993992,-0.911285920448691,-2.35922392732846E-16));
#2682=DIRECTION('',(0.,0.,1.));
#2683=DIRECTION('',(1.,0.,0.));
#2684=DIRECTION('',(-3.42113882891801E-49,-1.17767419673696E-17,1.));
#2685=DIRECTION('',(1.,1.11022302462516E-16,1.30748100872431E-33));
#2686=CARTESIAN_POINT('',(0.,0.,0.));
#2687=CARTESIAN_POINT('',(0.,0.,0.));
#2688=CARTESIAN_POINT('Origin',(0.03125,0.0752499999999999,0.035));
#2689=CARTESIAN_POINT('',(0.0374875,0.0752499999999999,0.035));
#2690=CARTESIAN_POINT('Origin',(0.03125,0.0752499999999999,0.035));
#2691=CARTESIAN_POINT('',(0.0374875,0.0752499999999999,0.025));
#2692=CARTESIAN_POINT('',(0.0374875,0.0752499999999999,0.035));
#2693=CARTESIAN_POINT('Origin',(0.03125,0.0752499999999999,0.025));
#2694=CARTESIAN_POINT('Origin',(-0.11925,-0.07525,0.035));
#2695=CARTESIAN_POINT('',(-0.1130125,-0.07525,0.035));
#2696=CARTESIAN_POINT('Origin',(-0.11925,-0.07525,0.035));
#2697=CARTESIAN_POINT('',(-0.1130125,-0.07525,0.025));
#2698=CARTESIAN_POINT('',(-0.1130125,-0.07525,0.035));
#2699=CARTESIAN_POINT('Origin',(-0.11925,-0.07525,0.025));
#2700=CARTESIAN_POINT('Origin',(-0.11925,0.0752499999999999,0.035));
#2701=CARTESIAN_POINT('',(-0.1130125,0.0752499999999999,0.035));
#2702=CARTESIAN_POINT('Origin',(-0.11925,0.0752499999999999,0.035));
#2703=CARTESIAN_POINT('',(-0.1130125,0.0752499999999999,0.025));
#2704=CARTESIAN_POINT('',(-0.1130125,0.0752499999999999,0.035));
#2705=CARTESIAN_POINT('Origin',(-0.11925,0.0752499999999999,0.025));
#2706=CARTESIAN_POINT('Origin',(0.0312499999999999,-0.07525,0.035));
#2707=CARTESIAN_POINT('',(0.0374874999999998,-0.07525,0.035));
#2708=CARTESIAN_POINT('Origin',(0.0312499999999999,-0.07525,0.035));
#2709=CARTESIAN_POINT('',(0.0374874999999998,-0.07525,0.025));
#2710=CARTESIAN_POINT('',(0.0374874999999998,-0.07525,0.035));
#2711=CARTESIAN_POINT('Origin',(0.0312499999999999,-0.07525,0.025));
#2712=CARTESIAN_POINT('Origin',(-0.044,-5.38844591624836E-18,0.035));
#2713=CARTESIAN_POINT('',(0.011,1.34711147906209E-18,0.035));
#2714=CARTESIAN_POINT('Origin',(-0.044,-5.38844591624836E-18,0.035));
#2715=CARTESIAN_POINT('',(0.011,1.34711147906209E-18,0.025));
#2716=CARTESIAN_POINT('',(0.011,-1.21240033115588E-17,0.035));
#2717=CARTESIAN_POINT('Origin',(-0.044,-5.38844591624836E-18,0.025));
#2718=CARTESIAN_POINT('Origin',(0.091,0.1,0.025));
#2719=CARTESIAN_POINT('',(0.081,0.1,-0.225));
#2720=CARTESIAN_POINT('',(0.081,0.1,0.025));
#2721=CARTESIAN_POINT('',(0.081,0.1,-0.1));
#2722=CARTESIAN_POINT('',(0.091,0.1,-0.225));
#2723=CARTESIAN_POINT('',(0.091,0.1,-0.225));
#2724=CARTESIAN_POINT('',(0.091,0.1,0.025));
#2725=CARTESIAN_POINT('',(0.091,0.1,0.03));
#2726=CARTESIAN_POINT('',(0.091,0.1,0.025));
#2727=CARTESIAN_POINT('Origin',(0.091,0.1,0.025));
#2728=CARTESIAN_POINT('',(-0.169,0.1,0.025));
#2729=CARTESIAN_POINT('',(-0.169,0.1,-0.225));
#2730=CARTESIAN_POINT('',(-0.169,0.1,0.025));
#2731=CARTESIAN_POINT('',(-0.179,0.1,0.025));
#2732=CARTESIAN_POINT('',(0.091,0.1,0.025));
#2733=CARTESIAN_POINT('',(-0.179,0.1,-0.225));
#2734=CARTESIAN_POINT('',(-0.179,0.1,-0.105));
#2735=CARTESIAN_POINT('',(0.091,0.1,-0.225));
#2736=CARTESIAN_POINT('Origin',(0.091,-0.1,-0.225));
#2737=CARTESIAN_POINT('',(0.081,-0.1,0.025));
#2738=CARTESIAN_POINT('',(0.081,-0.1,-0.225));
#2739=CARTESIAN_POINT('',(0.081,-0.1,-0.225));
#2740=CARTESIAN_POINT('',(0.091,-0.1,0.025));
#2741=CARTESIAN_POINT('',(0.091,-0.1,0.025));
#2742=CARTESIAN_POINT('',(0.091,-0.1,-0.225));
#2743=CARTESIAN_POINT('',(0.091,-0.1,-0.095));
#2744=CARTESIAN_POINT('',(0.091,-0.1,-0.225));
#2745=CARTESIAN_POINT('Origin',(0.091,-0.1,-0.225));
#2746=CARTESIAN_POINT('',(-0.169,-0.1,-0.225));
#2747=CARTESIAN_POINT('',(-0.169,-0.1,0.025));
#2748=CARTESIAN_POINT('',(-0.169,-0.1,-0.1));
#2749=CARTESIAN_POINT('',(-0.179,-0.1,-0.225));
#2750=CARTESIAN_POINT('',(0.091,-0.1,-0.225));
#2751=CARTESIAN_POINT('',(-0.179,-0.1,0.025));
#2752=CARTESIAN_POINT('',(-0.179,-0.1,-0.23));
#2753=CARTESIAN_POINT('',(0.091,-0.1,0.025));
#2754=CARTESIAN_POINT('Origin',(-0.169,-5.38844591624836E-18,0.025));
#2755=CARTESIAN_POINT('',(-0.169,-0.125,0.025));
#2756=CARTESIAN_POINT('',(-0.169,-5.38844591624836E-18,0.025));
#2757=CARTESIAN_POINT('',(-0.169,-0.125,-0.225));
#2758=CARTESIAN_POINT('',(-0.169,-0.125,-0.225));
#2759=CARTESIAN_POINT('',(-0.169,-5.38844591624836E-18,-0.225));
#2760=CARTESIAN_POINT('Origin',(-0.169,-5.38844591624836E-18,0.025));
#2761=CARTESIAN_POINT('',(-0.169,0.125,-0.225));
#2762=CARTESIAN_POINT('',(-0.169,-5.38844591624836E-18,-0.225));
#2763=CARTESIAN_POINT('',(-0.169,0.125,0.025));
#2764=CARTESIAN_POINT('',(-0.169,0.125,-0.225));
#2765=CARTESIAN_POINT('',(-0.169,-5.38844591624836E-18,0.025));
#2766=CARTESIAN_POINT('Origin',(0.081,-5.38844591624836E-18,-0.225));
#2767=CARTESIAN_POINT('',(0.081,-0.125,-0.225));
#2768=CARTESIAN_POINT('',(0.081,-5.38844591624836E-18,-0.225));
#2769=CARTESIAN_POINT('',(0.081,-0.125,0.025));
#2770=CARTESIAN_POINT('',(0.081,-0.125,0.025));
#2771=CARTESIAN_POINT('',(0.081,-5.38844591624836E-18,0.025));
#2772=CARTESIAN_POINT('Origin',(-0.044,-0.125,-0.1));
#2773=CARTESIAN_POINT('',(0.091,-0.125,-0.235));
#2774=CARTESIAN_POINT('',(0.091,-0.125,0.0350000000000001));
#2775=CARTESIAN_POINT('',(0.091,-0.125,0.035));
#2776=CARTESIAN_POINT('',(-0.179,-0.125,0.0350000000000001));
#2777=CARTESIAN_POINT('',(-0.179,-0.125,0.035));
#2778=CARTESIAN_POINT('',(-0.179,-0.125,-0.235));
#2779=CARTESIAN_POINT('',(-0.179,-0.125,-0.235));
#2780=CARTESIAN_POINT('',(0.091,-0.125,-0.235));
#2781=CARTESIAN_POINT('',(0.081,-0.125,-0.225));
#2782=CARTESIAN_POINT('',(-0.169,-0.125,0.025));
#2783=CARTESIAN_POINT('Origin',(-0.169,-5.38844591624836E-18,-0.225));
#2784=CARTESIAN_POINT('',(0.081,0.125,-0.225));
#2785=CARTESIAN_POINT('',(0.081,-5.38844591624836E-18,-0.225));
#2786=CARTESIAN_POINT('',(0.081,0.125,-0.225));
#2787=CARTESIAN_POINT('',(-0.179,0.05,-0.225));
#2788=CARTESIAN_POINT('',(0.091,0.05,-0.225));
#2789=CARTESIAN_POINT('Origin',(0.081,-5.38844591624836E-18,0.025));
#2790=CARTESIAN_POINT('',(0.081,0.125,0.025));
#2791=CARTESIAN_POINT('',(-0.169,0.125,0.025));
#2792=CARTESIAN_POINT('',(0.081,-5.38844591624836E-18,0.025));
#2793=CARTESIAN_POINT('',(0.091,-0.05,0.025));
#2794=CARTESIAN_POINT('',(-0.179,-0.05,0.025));
#2795=CARTESIAN_POINT('Origin',(0.081,-5.38844591624836E-18,-0.225));
#2796=CARTESIAN_POINT('',(0.081,0.125,0.025));
#2797=CARTESIAN_POINT('Origin',(-0.179,-5.38844591624836E-18,0.035));
#2798=CARTESIAN_POINT('',(0.091,0.125,0.0350000000000001));
#2799=CARTESIAN_POINT('',(0.091,-5.38844591624836E-18,0.035));
#2800=CARTESIAN_POINT('',(-0.179,0.125,0.0350000000000001));
#2801=CARTESIAN_POINT('',(-0.179,0.125,0.035));
#2802=CARTESIAN_POINT('',(-0.179,-5.38844591624836E-18,0.035));
#2803=CARTESIAN_POINT('Origin',(-0.179,-5.38844591624836E-18,-0.235));
#2804=CARTESIAN_POINT('',(-0.179,0.125,-0.235));
#2805=CARTESIAN_POINT('',(-0.179,0.125,-0.235));
#2806=CARTESIAN_POINT('',(-0.179,-5.38844591624836E-18,-0.235));
#2807=CARTESIAN_POINT('Origin',(0.091,-5.38844591624836E-18,-0.235));
#2808=CARTESIAN_POINT('',(0.091,0.125,-0.235));
#2809=CARTESIAN_POINT('',(0.091,0.125,-0.235));
#2810=CARTESIAN_POINT('',(0.091,-5.38844591624836E-18,-0.235));
#2811=CARTESIAN_POINT('Origin',(0.091,-5.38844591624836E-18,0.035));
#2812=CARTESIAN_POINT('',(0.091,0.125,0.035));
#2813=CARTESIAN_POINT('Origin',(-0.044,0.125,-0.1));
#2814=CARTESIAN_POINT('',(0.,0.,0.));
#2815=CARTESIAN_POINT('',(0.,0.,0.));
#2816=CARTESIAN_POINT('Origin',(-0.114760932413553,-0.10282647787726,-0.0357));
#2817=CARTESIAN_POINT('',(-0.077689864601688,-0.10282647787726,-0.0357));
#2818=CARTESIAN_POINT('',(0.058167999774581,-0.10282647787726,-0.0357));
#2819=CARTESIAN_POINT('',(-0.114760932413553,-0.10282647787726,-0.0357));
#2820=CARTESIAN_POINT('',(-0.077689864601688,-0.10282647787726,-0.1492));
#2821=CARTESIAN_POINT('',(-0.077689864601688,-0.10282647787726,-0.1492));
#2822=CARTESIAN_POINT('',(0.058167999774581,-0.10282647787726,-0.1492));
#2823=CARTESIAN_POINT('',(-0.114760932413553,-0.10282647787726,-0.1492));
#2824=CARTESIAN_POINT('',(0.058167999774581,-0.10282647787726,-0.0357));
#2825=CARTESIAN_POINT('Origin',(0.0952390675864465,-0.10282647787726,-0.0357));
#2826=CARTESIAN_POINT('',(0.0952390675864465,-0.0657554100653943,-0.1492));
#2827=CARTESIAN_POINT('',(0.0952390675864465,0.0701024543108747,-0.1492));
#2828=CARTESIAN_POINT('',(0.0952390675864465,-0.10282647787726,-0.1492));
#2829=CARTESIAN_POINT('',(0.0952390675864465,0.0701024543108747,-0.0357));
#2830=CARTESIAN_POINT('',(0.0952390675864465,0.0701024543108747,-0.0357));
#2831=CARTESIAN_POINT('',(0.0952390675864465,-0.0657554100653943,-0.0357));
#2832=CARTESIAN_POINT('',(0.0952390675864465,-0.10282647787726,-0.0357));
#2833=CARTESIAN_POINT('',(0.0952390675864465,-0.0657554100653943,-0.1492));
#2834=CARTESIAN_POINT('Origin',(0.0952390675864465,0.10717352212274,-0.0357));
#2835=CARTESIAN_POINT('',(0.058167999774581,0.10717352212274,-0.0357));
#2836=CARTESIAN_POINT('',(-0.077689864601688,0.10717352212274,-0.0357));
#2837=CARTESIAN_POINT('',(0.0952390675864465,0.10717352212274,-0.0357));
#2838=CARTESIAN_POINT('',(0.058167999774581,0.10717352212274,-0.1492));
#2839=CARTESIAN_POINT('',(0.058167999774581,0.10717352212274,-0.1492));
#2840=CARTESIAN_POINT('',(-0.077689864601688,0.10717352212274,-0.1492));
#2841=CARTESIAN_POINT('',(0.0952390675864465,0.10717352212274,-0.1492));
#2842=CARTESIAN_POINT('',(-0.077689864601688,0.10717352212274,-0.0357));
#2843=CARTESIAN_POINT('Origin',(-0.114760932413553,0.10717352212274,-0.0357));
#2844=CARTESIAN_POINT('',(-0.114760932413553,0.0701024543108747,-0.0357));
#2845=CARTESIAN_POINT('',(-0.114760932413553,-0.0657554100653943,-0.0357));
#2846=CARTESIAN_POINT('',(-0.114760932413553,0.10717352212274,-0.0357));
#2847=CARTESIAN_POINT('',(-0.114760932413553,0.0701024543108747,-0.1492));
#2848=CARTESIAN_POINT('',(-0.114760932413553,0.0701024543108747,-0.1492));
#2849=CARTESIAN_POINT('',(-0.114760932413553,-0.0657554100653943,-0.1492));
#2850=CARTESIAN_POINT('',(-0.114760932413553,0.10717352212274,-0.1492));
#2851=CARTESIAN_POINT('',(-0.114760932413553,-0.0657554100653943,-0.0357));
#2852=CARTESIAN_POINT('Origin',(-0.00976093241355349,0.0021735221227402,
-0.0357));
#2853=CARTESIAN_POINT('',(0.0937746014923795,0.0736379882168077,-0.0357));
#2854=CARTESIAN_POINT('',(0.061703533680514,0.105709056028673,-0.0357));
#2855=CARTESIAN_POINT('',(0.0777390675864465,0.0896735221227402,-0.0357));
#2856=CARTESIAN_POINT('Origin',(0.058167999774581,0.10217352212274,-0.0357));
#2857=CARTESIAN_POINT('',(-0.081225398507621,0.105709056028673,-0.0357));
#2858=CARTESIAN_POINT('Origin',(-0.077689864601688,0.10217352212274,-0.0357));
#2859=CARTESIAN_POINT('',(-0.113296466319486,0.0736379882168077,-0.0357));
#2860=CARTESIAN_POINT('',(-0.0972609324135535,0.0896735221227402,-0.0357));
#2861=CARTESIAN_POINT('Origin',(-0.109760932413553,0.0701024543108747,-0.0357));
#2862=CARTESIAN_POINT('',(-0.113296466319486,-0.0692909439713273,-0.0357));
#2863=CARTESIAN_POINT('Origin',(-0.109760932413553,-0.0657554100653943,
-0.0357));
#2864=CARTESIAN_POINT('',(-0.081225398507621,-0.101362011783192,-0.0357));
#2865=CARTESIAN_POINT('',(-0.0972609324135535,-0.0853264778772598,-0.0357));
#2866=CARTESIAN_POINT('Origin',(-0.077689864601688,-0.0978264778772598,
-0.0357));
#2867=CARTESIAN_POINT('',(0.061703533680514,-0.101362011783193,-0.0357));
#2868=CARTESIAN_POINT('Origin',(0.058167999774581,-0.0978264778772598,-0.0357));
#2869=CARTESIAN_POINT('',(0.093774601492379,-0.0692909439713273,-0.0357));
#2870=CARTESIAN_POINT('',(0.0777390675864465,-0.0853264778772598,-0.0357));
#2871=CARTESIAN_POINT('Origin',(0.0902390675864465,-0.0657554100653943,
-0.0357));
#2872=CARTESIAN_POINT('Origin',(0.0902390675864465,0.0701024543108747,-0.0357));
#2873=CARTESIAN_POINT('',(-0.0222609324135535,0.0021735221227402,-0.0357));
#2874=CARTESIAN_POINT('Origin',(-0.00976093241355349,0.0021735221227402,
-0.0357));
#2875=CARTESIAN_POINT('',(0.0615915675864465,0.0796735221227402,-0.0357));
#2876=CARTESIAN_POINT('Origin',(0.0677390675864465,0.0796735221227402,-0.0357));
#2877=CARTESIAN_POINT('',(-0.0934084324135535,0.0796735221227402,-0.0357));
#2878=CARTESIAN_POINT('Origin',(-0.0872609324135535,0.0796735221227402,
-0.0357));
#2879=CARTESIAN_POINT('',(-0.0934084324135535,-0.0753264778772598,-0.0357));
#2880=CARTESIAN_POINT('Origin',(-0.0872609324135535,-0.0753264778772598,
-0.0357));
#2881=CARTESIAN_POINT('',(0.0615915675864465,-0.0753264778772598,-0.0357));
#2882=CARTESIAN_POINT('Origin',(0.0677390675864465,-0.0753264778772598,
-0.0357));
#2883=CARTESIAN_POINT('Origin',(-0.00976093241355349,0.0021735221227402,
-0.1492));
#2884=CARTESIAN_POINT('',(0.061703533680514,0.105709056028673,-0.1492));
#2885=CARTESIAN_POINT('Origin',(0.058167999774581,0.10217352212274,-0.1492));
#2886=CARTESIAN_POINT('',(0.0937746014923795,0.0736379882168077,-0.1492));
#2887=CARTESIAN_POINT('',(0.0602390675864465,0.10717352212274,-0.1492));
#2888=CARTESIAN_POINT('Origin',(0.0902390675864465,0.0701024543108747,-0.1492));
#2889=CARTESIAN_POINT('',(0.093774601492379,-0.0692909439713273,-0.1492));
#2890=CARTESIAN_POINT('Origin',(0.0902390675864465,-0.0657554100653943,
-0.1492));
#2891=CARTESIAN_POINT('',(0.061703533680514,-0.101362011783193,-0.1492));
#2892=CARTESIAN_POINT('',(0.0952390675864465,-0.0678264778772598,-0.1492));
#2893=CARTESIAN_POINT('Origin',(0.058167999774581,-0.0978264778772598,-0.1492));
#2894=CARTESIAN_POINT('',(-0.081225398507621,-0.101362011783192,-0.1492));
#2895=CARTESIAN_POINT('Origin',(-0.077689864601688,-0.0978264778772598,
-0.1492));
#2896=CARTESIAN_POINT('',(-0.113296466319486,-0.0692909439713273,-0.1492));
#2897=CARTESIAN_POINT('',(-0.0797609324135535,-0.10282647787726,-0.1492));
#2898=CARTESIAN_POINT('Origin',(-0.109760932413553,-0.0657554100653943,
-0.1492));
#2899=CARTESIAN_POINT('',(-0.113296466319486,0.0736379882168077,-0.1492));
#2900=CARTESIAN_POINT('Origin',(-0.109760932413553,0.0701024543108747,-0.1492));
#2901=CARTESIAN_POINT('',(-0.081225398507621,0.105709056028673,-0.1492));
#2902=CARTESIAN_POINT('',(-0.114760932413553,0.0721735221227402,-0.1492));
#2903=CARTESIAN_POINT('Origin',(-0.077689864601688,0.10217352212274,-0.1492));
#2904=CARTESIAN_POINT('',(-0.0222609324135535,0.0021735221227402,-0.1492));
#2905=CARTESIAN_POINT('Origin',(-0.00976093241355349,0.0021735221227402,
-0.1492));
#2906=CARTESIAN_POINT('',(0.0615915675864465,0.0796735221227402,-0.1492));
#2907=CARTESIAN_POINT('Origin',(0.0677390675864465,0.0796735221227402,-0.1492));
#2908=CARTESIAN_POINT('',(-0.0934084324135535,0.0796735221227402,-0.1492));
#2909=CARTESIAN_POINT('Origin',(-0.0872609324135535,0.0796735221227402,
-0.1492));
#2910=CARTESIAN_POINT('',(-0.0934084324135535,-0.0753264778772598,-0.1492));
#2911=CARTESIAN_POINT('Origin',(-0.0872609324135535,-0.0753264778772598,
-0.1492));
#2912=CARTESIAN_POINT('',(0.0615915675864465,-0.0753264778772598,-0.1492));
#2913=CARTESIAN_POINT('Origin',(0.0677390675864465,-0.0753264778772598,
-0.1492));
#2914=CARTESIAN_POINT('Origin',(-0.114760932413553,0.0721735221227402,-0.0357));
#2915=CARTESIAN_POINT('',(-0.081225398507621,0.105709056028673,-0.1492));
#2916=CARTESIAN_POINT('',(-0.113296466319486,0.0736379882168077,-0.0357));
#2917=CARTESIAN_POINT('Origin',(0.0602390675864465,0.10717352212274,-0.0357));
#2918=CARTESIAN_POINT('',(0.061703533680514,0.105709056028673,-0.0357));
#2919=CARTESIAN_POINT('',(0.0937746014923795,0.0736379882168077,-0.1492));
#2920=CARTESIAN_POINT('Origin',(0.0952390675864465,-0.0678264778772598,
-0.0357));
#2921=CARTESIAN_POINT('',(0.093774601492379,-0.0692909439713273,-0.0357));
#2922=CARTESIAN_POINT('',(0.061703533680514,-0.101362011783193,-0.1492));
#2923=CARTESIAN_POINT('Origin',(-0.0797609324135535,-0.10282647787726,-0.0357));
#2924=CARTESIAN_POINT('',(-0.113296466319486,-0.0692909439713273,-0.1492));
#2925=CARTESIAN_POINT('',(-0.081225398507621,-0.101362011783192,-0.0357));
#2926=CARTESIAN_POINT('Origin',(0.0677390675864465,-0.0753264778772598,
-0.353634348569009));
#2927=CARTESIAN_POINT('',(0.0615915675864465,-0.0753264778772598,-0.353634348569009));
#2928=CARTESIAN_POINT('Origin',(-0.0872609324135535,-0.0753264778772598,
-0.353634348569009));
#2929=CARTESIAN_POINT('',(-0.0934084324135535,-0.0753264778772598,-0.353634348569009));
#2930=CARTESIAN_POINT('Origin',(-0.0872609324135535,0.0796735221227402,
-0.353634348569009));
#2931=CARTESIAN_POINT('',(-0.0934084324135535,0.0796735221227402,-0.353634348569009));
#2932=CARTESIAN_POINT('Origin',(0.0677390675864465,0.0796735221227402,-0.353634348569009));
#2933=CARTESIAN_POINT('',(0.0615915675864465,0.0796735221227402,-0.353634348569009));
#2934=CARTESIAN_POINT('Origin',(-0.00976093241355349,0.0021735221227402,
-0.302127026601125));
#2935=CARTESIAN_POINT('',(-0.0222609324135535,0.0021735221227402,-0.302127026601125));
#2936=CARTESIAN_POINT('Origin',(0.058167999774581,0.10217352212274,-0.0357));
#2937=CARTESIAN_POINT('Origin',(-0.077689864601688,0.10217352212274,-0.0357));
#2938=CARTESIAN_POINT('Origin',(-0.109760932413553,0.0701024543108747,-0.0357));
#2939=CARTESIAN_POINT('Origin',(-0.109760932413553,-0.0657554100653943,
-0.0357));
#2940=CARTESIAN_POINT('Origin',(-0.077689864601688,-0.0978264778772598,
-0.0357));
#2941=CARTESIAN_POINT('Origin',(0.0902390675864465,0.0701024543108747,-0.0357));
#2942=CARTESIAN_POINT('Origin',(0.0902390675864465,-0.0657554100653943,
-0.0357));
#2943=CARTESIAN_POINT('Origin',(0.058167999774581,-0.0978264778772598,-0.0357));
#2944=CARTESIAN_POINT('',(0.,0.,0.));
#2945=CARTESIAN_POINT('Origin',(0.114760932413553,-0.1967,-0.10282647787726));
#2946=CARTESIAN_POINT('',(0.114760932413553,-0.1832,0.0346735221227402));
#2947=CARTESIAN_POINT('',(0.114760932413553,-0.1967,0.0346735221227402));
#2948=CARTESIAN_POINT('',(0.114760932413553,-0.1832,0.0346735221227402));
#2949=CARTESIAN_POINT('',(0.114760932413553,-0.1832,-0.0303264778772598));
#2950=CARTESIAN_POINT('',(0.114760932413553,-0.1832,-0.0303264778772598));
#2951=CARTESIAN_POINT('',(0.114760932413553,-0.1967,-0.0303264778772598));
#2952=CARTESIAN_POINT('',(0.114760932413553,-0.1832,-0.0303264778772598));
#2953=CARTESIAN_POINT('',(0.114760932413553,-0.1967,-0.0853264778772598));
#2954=CARTESIAN_POINT('',(0.114760932413553,-0.1967,-0.10282647787726));
#2955=CARTESIAN_POINT('',(0.114760932413553,-0.1492,-0.0853264778772598));
#2956=CARTESIAN_POINT('',(0.114760932413553,-0.1967,-0.0853264778772598));
#2957=CARTESIAN_POINT('',(0.114760932413553,-0.1492,0.0896735221227402));
#2958=CARTESIAN_POINT('',(0.114760932413553,-0.1492,-0.10282647787726));
#2959=CARTESIAN_POINT('',(0.114760932413553,-0.1967,0.0896735221227402));
#2960=CARTESIAN_POINT('',(0.114760932413553,-0.1967,0.0896735221227402));
#2961=CARTESIAN_POINT('',(0.114760932413553,-0.1967,-0.10282647787726));
#2962=CARTESIAN_POINT('Origin',(0.114760932413553,-0.1967,0.10717352212274));
#2963=CARTESIAN_POINT('',(0.0972609324135534,-0.1492,0.10717352212274));
#2964=CARTESIAN_POINT('',(-0.0777390675864466,-0.1492,0.10717352212274));
#2965=CARTESIAN_POINT('',(0.114760932413553,-0.1492,0.10717352212274));
#2966=CARTESIAN_POINT('',(-0.0777390675864466,-0.1967,0.10717352212274));
#2967=CARTESIAN_POINT('',(-0.0777390675864466,-0.1967,0.10717352212274));
#2968=CARTESIAN_POINT('',(0.0972609324135534,-0.1967,0.10717352212274));
#2969=CARTESIAN_POINT('',(0.114760932413553,-0.1967,0.10717352212274));
#2970=CARTESIAN_POINT('',(0.0972609324135534,-0.1967,0.10717352212274));
#2971=CARTESIAN_POINT('Origin',(-0.0952390675864466,-0.1967,0.10717352212274));
#2972=CARTESIAN_POINT('',(-0.0952390675864466,-0.1492,0.0896735221227402));
#2973=CARTESIAN_POINT('',(-0.0952390675864466,-0.1492,-0.0853264778772598));
#2974=CARTESIAN_POINT('',(-0.0952390675864466,-0.1492,0.10717352212274));
#2975=CARTESIAN_POINT('',(-0.0952390675864466,-0.1967,-0.0853264778772598));
#2976=CARTESIAN_POINT('',(-0.0952390675864466,-0.1967,-0.0853264778772598));
#2977=CARTESIAN_POINT('',(-0.0952390675864466,-0.1967,0.0896735221227402));
#2978=CARTESIAN_POINT('',(-0.0952390675864466,-0.1967,0.10717352212274));
#2979=CARTESIAN_POINT('',(-0.0952390675864466,-0.1967,0.0896735221227402));
#2980=CARTESIAN_POINT('Origin',(-0.0952390675864466,-0.1967,-0.10282647787726));
#2981=CARTESIAN_POINT('',(-0.0777390675864466,-0.1492,-0.10282647787726));
#2982=CARTESIAN_POINT('',(0.0972609324135534,-0.1492,-0.10282647787726));
#2983=CARTESIAN_POINT('',(-0.0952390675864466,-0.1492,-0.10282647787726));
#2984=CARTESIAN_POINT('',(0.0972609324135534,-0.1967,-0.10282647787726));
#2985=CARTESIAN_POINT('',(0.0972609324135534,-0.1967,-0.10282647787726));
#2986=CARTESIAN_POINT('',(-0.0777390675864466,-0.1967,-0.10282647787726));
#2987=CARTESIAN_POINT('',(-0.0952390675864466,-0.1967,-0.10282647787726));
#2988=CARTESIAN_POINT('',(-0.0777390675864466,-0.1967,-0.10282647787726));
#2989=CARTESIAN_POINT('Origin',(0.00976093241355346,-0.1967,0.00217352212274021));
#2990=CARTESIAN_POINT('',(0.106010932413553,-0.1967,-0.0940764778772598));
#2991=CARTESIAN_POINT('',(0.134760932413553,-0.1967,-0.0303264778772598));
#2992=CARTESIAN_POINT('',(0.134760932413553,-0.1967,-0.0303264778772598));
#2993=CARTESIAN_POINT('',(0.134760932413553,-0.1967,0.0346735221227402));
#2994=CARTESIAN_POINT('',(0.134760932413553,-0.1967,-0.0303264778772598));
#2995=CARTESIAN_POINT('',(0.134760932413553,-0.1967,0.0346735221227402));
#2996=CARTESIAN_POINT('',(0.106010932413553,-0.1967,0.0984235221227402));
#2997=CARTESIAN_POINT('',(-0.0864890675864465,-0.1967,0.0984235221227402));
#2998=CARTESIAN_POINT('',(-0.0864890675864465,-0.1967,-0.0940764778772598));
#2999=CARTESIAN_POINT('',(0.0872609324135535,-0.1967,-0.0578264778772598));
#3000=CARTESIAN_POINT('Origin',(0.0872609324135535,-0.1967,-0.0753264778772598));
#3001=CARTESIAN_POINT('',(-0.0677390675864465,-0.1967,-0.0578264778772598));
#3002=CARTESIAN_POINT('Origin',(-0.0677390675864465,-0.1967,-0.0753264778772598));
#3003=CARTESIAN_POINT('',(-0.0677390675864465,-0.1967,0.0971735221227402));
#3004=CARTESIAN_POINT('Origin',(-0.0677390675864465,-0.1967,0.0796735221227402));
#3005=CARTESIAN_POINT('',(0.0872609324135535,-0.1967,0.0971735221227402));
#3006=CARTESIAN_POINT('Origin',(0.0872609324135535,-0.1967,0.0796735221227402));
#3007=CARTESIAN_POINT('',(0.00976093241355345,-0.1967,0.0271735221227402));
#3008=CARTESIAN_POINT('Origin',(0.00976093241355346,-0.1967,0.00217352212274022));
#3009=CARTESIAN_POINT('Origin',(0.00976093241355346,-0.1492,0.00217352212274021));
#3010=CARTESIAN_POINT('',(0.114760932413553,-0.1492,-0.0853264778772598));
#3011=CARTESIAN_POINT('',(-0.0777390675864466,-0.1492,-0.10282647787726));
#3012=CARTESIAN_POINT('',(-0.0952390675864466,-0.1492,0.0896735221227402));
#3013=CARTESIAN_POINT('',(0.0972609324135534,-0.1492,0.10717352212274));
#3014=CARTESIAN_POINT('',(0.0872609324135535,-0.1492,-0.0673264778772598));
#3015=CARTESIAN_POINT('Origin',(0.0872609324135535,-0.1492,-0.0753264778772598));
#3016=CARTESIAN_POINT('',(-0.0677390675864465,-0.1492,-0.0673264778772598));
#3017=CARTESIAN_POINT('Origin',(-0.0677390675864465,-0.1492,-0.0753264778772598));
#3018=CARTESIAN_POINT('',(-0.0677390675864465,-0.1492,0.0876735221227402));
#3019=CARTESIAN_POINT('Origin',(-0.0677390675864465,-0.1492,0.0796735221227402));
#3020=CARTESIAN_POINT('',(0.0872609324135535,-0.1492,0.0876735221227402));
#3021=CARTESIAN_POINT('Origin',(0.0872609324135535,-0.1492,0.0796735221227402));
#3022=CARTESIAN_POINT('',(0.00976093241355345,-0.1492,0.0271735221227402));
#3023=CARTESIAN_POINT('Origin',(0.00976093241355346,-0.1492,0.00217352212274022));
#3024=CARTESIAN_POINT('Origin',(0.114760932413553,-0.1967,-0.0853264778772598));
#3025=CARTESIAN_POINT('Origin',(-0.0777390675864466,-0.1967,-0.10282647787726));
#3026=CARTESIAN_POINT('Origin',(-0.0952390675864466,-0.1967,0.0896735221227402));
#3027=CARTESIAN_POINT('Origin',(0.0972609324135534,-0.1967,0.10717352212274));
#3028=CARTESIAN_POINT('Origin',(0.00976093241355346,0.250059018181447,0.00217352212274022));
#3029=CARTESIAN_POINT('',(0.00976093241355345,0.250059018181447,0.0271735221227402));
#3030=CARTESIAN_POINT('Origin',(0.134760932413553,-0.1832,-0.0303264778772598));
#3031=CARTESIAN_POINT('',(0.134760932413553,-0.1832,-0.0303264778772598));
#3032=CARTESIAN_POINT('',(0.134760932413553,-0.1832,-0.0303264778772598));
#3033=CARTESIAN_POINT('',(0.134760932413553,-0.1832,-0.0303264778772598));
#3034=CARTESIAN_POINT('Origin',(0.134760932413553,-0.1832,0.0346735221227402));
#3035=CARTESIAN_POINT('',(0.134760932413553,-0.1832,0.0346735221227402));
#3036=CARTESIAN_POINT('',(0.134760932413553,-0.1832,0.0346735221227402));
#3037=CARTESIAN_POINT('',(0.134760932413553,-0.1832,0.0346735221227402));
#3038=CARTESIAN_POINT('Origin',(0.134760932413553,-0.1832,-0.0303264778772598));
#3039=CARTESIAN_POINT('',(0.134760932413553,-0.1832,-0.0303264778772598));
#3040=CARTESIAN_POINT('Origin',(0.00976093241355346,-0.1832,0.00217352212274021));
#3041=CARTESIAN_POINT('Origin',(0.0872609324135535,0.132849599269703,0.0796735221227402));
#3042=CARTESIAN_POINT('',(0.0872609324135535,-0.1822,0.0876735221227402));
#3043=CARTESIAN_POINT('',(0.0872609324135535,0.132849599269703,0.0876735221227402));
#3044=CARTESIAN_POINT('Origin',(0.0872609324135535,-0.1822,0.0796735221227402));
#3045=CARTESIAN_POINT('Origin',(0.0872609324135535,-0.1822,0.0796735221227402));
#3046=CARTESIAN_POINT('',(0.0872609324135535,-0.1822,0.0971735221227402));
#3047=CARTESIAN_POINT('Origin',(0.0872609324135535,-0.1822,0.0796735221227402));
#3048=CARTESIAN_POINT('Origin',(0.0872609324135535,-0.1967,0.0796735221227402));
#3049=CARTESIAN_POINT('',(0.0872609324135535,-0.1967,0.0971735221227402));
#3050=CARTESIAN_POINT('Origin',(-0.0677390675864465,0.132849599269703,0.0796735221227402));
#3051=CARTESIAN_POINT('',(-0.0677390675864465,-0.1822,0.0876735221227402));
#3052=CARTESIAN_POINT('',(-0.0677390675864465,0.132849599269703,0.0876735221227402));
#3053=CARTESIAN_POINT('Origin',(-0.0677390675864465,-0.1822,0.0796735221227402));
#3054=CARTESIAN_POINT('Origin',(-0.0677390675864465,-0.1822,0.0796735221227402));
#3055=CARTESIAN_POINT('',(-0.0677390675864465,-0.1822,0.0971735221227402));
#3056=CARTESIAN_POINT('Origin',(-0.0677390675864465,-0.1822,0.0796735221227402));
#3057=CARTESIAN_POINT('Origin',(-0.0677390675864465,-0.1967,0.0796735221227402));
#3058=CARTESIAN_POINT('',(-0.0677390675864465,-0.1967,0.0971735221227402));
#3059=CARTESIAN_POINT('Origin',(-0.0677390675864465,0.132849599269703,-0.0753264778772598));
#3060=CARTESIAN_POINT('',(-0.0677390675864465,-0.1822,-0.0673264778772598));
#3061=CARTESIAN_POINT('',(-0.0677390675864465,0.132849599269703,-0.0673264778772598));
#3062=CARTESIAN_POINT('Origin',(-0.0677390675864465,-0.1822,-0.0753264778772598));
#3063=CARTESIAN_POINT('Origin',(-0.0677390675864465,-0.1822,-0.0753264778772598));
#3064=CARTESIAN_POINT('',(-0.0677390675864465,-0.1822,-0.0578264778772598));
#3065=CARTESIAN_POINT('Origin',(-0.0677390675864465,-0.1822,-0.0753264778772598));
#3066=CARTESIAN_POINT('Origin',(-0.0677390675864465,-0.1967,-0.0753264778772598));
#3067=CARTESIAN_POINT('',(-0.0677390675864465,-0.1967,-0.0578264778772598));
#3068=CARTESIAN_POINT('Origin',(0.0872609324135535,0.132849599269703,-0.0753264778772598));
#3069=CARTESIAN_POINT('',(0.0872609324135535,-0.1822,-0.0673264778772598));
#3070=CARTESIAN_POINT('',(0.0872609324135535,0.132849599269703,-0.0673264778772598));
#3071=CARTESIAN_POINT('Origin',(0.0872609324135535,-0.1822,-0.0753264778772598));
#3072=CARTESIAN_POINT('Origin',(0.0872609324135535,-0.1822,-0.0753264778772598));
#3073=CARTESIAN_POINT('',(0.0872609324135535,-0.1822,-0.0578264778772598));
#3074=CARTESIAN_POINT('Origin',(0.0872609324135535,-0.1822,-0.0753264778772598));
#3075=CARTESIAN_POINT('Origin',(0.0872609324135535,-0.1967,-0.0753264778772598));
#3076=CARTESIAN_POINT('',(0.0872609324135535,-0.1967,-0.0578264778772598));
#3077=CARTESIAN_POINT('',(0.,0.,0.));
#3078=CARTESIAN_POINT('Origin',(0.0972609324135535,0.10282647787726,-0.0204));
#3079=CARTESIAN_POINT('',(0.114760932413553,0.0853264778772598,-0.0584));
#3080=CARTESIAN_POINT('',(0.0972609324135535,0.10282647787726,-0.0584));
#3081=CARTESIAN_POINT('',(0.0972609324135535,0.10282647787726,-0.0584));
#3082=CARTESIAN_POINT('',(0.0972609324135535,0.10282647787726,-0.0204));
#3083=CARTESIAN_POINT('',(0.0972609324135535,0.10282647787726,-0.0204));
#3084=CARTESIAN_POINT('',(0.114760932413553,0.0853264778772598,-0.0204));
#3085=CARTESIAN_POINT('',(0.0972609324135535,0.10282647787726,-0.0204));
#3086=CARTESIAN_POINT('',(0.114760932413553,0.0853264778772598,-0.0204));
#3087=CARTESIAN_POINT('Origin',(0.0972609324135535,0.10282647787726,-0.0204));
#3088=CARTESIAN_POINT('',(-0.0777390675864465,0.10282647787726,-0.0584));
#3089=CARTESIAN_POINT('',(0.0972609324135535,0.10282647787726,-0.0584));
#3090=CARTESIAN_POINT('',(-0.0777390675864465,0.10282647787726,-0.0204));
#3091=CARTESIAN_POINT('',(-0.0777390675864465,0.10282647787726,-0.0204));
#3092=CARTESIAN_POINT('',(0.0972609324135535,0.10282647787726,-0.0204));
#3093=CARTESIAN_POINT('Origin',(-0.0952390675864465,0.0853264778772598,
-0.0204));
#3094=CARTESIAN_POINT('',(-0.0952390675864465,0.0853264778772598,-0.0584));
#3095=CARTESIAN_POINT('',(-0.0952390675864465,0.0853264778772598,-0.0584));
#3096=CARTESIAN_POINT('',(-0.0952390675864465,0.0853264778772598,-0.0204));
#3097=CARTESIAN_POINT('',(-0.0952390675864465,0.0853264778772598,-0.0204));
#3098=CARTESIAN_POINT('',(-0.0952390675864465,0.0853264778772598,-0.0204));
#3099=CARTESIAN_POINT('Origin',(-0.0952390675864465,0.0853264778772598,
-0.0204));
#3100=CARTESIAN_POINT('',(-0.0952390675864465,-0.0896735221227402,-0.0584));
#3101=CARTESIAN_POINT('',(-0.0952390675864465,0.0853264778772598,-0.0584));
#3102=CARTESIAN_POINT('',(-0.0952390675864465,-0.0896735221227402,-0.0204));
#3103=CARTESIAN_POINT('',(-0.0952390675864465,-0.0896735221227402,-0.0204));
#3104=CARTESIAN_POINT('',(-0.0952390675864465,0.0853264778772598,-0.0204));
#3105=CARTESIAN_POINT('Origin',(-0.0952390675864465,-0.0896735221227402,
-0.0204));
#3106=CARTESIAN_POINT('',(-0.0777390675864465,-0.10717352212274,-0.0584));
#3107=CARTESIAN_POINT('',(-0.0952390675864465,-0.0896735221227402,-0.0584));
#3108=CARTESIAN_POINT('',(-0.0777390675864465,-0.10717352212274,-0.0204));
#3109=CARTESIAN_POINT('',(-0.0777390675864465,-0.10717352212274,-0.0204));
#3110=CARTESIAN_POINT('',(-0.0952390675864465,-0.0896735221227402,-0.0204));
#3111=CARTESIAN_POINT('Origin',(-0.0777390675864465,-0.10717352212274,-0.0204));
#3112=CARTESIAN_POINT('',(0.0972609324135535,-0.10717352212274,-0.0584));
#3113=CARTESIAN_POINT('',(-0.0777390675864465,-0.10717352212274,-0.0584));
#3114=CARTESIAN_POINT('',(0.0972609324135535,-0.10717352212274,-0.0204));
#3115=CARTESIAN_POINT('',(0.0972609324135535,-0.10717352212274,-0.0204));
#3116=CARTESIAN_POINT('',(-0.0777390675864465,-0.10717352212274,-0.0204));
#3117=CARTESIAN_POINT('Origin',(0.0972609324135535,-0.10717352212274,-0.0204));
#3118=CARTESIAN_POINT('',(0.114760932413553,-0.0896735221227402,-0.0584));
#3119=CARTESIAN_POINT('',(0.0972609324135535,-0.10717352212274,-0.0584));
#3120=CARTESIAN_POINT('',(0.114760932413553,-0.0896735221227402,-0.0204));
#3121=CARTESIAN_POINT('',(0.114760932413553,-0.0896735221227402,-0.0204));
#3122=CARTESIAN_POINT('',(0.0972609324135535,-0.10717352212274,-0.0204));
#3123=CARTESIAN_POINT('Origin',(0.114760932413553,-0.0896735221227402,-0.0204));
#3124=CARTESIAN_POINT('',(0.114760932413553,-0.0896735221227402,-0.0584));
#3125=CARTESIAN_POINT('',(0.114760932413553,-0.0896735221227402,-0.0204));
#3126=CARTESIAN_POINT('Origin',(0.00976093241355347,-0.00217352212274021,
-0.0204));
#3127=CARTESIAN_POINT('',(-0.0738865675864465,-0.0796735221227402,-0.0204));
#3128=CARTESIAN_POINT('Origin',(-0.0677390675864465,-0.0796735221227402,
-0.0204));
#3129=CARTESIAN_POINT('',(0.0811134324135535,-0.0796735221227402,-0.0204));
#3130=CARTESIAN_POINT('Origin',(0.0872609324135535,-0.0796735221227402,
-0.0204));
#3131=CARTESIAN_POINT('',(0.0811134324135535,0.0753264778772598,-0.0204));
#3132=CARTESIAN_POINT('Origin',(0.0872609324135535,0.0753264778772598,-0.0204));
#3133=CARTESIAN_POINT('',(-0.0738865675864465,0.0753264778772598,-0.0204));
#3134=CARTESIAN_POINT('Origin',(-0.0677390675864465,0.0753264778772598,
-0.0204));
#3135=CARTESIAN_POINT('',(0.0647609324135535,-0.0021735221227402,-0.0204));
#3136=CARTESIAN_POINT('Origin',(0.00976093241355349,-0.0021735221227402,
-0.0204));
#3137=CARTESIAN_POINT('Origin',(0.00976093241355347,-0.00217352212274021,
-0.0584));
#3138=CARTESIAN_POINT('',(-0.0738865675864465,-0.0796735221227402,-0.0584));
#3139=CARTESIAN_POINT('Origin',(-0.0677390675864465,-0.0796735221227402,
-0.0584));
#3140=CARTESIAN_POINT('',(0.0811134324135535,-0.0796735221227402,-0.0584));
#3141=CARTESIAN_POINT('Origin',(0.0872609324135535,-0.0796735221227402,
-0.0584));
#3142=CARTESIAN_POINT('',(0.0811134324135535,0.0753264778772598,-0.0584));
#3143=CARTESIAN_POINT('Origin',(0.0872609324135535,0.0753264778772598,-0.0584));
#3144=CARTESIAN_POINT('',(-0.0738865675864465,0.0753264778772598,-0.0584));
#3145=CARTESIAN_POINT('Origin',(-0.0677390675864465,0.0753264778772598,
-0.0584));
#3146=CARTESIAN_POINT('',(-0.0152390675864465,-0.0021735221227402,-0.0584));
#3147=CARTESIAN_POINT('Origin',(0.00976093241355349,-0.0021735221227402,
-0.0584));
#3148=CARTESIAN_POINT('Origin',(0.00976093241355349,-0.0021735221227402,
-0.0104));
#3149=CARTESIAN_POINT('',(0.0647609324135535,-0.0021735221227402,-0.0104));
#3150=CARTESIAN_POINT('',(0.0647609324135535,-0.00217352212274021,-0.0104));
#3151=CARTESIAN_POINT('Origin',(0.00976093241355349,-0.0021735221227402,
-0.0104));
#3152=CARTESIAN_POINT('Origin',(0.00976093241355349,-0.0021735221227402,
-0.0104));
#3153=CARTESIAN_POINT('',(-0.0152390675864465,-0.0021735221227402,-0.0104000000000001));
#3154=CARTESIAN_POINT('Origin',(0.00976093241355349,-0.0021735221227402,
-0.0104));
#3155=CARTESIAN_POINT('Origin',(0.00976093241355349,-0.0021735221227402,
-0.216217058074953));
#3156=CARTESIAN_POINT('',(-0.0152390675864465,-0.0021735221227402,-0.216217058074953));
#3157=CARTESIAN_POINT('Origin',(-0.0677390675864465,0.0753264778772598,
-0.32123882728132));
#3158=CARTESIAN_POINT('',(-0.0738865675864465,0.0753264778772598,-0.32123882728132));
#3159=CARTESIAN_POINT('Origin',(0.0872609324135535,0.0753264778772598,-0.32123882728132));
#3160=CARTESIAN_POINT('',(0.0811134324135535,0.0753264778772598,-0.32123882728132));
#3161=CARTESIAN_POINT('Origin',(0.0872609324135535,-0.0796735221227402,
-0.32123882728132));
#3162=CARTESIAN_POINT('',(0.0811134324135535,-0.0796735221227402,-0.32123882728132));
#3163=CARTESIAN_POINT('Origin',(-0.0677390675864465,-0.0796735221227402,
-0.32123882728132));
#3164=CARTESIAN_POINT('',(-0.0738865675864465,-0.0796735221227402,-0.32123882728132));
#3165=CARTESIAN_POINT('',(0.,0.,0.));
#3166=CARTESIAN_POINT('Origin',(-0.006,-0.008,-0.236));
#3167=CARTESIAN_POINT('',(0.0015,0.002,-0.015));
#3168=CARTESIAN_POINT('',(0.0015,0.002,0.0585));
#3169=CARTESIAN_POINT('',(0.0015,0.002,-0.015));
#3170=CARTESIAN_POINT('',(-0.0185,-0.008,0.0585));
#3171=CARTESIAN_POINT('Origin',(-0.006,-0.008,0.0585));
#3172=CARTESIAN_POINT('',(-0.0185,-0.008,-0.2345));
#3173=CARTESIAN_POINT('',(-0.0185,-0.008,-0.236));
#3174=CARTESIAN_POINT('Origin',(-0.006,-0.008,-0.2345));
#3175=CARTESIAN_POINT('',(-0.0135,0.002,0.0585));
#3176=CARTESIAN_POINT('Origin',(-0.006,-0.008,0.0585));
#3177=CARTESIAN_POINT('',(-0.0135,0.002,-0.015));
#3178=CARTESIAN_POINT('',(-0.0135,0.002,-0.015));
#3179=CARTESIAN_POINT('Origin',(-0.006,-0.008,-0.015));
#3180=CARTESIAN_POINT('Origin',(-0.006,-0.008,-0.236));
#3181=CARTESIAN_POINT('',(-0.017,-0.008,-0.236));
#3182=CARTESIAN_POINT('Origin',(-0.006,-0.008,-0.236));
#3183=CARTESIAN_POINT('Origin',(-0.006,-0.008,0.06));
#3184=CARTESIAN_POINT('',(-0.00141742430504417,0.002,0.06));
#3185=CARTESIAN_POINT('',(-0.0105825756949558,0.002,0.06));
#3186=CARTESIAN_POINT('',(-0.0135,0.002,0.06));
#3187=CARTESIAN_POINT('Origin',(-0.006,-0.008,0.06));
#3188=CARTESIAN_POINT('Origin',(-0.0135,0.002,-0.015));
#3189=CARTESIAN_POINT('Ctrl Pts',(-0.0135,0.002,0.0585));
#3190=CARTESIAN_POINT('Ctrl Pts',(-0.0119481785610653,0.002,0.0594310928633608));
#3191=CARTESIAN_POINT('Ctrl Pts',(-0.0105825756948103,0.002,0.0600000000000606));
#3192=CARTESIAN_POINT('Ctrl Pts',(-0.00141742430518959,0.002,0.0600000000000606));
#3193=CARTESIAN_POINT('Ctrl Pts',(-5.18214389346229E-5,0.002,0.0594310928633608));
#3194=CARTESIAN_POINT('Ctrl Pts',(0.00150000000000003,0.002,0.0585));
#3195=CARTESIAN_POINT('',(-0.0135,0.002,-0.015));
#3196=CARTESIAN_POINT('Origin',(-0.006,-0.008,-0.015));
#3197=CARTESIAN_POINT('Origin',(-0.006,-0.008,0.0585));
#3198=CARTESIAN_POINT('Origin',(-0.006,-0.008,-0.236));
#3199=CARTESIAN_POINT('',(-0.017,-0.008,-0.236));
#3200=CARTESIAN_POINT('',(0.,0.,0.));
#3201=CARTESIAN_POINT('',(-7.09358431262987E-33,-8.67361737988404E-17,-5.42101086242752E-17));
#3202=CARTESIAN_POINT('',(3.46944695195361E-18,2.60208521396521E-18,0.0227));
#3203=CARTESIAN_POINT('',(0.,2.99760216648792E-17,0.0523));
#3204=CARTESIAN_POINT('',(0.,0.,0.235));
#3205=CARTESIAN_POINT('',(-0.0342390675864465,-0.00217352212274021,0.2577));
#3206=UNCERTAINTY_MEASURE_WITH_UNIT(LENGTH_MEASURE(1.E-5),#3222,
'DISTANCE_ACCURACY_VALUE',
'Maximum model space distance between geometric entities at asserted c
onnectivities');
#3207=UNCERTAINTY_MEASURE_WITH_UNIT(LENGTH_MEASURE(1.E-5),#3222,
'DISTANCE_ACCURACY_VALUE',
'Maximum model space distance between geometric entities at asserted c
onnectivities');
#3208=UNCERTAINTY_MEASURE_WITH_UNIT(LENGTH_MEASURE(1.E-5),#3222,
'DISTANCE_ACCURACY_VALUE',
'Maximum model space distance between geometric entities at asserted c
onnectivities');
#3209=UNCERTAINTY_MEASURE_WITH_UNIT(LENGTH_MEASURE(1.E-5),#3222,
'DISTANCE_ACCURACY_VALUE',
'Maximum model space distance between geometric entities at asserted c
onnectivities');
#3210=UNCERTAINTY_MEASURE_WITH_UNIT(LENGTH_MEASURE(1.E-5),#3222,
'DISTANCE_ACCURACY_VALUE',
'Maximum model space distance between geometric entities at asserted c
onnectivities');
#3211=UNCERTAINTY_MEASURE_WITH_UNIT(LENGTH_MEASURE(1.E-5),#3222,
'DISTANCE_ACCURACY_VALUE',
'Maximum model space distance between geometric entities at asserted c
onnectivities');
#3212=UNCERTAINTY_MEASURE_WITH_UNIT(LENGTH_MEASURE(1.E-5),#3222,
'DISTANCE_ACCURACY_VALUE',
'Maximum model space distance between geometric entities at asserted c
onnectivities');
#3213=UNCERTAINTY_MEASURE_WITH_UNIT(LENGTH_MEASURE(1.E-5),#3222,
'DISTANCE_ACCURACY_VALUE',
'Maximum model space distance between geometric entities at asserted c
onnectivities');
#3214=(
GEOMETRIC_REPRESENTATION_CONTEXT(3)
GLOBAL_UNCERTAINTY_ASSIGNED_CONTEXT((#3206))
GLOBAL_UNIT_ASSIGNED_CONTEXT((#3222,#3223,#3224))
REPRESENTATION_CONTEXT('','3D')
);
#3215=(
GEOMETRIC_REPRESENTATION_CONTEXT(3)
GLOBAL_UNCERTAINTY_ASSIGNED_CONTEXT((#3207))
GLOBAL_UNIT_ASSIGNED_CONTEXT((#3222,#3223,#3224))
REPRESENTATION_CONTEXT('','3D')
);
#3216=(
GEOMETRIC_REPRESENTATION_CONTEXT(3)
GLOBAL_UNCERTAINTY_ASSIGNED_CONTEXT((#3208))
GLOBAL_UNIT_ASSIGNED_CONTEXT((#3222,#3223,#3224))
REPRESENTATION_CONTEXT('','3D')
);
#3217=(
GEOMETRIC_REPRESENTATION_CONTEXT(3)
GLOBAL_UNCERTAINTY_ASSIGNED_CONTEXT((#3209))
GLOBAL_UNIT_ASSIGNED_CONTEXT((#3222,#3223,#3224))
REPRESENTATION_CONTEXT('','3D')
);
#3218=(
GEOMETRIC_REPRESENTATION_CONTEXT(3)
GLOBAL_UNCERTAINTY_ASSIGNED_CONTEXT((#3210))
GLOBAL_UNIT_ASSIGNED_CONTEXT((#3222,#3223,#3224))
REPRESENTATION_CONTEXT('','3D')
);
#3219=(
GEOMETRIC_REPRESENTATION_CONTEXT(3)
GLOBAL_UNCERTAINTY_ASSIGNED_CONTEXT((#3211))
GLOBAL_UNIT_ASSIGNED_CONTEXT((#3222,#3223,#3224))
REPRESENTATION_CONTEXT('','3D')
);
#3220=(
GEOMETRIC_REPRESENTATION_CONTEXT(3)
GLOBAL_UNCERTAINTY_ASSIGNED_CONTEXT((#3212))
GLOBAL_UNIT_ASSIGNED_CONTEXT((#3222,#3223,#3224))
REPRESENTATION_CONTEXT('','3D')
);
#3221=(
GEOMETRIC_REPRESENTATION_CONTEXT(3)
GLOBAL_UNCERTAINTY_ASSIGNED_CONTEXT((#3213))
GLOBAL_UNIT_ASSIGNED_CONTEXT((#3222,#3223,#3224))
REPRESENTATION_CONTEXT('','3D')
);
#3222=(
LENGTH_UNIT()
NAMED_UNIT(*)
SI_UNIT($,.METRE.)
);
#3223=(
NAMED_UNIT(*)
PLANE_ANGLE_UNIT()
SI_UNIT($,.RADIAN.)
);
#3224=(
NAMED_UNIT(*)
SI_UNIT($,.STERADIAN.)
SOLID_ANGLE_UNIT()
);
#3225=SHAPE_DEFINITION_REPRESENTATION(#3232,#3245);
#3226=SHAPE_DEFINITION_REPRESENTATION(#3233,#3246);
#3227=SHAPE_DEFINITION_REPRESENTATION(#3234,#3247);
#3228=SHAPE_DEFINITION_REPRESENTATION(#3235,#3248);
#3229=SHAPE_DEFINITION_REPRESENTATION(#3236,#3249);
#3230=SHAPE_DEFINITION_REPRESENTATION(#3237,#3250);
#3231=SHAPE_DEFINITION_REPRESENTATION(#3238,#3251);
#3232=PRODUCT_DEFINITION_SHAPE('',$,#3253);
#3233=PRODUCT_DEFINITION_SHAPE('',$,#3254);
#3234=PRODUCT_DEFINITION_SHAPE('',$,#3255);
#3235=PRODUCT_DEFINITION_SHAPE('',$,#3256);
#3236=PRODUCT_DEFINITION_SHAPE('',$,#3257);
#3237=PRODUCT_DEFINITION_SHAPE('',$,#3258);
#3238=PRODUCT_DEFINITION_SHAPE('',$,#3259);
#3239=PRODUCT_DEFINITION_SHAPE($,$,#29);
#3240=PRODUCT_DEFINITION_SHAPE($,$,#30);
#3241=PRODUCT_DEFINITION_SHAPE($,$,#31);
#3242=PRODUCT_DEFINITION_SHAPE($,$,#32);
#3243=PRODUCT_DEFINITION_SHAPE($,$,#33);
#3244=PRODUCT_DEFINITION_SHAPE($,$,#34);
#3245=SHAPE_REPRESENTATION('',(#1975,#2153,#2154),#3214);
#3246=SHAPE_REPRESENTATION('',(#1976),#3215);
#3247=SHAPE_REPRESENTATION('',(#2008,#2149,#2150,#2151,#2152),#3216);
#3248=SHAPE_REPRESENTATION('',(#2009),#3217);
#3249=SHAPE_REPRESENTATION('',(#2059),#3218);
#3250=SHAPE_REPRESENTATION('',(#2105),#3219);
#3251=SHAPE_REPRESENTATION('',(#2135),#3220);
#3252=PRODUCT_DEFINITION_CONTEXT('part definition',#3275,'design');
#3253=PRODUCT_DEFINITION('isexportSSAssembly(COPY)',
'isexportSSAssembly(COPY) v2',#3260,#3252);
#3254=PRODUCT_DEFINITION('5MotorMount','5MotorMount v1',#3261,#3252);
#3255=PRODUCT_DEFINITION('NEMA 17 - MS17HD2','NEMA v2',#3262,#3252);
#3256=PRODUCT_DEFINITION('Middle part','Middle part',#3263,#3252);
#3257=PRODUCT_DEFINITION('Bottom plate','Bottom plate',#3264,#3252);
#3258=PRODUCT_DEFINITION('Top plate','Top plate',#3265,#3252);
#3259=PRODUCT_DEFINITION('Stepper shaft','Stepper shaft',#3266,#3252);
#3260=PRODUCT_DEFINITION_FORMATION('',$,#3277);
#3261=PRODUCT_DEFINITION_FORMATION('',$,#3278);
#3262=PRODUCT_DEFINITION_FORMATION('',$,#3279);
#3263=PRODUCT_DEFINITION_FORMATION('',$,#3280);
#3264=PRODUCT_DEFINITION_FORMATION('',$,#3281);
#3265=PRODUCT_DEFINITION_FORMATION('',$,#3282);
#3266=PRODUCT_DEFINITION_FORMATION('',$,#3283);
#3267=PRODUCT_RELATED_PRODUCT_CATEGORY('isexportSSAssembly(COPY) v2',
'isexportSSAssembly(COPY) v2',(#3277));
#3268=PRODUCT_RELATED_PRODUCT_CATEGORY('5MotorMount v1',
'5MotorMount v1',(#3278));
#3269=PRODUCT_RELATED_PRODUCT_CATEGORY('NEMA v2','NEMA v2',(#3279));
#3270=PRODUCT_RELATED_PRODUCT_CATEGORY('Middle part','Middle part',(#3280));
#3271=PRODUCT_RELATED_PRODUCT_CATEGORY('Bottom plate','Bottom plate',(#3281));
#3272=PRODUCT_RELATED_PRODUCT_CATEGORY('Top plate','Top plate',(#3282));
#3273=PRODUCT_RELATED_PRODUCT_CATEGORY('Stepper shaft','Stepper shaft',
(#3283));
#3274=APPLICATION_PROTOCOL_DEFINITION('international standard',
'automotive_design',2009,#3275);
#3275=APPLICATION_CONTEXT(
'Core Data for Automotive Mechanical Design Process');
#3276=PRODUCT_CONTEXT('part definition',#3275,'mechanical');
#3277=PRODUCT('isexportSSAssembly(COPY)','isexportSSAssembly(COPY) v2',
$,(#3276));
#3278=PRODUCT('5MotorMount','5MotorMount v1',$,(#3276));
#3279=PRODUCT('NEMA 17 - MS17HD2','NEMA v2','Unknown',(#3276));
#3280=PRODUCT('Middle part','Middle part','Middle part',(#3276));
#3281=PRODUCT('Bottom plate','Bottom plate','Bottom plate',(#3276));
#3282=PRODUCT('Top plate','Top plate','Top plate',(#3276));
#3283=PRODUCT('Stepper shaft','Stepper shaft','Stepper shaft',(#3276));
#3284=PRESENTATION_STYLE_ASSIGNMENT((#3290));
#3285=PRESENTATION_STYLE_ASSIGNMENT((#3291));
#3286=PRESENTATION_STYLE_ASSIGNMENT((#3292));
#3287=PRESENTATION_STYLE_ASSIGNMENT((#3293));
#3288=PRESENTATION_STYLE_ASSIGNMENT((#3294));
#3289=PRESENTATION_STYLE_ASSIGNMENT((#3295));
#3290=SURFACE_STYLE_USAGE(.BOTH.,#3296);
#3291=SURFACE_STYLE_USAGE(.BOTH.,#3297);
#3292=SURFACE_STYLE_USAGE(.BOTH.,#3298);
#3293=SURFACE_STYLE_USAGE(.BOTH.,#3299);
#3294=SURFACE_STYLE_USAGE(.BOTH.,#3300);
#3295=SURFACE_STYLE_USAGE(.BOTH.,#3301);
#3296=SURFACE_SIDE_STYLE('',(#3302));
#3297=SURFACE_SIDE_STYLE('',(#3303));
#3298=SURFACE_SIDE_STYLE('',(#3304));
#3299=SURFACE_SIDE_STYLE('',(#3305));
#3300=SURFACE_SIDE_STYLE('',(#3306));
#3301=SURFACE_SIDE_STYLE('',(#3307));
#3302=SURFACE_STYLE_FILL_AREA(#3308);
#3303=SURFACE_STYLE_FILL_AREA(#3309);
#3304=SURFACE_STYLE_FILL_AREA(#3310);
#3305=SURFACE_STYLE_FILL_AREA(#3311);
#3306=SURFACE_STYLE_FILL_AREA(#3312);
#3307=SURFACE_STYLE_FILL_AREA(#3313);
#3308=FILL_AREA_STYLE('Steel - Satin',(#3314));
#3309=FILL_AREA_STYLE('Powder Coat - Rough (Dark Grey)',(#3315));
#3310=FILL_AREA_STYLE('Opaque(55,55,55)',(#3316));
#3311=FILL_AREA_STYLE('Opaque(209,209,209)',(#3317));
#3312=FILL_AREA_STYLE('Opaque(48,191,148)',(#3318));
#3313=FILL_AREA_STYLE('Opaque(189,198,204)',(#3319));
#3314=FILL_AREA_STYLE_COLOUR('Steel - Satin',#3320);
#3315=FILL_AREA_STYLE_COLOUR('Powder Coat - Rough (Dark Grey)',#3321);
#3316=FILL_AREA_STYLE_COLOUR('Opaque(55,55,55)',#3322);
#3317=FILL_AREA_STYLE_COLOUR('Opaque(209,209,209)',#3323);
#3318=FILL_AREA_STYLE_COLOUR('Opaque(48,191,148)',#3324);
#3319=FILL_AREA_STYLE_COLOUR('Opaque(189,198,204)',#3325);
#3320=COLOUR_RGB('Steel - Satin',0.627450980392157,0.627450980392157,0.627450980392157);
#3321=COLOUR_RGB('Powder Coat - Rough (Dark Grey)',0.349019607843137,0.349019607843137,
0.349019607843137);
#3322=COLOUR_RGB('Opaque(55,55,55)',0.215686274509804,0.215686274509804,
0.215686274509804);
#3323=COLOUR_RGB('Opaque(209,209,209)',0.819607843137255,0.819607843137255,
0.819607843137255);
#3324=COLOUR_RGB('Opaque(48,191,148)',0.188235294117647,0.749019607843137,
0.580392156862745);
#3325=COLOUR_RGB('Opaque(189,198,204)',0.741176470588235,0.776470588235294,
0.8);
ENDSEC;
END-ISO-10303-21;
